booking_id;guest_id;property_id;check_in;check_out;nights;total_price;book_status;source;assigned_to
book_0004;gst_1538;prop_43;2026-01-01 15:00:00;2026-01-03 11:00:00;2;1713.0;completed;Booking.com;GRO_831
book_0007;gst_1957;prop_66;2026-01-04 15:00:00;2026-01-06 11:00:00;2;927.1;completed;Direct;GRO_390
book_0011;gst_3578;prop_65;2026-01-05 15:00:00;2026-01-08 11:00:00;3;1708.75;completed;Direct;GRO_254
book_0012;gst_0810;prop_20;2026-01-06 15:00:00;2026-01-09 11:00:00;3;1696.53;completed;Booking.com;GRO_612
book_0014;gst_2631;prop_15;2026-01-03 15:00:00;2026-01-05 11:00:00;2;1263.73;confirmed;Booking.com;GRO_254
book_0027;gst_3206;prop_67;2026-01-03 15:00:00;2026-01-06 11:00:00;3;9063.25;completed;Direct;GRO_612
book_0028;gst_0724;prop_3;2026-01-01 15:00:00;2026-01-03 11:00:00;2;1036.2;completed;Direct;GRO_612
book_0035;gst_4335;prop_1;2026-01-04 15:00:00;2026-01-06 11:00:00;2;1336.24;completed;Direct;GRO_612
book_0036;gst_1831;prop_42;2026-01-03 15:00:00;2026-01-06 11:00:00;3;1727.95;completed;Direct;GRO_254
book_0038;gst_0600;prop_35;2026-01-03 15:00:00;2026-01-05 11:00:00;0;0;cancelled;Airbnb;GRO_831
book_0041;gst_0523;prop_61;2026-01-06 15:00:00;2026-01-09 11:00:00;3;2748.2;completed;Airbnb;GRO_831
book_0051;gst_1526;prop_69;2026-01-04 15:00:00;2026-01-07 11:00:00;0;0;cancelled;Booking.com;GRO_612
book_0052;gst_2936;prop_31;2026-01-01 15:00:00;2026-01-03 11:00:00;2;326.7;completed;Booking.com;GRO_612
book_0055;gst_4164;prop_2;2026-01-04 15:00:00;2026-01-06 11:00:00;2;1219.88;completed;Direct;GRO_831
book_0065;gst_3819;prop_40;2026-01-06 15:00:00;2026-01-08 11:00:00;2;1325.63;completed;Direct;GRO_831
book_0071;gst_1081;prop_43;2026-01-05 15:00:00;2026-01-07 11:00:00;2;1713.0;completed;Booking.com;GRO_831
book_0073;gst_2612;prop_3;2026-01-04 15:00:00;2026-01-06 11:00:00;2;1036.2;completed;Direct;GRO_254
book_0075;gst_0270;prop_31;2026-01-07 15:00:00;2026-01-10 11:00:00;3;447.19;completed;Booking.com;GRO_390
book_0089;gst_1430;prop_15;2026-01-09 15:00:00;2026-01-11 11:00:00;2;1263.73;completed;Booking.com;GRO_390
book_0093;gst_4499;prop_35;2026-01-09 15:00:00;2026-01-12 11:00:00;3;1727.59;completed;Airbnb;GRO_831
book_0100;gst_1557;prop_66;2026-01-10 15:00:00;2026-01-13 11:00:00;3;1348.0;completed;Direct;GRO_254
book_0104;gst_1252;prop_67;2026-01-09 15:00:00;2026-01-11 11:00:00;2;6167.0;completed;Booking.com;GRO_831
book_0105;gst_1856;prop_3;2026-01-07 15:00:00;2026-01-10 11:00:00;3;1516.7;completed;Booking.com;GRO_831
book_0106;gst_2059;prop_1;2026-01-11 15:00:00;2026-01-14 11:00:00;3;1816.74;completed;Airbnb;GRO_390
book_0107;gst_1451;prop_42;2026-01-10 15:00:00;2026-01-13 11:00:00;3;1727.95;completed;Direct;GRO_254
book_0116;gst_0233;prop_2;2026-01-09 15:00:00;2026-01-12 11:00:00;3;1640.57;completed;Airbnb;GRO_831
book_0120;gst_3558;prop_43;2026-01-11 15:00:00;2026-01-14 11:00:00;3;2502.25;completed;Booking.com;GRO_390
book_0130;gst_1098;prop_69;2026-01-10 15:00:00;2026-01-13 11:00:00;3;1768.64;completed;Airbnb;GRO_254
book_0135;gst_3061;prop_65;2026-01-13 15:00:00;2026-01-15 11:00:00;0;0;cancelled;Direct;GRO_612
book_0143;gst_1305;prop_40;2026-01-11 15:00:00;2026-01-13 11:00:00;2;1325.63;completed;Direct;GRO_831
book_0149;gst_1541;prop_20;2026-01-14 15:00:00;2026-01-17 11:00:00;3;1696.53;completed;Direct;GRO_831
book_0156;gst_3161;prop_61;2026-01-09 15:00:00;2026-01-12 11:00:00;3;2748.2;completed;Airbnb;GRO_254
book_0166;gst_0775;prop_3;2026-01-14 15:00:00;2026-01-17 11:00:00;3;1516.7;completed;Booking.com;GRO_831
book_0169;gst_3396;prop_31;2026-01-12 15:00:00;2026-01-14 11:00:00;2;326.7;completed;Direct;GRO_831
book_0172;gst_0506;prop_15;2026-01-13 15:00:00;2026-01-15 11:00:00;0;0;cancelled;Airbnb;GRO_612
book_0174;gst_4275;prop_67;2026-01-16 15:00:00;2026-01-19 11:00:00;3;9063.25;completed;Airbnb;GRO_254
book_0187;gst_0872;prop_35;2026-01-13 15:00:00;2026-01-15 11:00:00;2;1276.81;completed;Booking.com;GRO_831
book_0189;gst_0858;prop_61;2026-01-13 15:00:00;2026-01-16 11:00:00;3;2748.2;completed;Airbnb;GRO_831
book_0191;gst_3122;prop_2;2026-01-15 15:00:00;2026-01-17 11:00:00;2;1219.88;completed;Booking.com;GRO_254
book_0198;gst_0900;prop_66;2026-01-15 15:00:00;2026-01-17 11:00:00;2;927.1;completed;Airbnb;GRO_612
book_0204;gst_3242;prop_42;2026-01-13 15:00:00;2026-01-15 11:00:00;0;0;cancelled;Booking.com;GRO_390
book_0211;gst_2285;prop_69;2026-01-16 15:00:00;2026-01-18 11:00:00;2;1287.65;completed;Booking.com;GRO_254
book_0216;gst_4102;prop_40;2026-01-17 15:00:00;2026-01-20 11:00:00;3;1813.32;completed;Direct;GRO_612
book_0219;gst_0831;prop_43;2026-01-16 15:00:00;2026-01-19 11:00:00;3;2502.25;completed;Booking.com;GRO_831
book_0228;gst_0943;prop_1;2026-01-14 15:00:00;2026-01-16 11:00:00;0;0;cancelled;Airbnb;GRO_831
book_0230;gst_1962;prop_31;2026-01-14 15:00:00;2026-01-16 11:00:00;2;326.7;completed;Direct;GRO_612
book_0234;gst_3064;prop_65;2026-01-19 15:00:00;2026-01-22 11:00:00;3;1708.75;completed;Direct;GRO_254
book_0235;gst_2457;prop_15;2026-01-20 15:00:00;2026-01-23 11:00:00;3;1752.73;completed;Booking.com;GRO_831
book_0240;gst_4479;prop_42;2026-01-20 15:00:00;2026-01-23 11:00:00;3;1727.95;completed;Airbnb;GRO_390
book_0241;gst_4171;prop_35;2026-01-15 15:00:00;2026-01-17 11:00:00;2;1276.81;completed;Direct;GRO_831
book_0254;gst_2166;prop_1;2026-01-16 15:00:00;2026-01-19 11:00:00;0;0;cancelled;Booking.com;GRO_254
book_0257;gst_4405;prop_61;2026-01-18 15:00:00;2026-01-21 11:00:00;3;2748.2;completed;Direct;GRO_831
book_0260;gst_4310;prop_31;2026-01-21 15:00:00;2026-01-24 11:00:00;3;447.19;completed;Airbnb;GRO_612
book_0264;gst_4297;prop_66;2026-01-22 15:00:00;2026-01-24 11:00:00;2;927.1;completed;Direct;GRO_612
book_0265;gst_0001;prop_20;2026-01-17 15:00:00;2026-01-20 11:00:00;3;1696.53;completed;Direct;GRO_831
book_0269;gst_2722;prop_3;2026-01-22 15:00:00;2026-01-25 11:00:00;3;1516.7;completed;Airbnb;GRO_612
book_0271;gst_4287;prop_35;2026-01-21 15:00:00;2026-01-23 11:00:00;2;1276.81;completed;Booking.com;GRO_831
book_0275;gst_2120;prop_2;2026-01-21 15:00:00;2026-01-24 11:00:00;3;1640.57;completed;Direct;GRO_390
book_0294;gst_0110;prop_69;2026-01-21 15:00:00;2026-01-24 11:00:00;0;0;cancelled;Direct;GRO_612
book_0298;gst_0259;prop_43;2026-01-21 15:00:00;2026-01-23 11:00:00;2;1713.0;completed;Airbnb;GRO_390
book_0301;gst_2950;prop_67;2026-01-19 15:00:00;2026-01-22 11:00:00;0;0;cancelled;Booking.com;GRO_254
book_0303;gst_3100;prop_1;2026-01-23 15:00:00;2026-01-25 11:00:00;2;1336.24;completed;Booking.com;GRO_612
book_0309;gst_3369;prop_20;2026-01-23 15:00:00;2026-01-25 11:00:00;2;1246.28;completed;Booking.com;GRO_254
book_0318;gst_1588;prop_40;2026-01-25 15:00:00;2026-01-28 11:00:00;3;1813.32;completed;Airbnb;GRO_254
book_0325;gst_1692;prop_61;2026-01-24 15:00:00;2026-01-26 11:00:00;2;1947.21;completed;Booking.com;GRO_831
book_0331;gst_1123;prop_65;2026-01-26 15:00:00;2026-01-29 11:00:00;3;1708.75;completed;Airbnb;GRO_612
book_0332;gst_1645;prop_67;2026-01-27 15:00:00;2026-01-30 11:00:00;3;9063.25;completed;Booking.com;GRO_390
book_0343;gst_0731;prop_43;2026-01-28 15:00:00;2026-01-30 11:00:00;2;1713.0;completed;Airbnb;GRO_254
book_0344;gst_2891;prop_15;2026-01-28 15:00:00;2026-01-31 11:00:00;3;1752.73;completed;Direct;GRO_254
book_0351;gst_0348;prop_42;2026-01-24 15:00:00;2026-01-26 11:00:00;2;1277.05;completed;Direct;GRO_254
book_0352;gst_3504;prop_35;2026-01-23 15:00:00;2026-01-25 11:00:00;0;0;cancelled;Direct;GRO_831
book_0355;gst_2495;prop_66;2026-01-26 15:00:00;2026-01-28 11:00:00;2;927.1;completed;Direct;GRO_612
book_0365;gst_1420;prop_69;2026-01-28 15:00:00;2026-01-30 11:00:00;2;1287.65;completed;Direct;GRO_612
book_0366;gst_1080;prop_31;2026-01-24 15:00:00;2026-01-26 11:00:00;2;326.7;completed;Airbnb;GRO_831
book_0369;gst_0002;prop_2;2026-01-29 15:00:00;2026-01-31 11:00:00;2;1219.88;completed;Booking.com;GRO_612
book_0377;gst_2951;prop_20;2026-01-25 15:00:00;2026-01-28 11:00:00;3;1696.53;completed;Direct;GRO_831
book_0381;gst_0916;prop_3;2026-01-29 15:00:00;2026-02-01 11:00:00;3;1516.7;completed;Airbnb;GRO_831
book_0383;gst_0376;prop_1;2026-01-29 15:00:00;2026-02-01 11:00:00;3;1816.74;completed;Direct;GRO_390
book_0384;gst_3418;prop_35;2026-01-26 15:00:00;2026-01-29 11:00:00;3;1727.59;completed;Booking.com;GRO_254
book_0397;gst_1121;prop_42;2026-01-30 15:00:00;2026-02-02 11:00:00;3;1727.95;completed;Booking.com;GRO_612
book_0399;gst_1484;prop_61;2026-01-31 15:00:00;2026-02-03 11:00:00;3;2748.2;completed;Direct;GRO_390
book_0404;gst_3109;prop_31;2026-01-28 15:00:00;2026-01-30 11:00:00;2;326.7;completed;Booking.com;GRO_390
book_0415;gst_3051;prop_66;2026-01-29 15:00:00;2026-01-31 11:00:00;2;927.1;completed;Direct;GRO_390
book_0416;gst_3070;prop_20;2026-02-01 15:00:00;2026-02-03 11:00:00;2;1246.28;completed;Direct;GRO_390
book_0425;gst_3053;prop_40;2026-01-28 15:00:00;2026-01-30 11:00:00;2;1325.63;completed;Direct;GRO_612
book_0428;gst_4454;prop_65;2026-01-31 15:00:00;2026-02-03 11:00:00;3;1708.75;completed;Direct;GRO_612
book_0430;gst_0708;prop_35;2026-01-31 15:00:00;2026-02-02 11:00:00;2;1276.81;completed;Direct;GRO_831
book_0436;gst_1727;prop_43;2026-02-02 15:00:00;2026-02-04 11:00:00;2;1713.0;completed;Direct;GRO_831
book_0444;gst_3056;prop_67;2026-01-31 15:00:00;2026-02-03 11:00:00;3;9063.25;completed;Direct;GRO_612
book_0447;gst_2004;prop_69;2026-02-04 15:00:00;2026-02-06 11:00:00;2;1287.65;completed;Direct;GRO_831
book_0448;gst_4219;prop_31;2026-01-31 15:00:00;2026-02-03 11:00:00;3;447.19;completed;Direct;GRO_254
book_0450;gst_1718;prop_40;2026-02-02 15:00:00;2026-02-05 11:00:00;3;1813.32;completed;Direct;GRO_831
book_0454;gst_0682;prop_66;2026-02-03 15:00:00;2026-02-06 11:00:00;3;1348.0;completed;Direct;GRO_831
book_0456;gst_3235;prop_15;2026-01-31 15:00:00;2026-02-02 11:00:00;2;1263.73;completed;Booking.com;GRO_254
book_0464;gst_3892;prop_2;2026-02-02 15:00:00;2026-02-05 11:00:00;3;1640.57;completed;Direct;GRO_390
book_0469;gst_0214;prop_3;2026-02-02 15:00:00;2026-02-05 11:00:00;3;1516.7;completed;Direct;GRO_831
book_0472;gst_0106;prop_1;2026-02-05 15:00:00;2026-02-07 11:00:00;2;1336.24;completed;Airbnb;GRO_831
book_0484;gst_1697;prop_15;2026-02-02 15:00:00;2026-02-05 11:00:00;3;1752.73;completed;Booking.com;GRO_390
book_0491;gst_0966;prop_42;2026-02-07 15:00:00;2026-02-10 11:00:00;3;1727.95;completed;Booking.com;GRO_390
book_0492;gst_3935;prop_35;2026-02-03 15:00:00;2026-02-05 11:00:00;0;0;cancelled;Airbnb;GRO_612
book_0499;gst_0926;prop_65;2026-02-06 15:00:00;2026-02-08 11:00:00;2;1247.76;completed;Direct;GRO_831
book_0500;gst_4377;prop_20;2026-02-06 15:00:00;2026-02-08 11:00:00;2;1246.28;completed;Direct;GRO_831
book_0505;gst_3147;prop_67;2026-02-03 15:00:00;2026-02-06 11:00:00;3;9063.25;completed;Airbnb;GRO_254
book_0506;gst_4046;prop_61;2026-02-08 15:00:00;2026-02-10 11:00:00;2;1947.21;completed;Direct;GRO_612
book_0509;gst_4186;prop_31;2026-02-05 15:00:00;2026-02-08 11:00:00;0;0;cancelled;Direct;GRO_390
book_0513;gst_0656;prop_43;2026-02-09 15:00:00;2026-02-12 11:00:00;3;2502.25;completed;Direct;GRO_254
book_0523;gst_1206;prop_15;2026-02-09 15:00:00;2026-02-12 11:00:00;3;1752.73;completed;Direct;GRO_831
book_0527;gst_0618;prop_3;2026-02-09 15:00:00;2026-02-11 11:00:00;2;1036.2;completed;Booking.com;GRO_254
book_0530;gst_4293;prop_35;2026-02-08 15:00:00;2026-02-11 11:00:00;3;1727.59;completed;Booking.com;GRO_831
book_0535;gst_3097;prop_2;2026-02-07 15:00:00;2026-02-10 11:00:00;3;1640.57;completed;Airbnb;GRO_612
book_0538;gst_3171;prop_40;2026-02-05 15:00:00;2026-02-07 11:00:00;2;1325.63;completed;Direct;GRO_612
book_0543;gst_3067;prop_66;2026-02-11 15:00:00;2026-02-14 11:00:00;3;1348.0;completed;Booking.com;GRO_831
book_0548;gst_1172;prop_67;2026-02-08 15:00:00;2026-02-10 11:00:00;2;6167.0;completed;Booking.com;GRO_831
book_0552;gst_2339;prop_69;2026-02-10 15:00:00;2026-02-12 11:00:00;2;1287.65;completed;Booking.com;GRO_831
book_0562;gst_0007;prop_1;2026-02-07 15:00:00;2026-02-10 11:00:00;3;1816.74;completed;Booking.com;GRO_831
book_0568;gst_4259;prop_40;2026-02-09 15:00:00;2026-02-11 11:00:00;2;1325.63;completed;Direct;GRO_254
book_0570;gst_3110;prop_65;2026-02-13 15:00:00;2026-02-16 11:00:00;3;1708.75;completed;Booking.com;GRO_831
book_0571;gst_3642;prop_20;2026-02-10 15:00:00;2026-02-12 11:00:00;0;0;cancelled;Booking.com;GRO_831
book_0577;gst_1596;prop_31;2026-02-13 15:00:00;2026-02-15 11:00:00;2;326.7;completed;Booking.com;GRO_612
book_0596;gst_0569;prop_67;2026-02-15 15:00:00;2026-02-18 11:00:00;3;9063.25;completed;Airbnb;GRO_831
book_0599;gst_0304;prop_1;2026-02-14 15:00:00;2026-02-17 11:00:00;3;1816.74;completed;Airbnb;GRO_254
book_0600;gst_3322;prop_42;2026-02-10 15:00:00;2026-02-12 11:00:00;2;1277.05;completed;Direct;GRO_390
book_0601;gst_3099;prop_61;2026-02-13 15:00:00;2026-02-15 11:00:00;2;1947.21;completed;Booking.com;GRO_831
book_0604;gst_0990;prop_2;2026-02-10 15:00:00;2026-02-12 11:00:00;2;1219.88;completed;Direct;GRO_390
book_0611;gst_0082;prop_3;2026-02-12 15:00:00;2026-02-15 11:00:00;0;0;cancelled;Direct;GRO_612
book_0614;gst_0997;prop_35;2026-02-16 15:00:00;2026-02-19 11:00:00;3;1727.59;completed;Direct;GRO_390
book_0618;gst_1328;prop_40;2026-02-15 15:00:00;2026-02-17 11:00:00;2;1325.63;completed;Airbnb;GRO_612
book_0622;gst_2875;prop_43;2026-02-17 15:00:00;2026-02-20 11:00:00;3;2502.25;completed;Airbnb;GRO_831
book_0624;gst_2389;prop_20;2026-02-17 15:00:00;2026-02-20 11:00:00;3;1696.53;completed;Airbnb;GRO_831
book_0625;gst_0294;prop_15;2026-02-14 15:00:00;2026-02-17 11:00:00;3;1752.73;completed;Airbnb;GRO_390
book_0633;gst_2568;prop_42;2026-02-13 15:00:00;2026-02-15 11:00:00;2;1277.05;completed;Airbnb;GRO_831
book_0637;gst_0051;prop_69;2026-02-12 15:00:00;2026-02-14 11:00:00;2;1287.65;completed;Airbnb;GRO_612
book_0638;gst_0650;prop_2;2026-02-16 15:00:00;2026-02-18 11:00:00;2;1219.88;completed;Booking.com;GRO_831
book_0654;gst_1322;prop_66;2026-02-15 15:00:00;2026-02-18 11:00:00;0;0;cancelled;Direct;GRO_831
book_0660;gst_1306;prop_69;2026-02-17 15:00:00;2026-02-20 11:00:00;0;0;cancelled;Direct;GRO_390
book_0669;gst_3521;prop_3;2026-02-20 15:00:00;2026-02-22 11:00:00;2;1036.2;completed;Airbnb;GRO_254
book_0671;gst_0066;prop_42;2026-02-20 15:00:00;2026-02-23 11:00:00;3;1727.95;completed;Airbnb;GRO_831
book_0673;gst_1917;prop_61;2026-02-19 15:00:00;2026-02-21 11:00:00;2;1947.21;completed;Direct;GRO_390
book_0675;gst_3649;prop_31;2026-02-17 15:00:00;2026-02-19 11:00:00;0;0;cancelled;Direct;GRO_390
book_0682;gst_3226;prop_65;2026-02-17 15:00:00;2026-02-19 11:00:00;2;1247.76;confirmed;Direct;GRO_612
book_0695;gst_3679;prop_15;2026-02-18 15:00:00;2026-02-21 11:00:00;3;1752.73;completed;Direct;GRO_612
book_0698;gst_3088;prop_1;2026-02-17 15:00:00;2026-02-19 11:00:00;2;1336.24;completed;Booking.com;GRO_390
book_0706;gst_3425;prop_40;2026-02-20 15:00:00;2026-02-22 11:00:00;2;1325.63;completed;Direct;GRO_390
book_0708;gst_2310;prop_66;2026-02-22 15:00:00;2026-02-25 11:00:00;3;1348.0;completed;Airbnb;GRO_612
book_0712;gst_3897;prop_67;2026-02-19 15:00:00;2026-02-22 11:00:00;3;9063.25;completed;Booking.com;GRO_254
book_0715;gst_2731;prop_2;2026-02-18 15:00:00;2026-02-20 11:00:00;2;1219.88;completed;Direct;GRO_831
book_0719;gst_3686;prop_65;2026-02-19 15:00:00;2026-02-21 11:00:00;2;1247.76;completed;Booking.com;GRO_612
book_0724;gst_2494;prop_1;2026-02-23 15:00:00;2026-02-26 11:00:00;3;1816.74;confirmed;Booking.com;GRO_831
book_0725;gst_3826;prop_35;2026-02-20 15:00:00;2026-02-23 11:00:00;3;1727.59;completed;Direct;GRO_612
book_0729;gst_3527;prop_31;2026-02-24 15:00:00;2026-02-26 11:00:00;2;326.7;completed;Direct;GRO_254
book_0732;gst_2176;prop_43;2026-02-25 15:00:00;2026-02-27 11:00:00;2;1713.0;completed;Booking.com;GRO_254
book_0733;gst_1438;prop_20;2026-02-25 15:00:00;2026-02-27 11:00:00;2;1246.28;completed;Booking.com;GRO_390
book_0740;gst_4433;prop_69;2026-02-24 15:00:00;2026-02-27 11:00:00;0;0;cancelled;Direct;GRO_390
book_0742;gst_3427;prop_2;2026-02-25 15:00:00;2026-02-27 11:00:00;2;1219.88;completed;Direct;GRO_390
book_0748;gst_3106;prop_65;2026-02-22 15:00:00;2026-02-25 11:00:00;0;0;cancelled;Booking.com;GRO_254
book_0749;gst_2661;prop_15;2026-02-21 15:00:00;2026-02-24 11:00:00;3;1752.73;completed;Booking.com;GRO_254
book_0753;gst_3634;prop_61;2026-02-25 15:00:00;2026-02-27 11:00:00;2;1947.21;completed;Airbnb;GRO_390
book_0769;gst_2725;prop_67;2026-02-23 15:00:00;2026-02-25 11:00:00;2;6167.0;completed;Booking.com;GRO_831
book_0770;gst_1591;prop_3;2026-02-27 15:00:00;2026-03-02 11:00:00;3;1516.7;completed;Direct;GRO_390
book_0774;gst_1604;prop_40;2026-02-25 15:00:00;2026-02-28 11:00:00;3;1813.32;completed;Booking.com;GRO_612
book_0783;gst_0222;prop_42;2026-02-24 15:00:00;2026-02-27 11:00:00;3;1727.95;completed;Direct;GRO_254
book_0784;gst_2000;prop_35;2026-02-25 15:00:00;2026-02-27 11:00:00;2;1276.81;completed;Airbnb;GRO_831
book_0790;gst_1936;prop_15;2026-02-24 15:00:00;2026-02-26 11:00:00;2;1263.73;completed;Booking.com;GRO_390
book_0801;gst_0261;prop_66;2026-03-01 15:00:00;2026-03-03 11:00:00;2;927.1;completed;Airbnb;GRO_254
book_0803;gst_3179;prop_65;2026-02-26 15:00:00;2026-02-28 11:00:00;2;1247.76;completed;Airbnb;GRO_612
book_0806;gst_0949;prop_67;2026-02-26 15:00:00;2026-02-28 11:00:00;2;6167.0;completed;Booking.com;GRO_831
book_0816;gst_3534;prop_15;2026-02-26 15:00:00;2026-03-01 11:00:00;3;1752.73;completed;Airbnb;GRO_390
book_0821;gst_0836;prop_1;2026-02-26 15:00:00;2026-02-28 11:00:00;2;1336.24;completed;Direct;GRO_390
book_0824;gst_1796;prop_31;2026-02-27 15:00:00;2026-03-02 11:00:00;3;447.19;completed;Direct;GRO_254
book_0827;gst_2415;prop_43;2026-02-28 15:00:00;2026-03-02 11:00:00;2;1713.0;completed;Direct;GRO_254
book_0829;gst_3452;prop_20;2026-03-03 15:00:00;2026-03-06 11:00:00;3;1696.53;completed;Airbnb;GRO_254
book_0835;gst_0880;prop_42;2026-02-28 15:00:00;2026-03-03 11:00:00;0;0;cancelled;Direct;GRO_254
book_0836;gst_0514;prop_35;2026-02-28 15:00:00;2026-03-02 11:00:00;0;0;cancelled;Direct;GRO_831
book_0837;gst_3764;prop_61;2026-03-02 15:00:00;2026-03-05 11:00:00;3;2748.2;completed;Booking.com;GRO_612
book_0840;gst_3802;prop_69;2026-02-28 15:00:00;2026-03-02 11:00:00;2;1287.65;completed;Direct;GRO_612
book_0841;gst_1566;prop_2;2026-03-04 15:00:00;2026-03-06 11:00:00;2;1219.88;completed;Direct;GRO_831
book_0845;gst_1179;prop_65;2026-03-04 15:00:00;2026-03-06 11:00:00;2;1247.76;completed;Booking.com;GRO_390
book_0847;gst_1570;prop_67;2026-02-28 15:00:00;2026-03-02 11:00:00;2;6167.0;completed;Airbnb;GRO_390
book_0850;gst_4050;prop_1;2026-03-02 15:00:00;2026-03-04 11:00:00;2;1336.24;completed;Airbnb;GRO_831
book_0861;gst_4390;prop_40;2026-03-04 15:00:00;2026-03-06 11:00:00;2;1325.63;completed;Direct;GRO_254
book_0866;gst_0163;prop_15;2026-03-03 15:00:00;2026-03-05 11:00:00;2;1263.73;completed;Booking.com;GRO_390
book_0877;gst_1085;prop_43;2026-03-06 15:00:00;2026-03-09 11:00:00;3;2502.25;completed;Direct;GRO_612
book_0882;gst_3637;prop_67;2026-03-04 15:00:00;2026-03-06 11:00:00;2;6167.0;completed;Direct;GRO_390
book_0883;gst_2986;prop_3;2026-03-02 15:00:00;2026-03-05 11:00:00;3;1516.7;completed;Direct;GRO_831
book_0884;gst_1584;prop_35;2026-03-07 15:00:00;2026-03-10 11:00:00;3;1727.59;completed;Direct;GRO_390
book_0886;gst_0779;prop_69;2026-03-06 15:00:00;2026-03-09 11:00:00;3;1768.64;completed;Booking.com;GRO_831
book_0887;gst_4401;prop_31;2026-03-04 15:00:00;2026-03-06 11:00:00;2;326.7;completed;Airbnb;GRO_390
book_0894;gst_2444;prop_66;2026-03-03 15:00:00;2026-03-05 11:00:00;2;927.1;completed;Booking.com;GRO_831
book_0900;gst_2189;prop_42;2026-03-04 15:00:00;2026-03-07 11:00:00;3;1727.95;completed;Direct;GRO_831
book_0910;gst_3208;prop_1;2026-03-07 15:00:00;2026-03-10 11:00:00;3;1816.74;completed;Booking.com;GRO_831
book_0915;gst_3795;prop_66;2026-03-05 15:00:00;2026-03-07 11:00:00;2;927.1;completed;Airbnb;GRO_612
book_0916;gst_3635;prop_15;2026-03-07 15:00:00;2026-03-10 11:00:00;3;1752.73;completed;Direct;GRO_390
book_0921;gst_0435;prop_3;2026-03-07 15:00:00;2026-03-10 11:00:00;3;1516.7;completed;Airbnb;GRO_612
book_0923;gst_4317;prop_61;2026-03-05 15:00:00;2026-03-07 11:00:00;2;1947.21;completed;Airbnb;GRO_254
book_0932;gst_3841;prop_65;2026-03-09 15:00:00;2026-03-12 11:00:00;3;1708.75;completed;Airbnb;GRO_390
book_0933;gst_1778;prop_20;2026-03-09 15:00:00;2026-03-11 11:00:00;2;1246.28;completed;Booking.com;GRO_831
book_0937;gst_1117;prop_67;2026-03-10 15:00:00;2026-03-13 11:00:00;3;9063.25;completed;Booking.com;GRO_390
book_0940;gst_2526;prop_31;2026-03-07 15:00:00;2026-03-10 11:00:00;3;447.19;completed;Booking.com;GRO_390
book_0942;gst_1672;prop_2;2026-03-10 15:00:00;2026-03-12 11:00:00;2;1219.88;completed;Booking.com;GRO_390
book_0946;gst_0794;prop_40;2026-03-07 15:00:00;2026-03-09 11:00:00;2;1325.63;completed;Booking.com;GRO_254
book_0949;gst_3737;prop_66;2026-03-10 15:00:00;2026-03-13 11:00:00;3;1348.0;completed;Airbnb;GRO_612
book_0955;gst_3858;prop_42;2026-03-11 15:00:00;2026-03-14 11:00:00;3;1727.95;completed;Airbnb;GRO_831
book_0959;gst_3653;prop_61;2026-03-09 15:00:00;2026-03-11 11:00:00;2;1947.21;completed;Direct;GRO_254
book_0976;gst_0478;prop_43;2026-03-10 15:00:00;2026-03-12 11:00:00;2;1713.0;completed;Airbnb;GRO_831
book_0985;gst_2233;prop_69;2026-03-14 15:00:00;2026-03-16 11:00:00;2;1287.65;completed;Booking.com;GRO_612
book_0989;gst_0624;prop_40;2026-03-09 15:00:00;2026-03-12 11:00:00;3;1813.32;completed;Airbnb;GRO_831
book_0992;gst_0746;prop_15;2026-03-14 15:00:00;2026-03-16 11:00:00;2;1263.73;completed;Direct;GRO_254
book_0996;gst_1067;prop_3;2026-03-11 15:00:00;2026-03-14 11:00:00;3;1516.7;completed;Booking.com;GRO_831
book_0997;gst_1480;prop_1;2026-03-13 15:00:00;2026-03-16 11:00:00;3;1816.74;confirmed;Booking.com;GRO_254
book_0998;gst_3164;prop_35;2026-03-14 15:00:00;2026-03-17 11:00:00;0;0;cancelled;Airbnb;GRO_612
book_1000;gst_3515;prop_31;2026-03-14 15:00:00;2026-03-17 11:00:00;3;447.19;completed;Direct;GRO_831
book_1005;gst_1043;prop_20;2026-03-11 15:00:00;2026-03-13 11:00:00;2;1246.28;completed;Booking.com;GRO_612
book_1009;gst_2124;prop_61;2026-03-11 15:00:00;2026-03-14 11:00:00;3;2748.2;completed;Direct;GRO_831
book_1019;gst_2837;prop_43;2026-03-16 15:00:00;2026-03-19 11:00:00;3;2502.25;completed;Booking.com;GRO_612
book_1020;gst_2882;prop_65;2026-03-16 15:00:00;2026-03-19 11:00:00;3;1708.75;completed;Direct;GRO_390
book_1027;gst_3618;prop_2;2026-03-16 15:00:00;2026-03-19 11:00:00;3;1640.57;completed;Booking.com;GRO_612
book_1029;gst_1417;prop_40;2026-03-15 15:00:00;2026-03-17 11:00:00;2;1325.63;completed;Direct;GRO_254
book_1033;gst_1548;prop_66;2026-03-16 15:00:00;2026-03-18 11:00:00;2;927.1;completed;Direct;GRO_254
book_1034;gst_1891;prop_20;2026-03-17 15:00:00;2026-03-19 11:00:00;2;1246.28;completed;Airbnb;GRO_254
book_1038;gst_1953;prop_67;2026-03-17 15:00:00;2026-03-19 11:00:00;2;6167.0;completed;Airbnb;GRO_831
book_1050;gst_2546;prop_3;2026-03-15 15:00:00;2026-03-18 11:00:00;3;1516.7;completed;Direct;GRO_254
book_1051;gst_0776;prop_42;2026-03-18 15:00:00;2026-03-21 11:00:00;3;1727.95;completed;Booking.com;GRO_390
book_1054;gst_1655;prop_61;2026-03-16 15:00:00;2026-03-19 11:00:00;3;2748.2;completed;Booking.com;GRO_390
book_1074;gst_2630;prop_15;2026-03-21 15:00:00;2026-03-24 11:00:00;3;1752.73;completed;Direct;GRO_390
book_1077;gst_2760;prop_1;2026-03-17 15:00:00;2026-03-19 11:00:00;2;1336.24;completed;Direct;GRO_390
book_1081;gst_2299;prop_69;2026-03-19 15:00:00;2026-03-22 11:00:00;3;1768.64;completed;Direct;GRO_390
book_1090;gst_2146;prop_35;2026-03-22 15:00:00;2026-03-24 11:00:00;0;0;cancelled;Airbnb;GRO_612
book_1091;gst_3656;prop_31;2026-03-20 15:00:00;2026-03-22 11:00:00;2;326.7;completed;Airbnb;GRO_612
book_1095;gst_1866;prop_40;2026-03-17 15:00:00;2026-03-20 11:00:00;3;1813.32;completed;Direct;GRO_390
book_1098;gst_4471;prop_66;2026-03-18 15:00:00;2026-03-21 11:00:00;3;1348.0;completed;Direct;GRO_390
book_1100;gst_0620;prop_3;2026-03-19 15:00:00;2026-03-22 11:00:00;3;1516.7;completed;Direct;GRO_831
book_1111;gst_3336;prop_43;2026-03-21 15:00:00;2026-03-23 11:00:00;2;1713.0;completed;Booking.com;GRO_612
book_1113;gst_2068;prop_65;2026-03-23 15:00:00;2026-03-25 11:00:00;2;1247.76;completed;Airbnb;GRO_254
book_1114;gst_2547;prop_20;2026-03-20 15:00:00;2026-03-22 11:00:00;2;1246.28;completed;Direct;GRO_390
book_1118;gst_0835;prop_67;2026-03-24 15:00:00;2026-03-27 11:00:00;3;9063.25;completed;Booking.com;GRO_831
book_1121;gst_0579;prop_1;2026-03-23 15:00:00;2026-03-26 11:00:00;3;1816.74;completed;Booking.com;GRO_612
book_1123;gst_3598;prop_61;2026-03-20 15:00:00;2026-03-22 11:00:00;0;0;cancelled;Direct;GRO_254
book_1129;gst_3409;prop_2;2026-03-20 15:00:00;2026-03-23 11:00:00;3;1640.57;completed;Direct;GRO_831
book_1152;gst_3704;prop_40;2026-03-25 15:00:00;2026-03-27 11:00:00;0;0;cancelled;Direct;GRO_390
book_1154;gst_0969;prop_66;2026-03-24 15:00:00;2026-03-26 11:00:00;2;927.1;completed;Direct;GRO_254
book_1157;gst_2370;prop_42;2026-03-24 15:00:00;2026-03-26 11:00:00;2;1277.05;completed;Airbnb;GRO_390
book_1163;gst_0317;prop_20;2026-03-25 15:00:00;2026-03-28 11:00:00;3;1696.53;completed;Direct;GRO_390
book_1166;gst_2696;prop_3;2026-03-22 15:00:00;2026-03-24 11:00:00;2;1036.2;completed;Airbnb;GRO_390
book_1169;gst_4134;prop_61;2026-03-25 15:00:00;2026-03-28 11:00:00;3;2748.2;completed;Airbnb;GRO_254
book_1170;gst_2142;prop_69;2026-03-27 15:00:00;2026-03-30 11:00:00;3;1768.64;completed;Airbnb;GRO_612
book_1171;gst_2686;prop_31;2026-03-25 15:00:00;2026-03-28 11:00:00;3;447.19;completed;Direct;GRO_254
book_1174;gst_2777;prop_43;2026-03-28 15:00:00;2026-03-31 11:00:00;3;2502.25;completed;Booking.com;GRO_612
book_1182;gst_1269;prop_2;2026-03-26 15:00:00;2026-03-28 11:00:00;2;1219.88;completed;Airbnb;GRO_831
book_1187;gst_2008;prop_15;2026-03-25 15:00:00;2026-03-27 11:00:00;2;1263.73;completed;Booking.com;GRO_612
book_1190;gst_2012;prop_3;2026-03-25 15:00:00;2026-03-28 11:00:00;3;1516.7;completed;Airbnb;GRO_254
book_1192;gst_2254;prop_35;2026-03-25 15:00:00;2026-03-27 11:00:00;2;1276.81;completed;Airbnb;GRO_831
book_1201;gst_2311;prop_65;2026-03-26 15:00:00;2026-03-29 11:00:00;3;1708.75;completed;Airbnb;GRO_831
book_1212;gst_4012;prop_66;2026-03-31 15:00:00;2026-04-02 11:00:00;0;0;cancelled;Direct;GRO_390
book_1217;gst_2257;prop_1;2026-03-31 15:00:00;2026-04-03 11:00:00;3;1816.74;completed;Booking.com;GRO_612
book_1218;gst_3307;prop_42;2026-03-27 15:00:00;2026-03-29 11:00:00;2;1277.05;completed;Direct;GRO_254
book_1231;gst_0217;prop_15;2026-03-29 15:00:00;2026-04-01 11:00:00;3;1752.73;completed;Booking.com;GRO_831
book_1238;gst_0038;prop_67;2026-03-29 15:00:00;2026-03-31 11:00:00;2;6167.0;completed;Booking.com;GRO_390
book_1239;gst_0787;prop_35;2026-03-27 15:00:00;2026-03-29 11:00:00;2;1276.81;completed;Direct;GRO_831
book_1243;gst_1227;prop_40;2026-03-29 15:00:00;2026-04-01 11:00:00;3;1813.32;completed;Airbnb;GRO_390
book_1246;gst_0917;prop_20;2026-04-01 15:00:00;2026-04-03 11:00:00;2;1246.28;completed;Direct;GRO_831
book_1249;gst_1048;prop_3;2026-03-30 15:00:00;2026-04-01 11:00:00;2;1036.2;completed;Direct;GRO_831
book_1253;gst_4074;prop_61;2026-03-30 15:00:00;2026-04-01 11:00:00;2;1947.21;completed;Booking.com;GRO_254
book_1255;gst_2762;prop_31;2026-03-29 15:00:00;2026-03-31 11:00:00;2;326.7;completed;Airbnb;GRO_254
book_1257;gst_4400;prop_2;2026-03-29 15:00:00;2026-04-01 11:00:00;3;1640.57;completed;Direct;GRO_390
book_1260;gst_0445;prop_65;2026-03-29 15:00:00;2026-04-01 11:00:00;3;1708.75;confirmed;Direct;GRO_612
book_1265;gst_2292;prop_42;2026-04-01 15:00:00;2026-04-04 11:00:00;3;1727.95;completed;Airbnb;GRO_254
book_1267;gst_1069;prop_35;2026-04-01 15:00:00;2026-04-04 11:00:00;3;1727.59;completed;Direct;GRO_831
book_1280;gst_2391;prop_69;2026-03-31 15:00:00;2026-04-03 11:00:00;3;1768.64;completed;Direct;GRO_831
book_1286;gst_2174;prop_43;2026-04-01 15:00:00;2026-04-04 11:00:00;3;2502.25;completed;Airbnb;GRO_831
book_1290;gst_3230;prop_67;2026-04-02 15:00:00;2026-04-05 11:00:00;3;9063.25;completed;Direct;GRO_612
book_1295;gst_3034;prop_31;2026-03-31 15:00:00;2026-04-02 11:00:00;0;0;cancelled;Airbnb;GRO_612
book_1300;gst_0628;prop_65;2026-04-02 15:00:00;2026-04-05 11:00:00;3;1708.75;completed;Direct;GRO_612
book_1301;gst_0360;prop_15;2026-04-06 15:00:00;2026-04-09 11:00:00;3;1752.73;completed;Airbnb;GRO_390
book_1302;gst_2469;prop_3;2026-04-05 15:00:00;2026-04-07 11:00:00;2;1036.2;completed;Airbnb;GRO_254
book_1306;gst_3353;prop_61;2026-04-04 15:00:00;2026-04-06 11:00:00;0;0;cancelled;Direct;GRO_390
book_1308;gst_3500;prop_2;2026-04-06 15:00:00;2026-04-08 11:00:00;2;1219.88;completed;Direct;GRO_254
book_1313;gst_2627;prop_40;2026-04-05 15:00:00;2026-04-08 11:00:00;3;1813.32;completed;Airbnb;GRO_831
book_1316;gst_2672;prop_66;2026-04-02 15:00:00;2026-04-04 11:00:00;2;927.1;completed;Airbnb;GRO_254
book_1326;gst_0125;prop_31;2026-04-06 15:00:00;2026-04-09 11:00:00;3;447.19;completed;Booking.com;GRO_254
book_1332;gst_4425;prop_20;2026-04-07 15:00:00;2026-04-09 11:00:00;2;1246.28;completed;Booking.com;GRO_612
book_1337;gst_3227;prop_1;2026-04-03 15:00:00;2026-04-06 11:00:00;3;1816.74;completed;Booking.com;GRO_831
book_1340;gst_3096;prop_69;2026-04-06 15:00:00;2026-04-08 11:00:00;2;1287.65;completed;Airbnb;GRO_831
book_1344;gst_2723;prop_43;2026-04-04 15:00:00;2026-04-06 11:00:00;0;0;cancelled;Booking.com;GRO_390
book_1345;gst_1564;prop_66;2026-04-05 15:00:00;2026-04-08 11:00:00;0;0;cancelled;Booking.com;GRO_390
book_1351;gst_4409;prop_42;2026-04-09 15:00:00;2026-04-12 11:00:00;3;1727.95;completed;Airbnb;GRO_612
book_1352;gst_1394;prop_35;2026-04-05 15:00:00;2026-04-08 11:00:00;3;1727.59;completed;Airbnb;GRO_831
book_1358;gst_3331;prop_65;2026-04-05 15:00:00;2026-04-08 11:00:00;3;1708.75;completed;Direct;GRO_831
book_1362;gst_2117;prop_67;2026-04-08 15:00:00;2026-04-11 11:00:00;3;9063.25;completed;Airbnb;GRO_831
book_1369;gst_3324;prop_43;2026-04-09 15:00:00;2026-04-11 11:00:00;2;1713.0;completed;Airbnb;GRO_254
book_1376;gst_1181;prop_1;2026-04-11 15:00:00;2026-04-14 11:00:00;3;1816.74;completed;Airbnb;GRO_254
book_1377;gst_0158;prop_61;2026-04-06 15:00:00;2026-04-09 11:00:00;0;0;cancelled;Booking.com;GRO_831
book_1388;gst_2517;prop_3;2026-04-08 15:00:00;2026-04-11 11:00:00;3;1516.7;confirmed;Direct;GRO_390
book_1397;gst_1522;prop_66;2026-04-08 15:00:00;2026-04-10 11:00:00;2;927.1;confirmed;Airbnb;GRO_612
book_1400;gst_2209;prop_65;2026-04-12 15:00:00;2026-04-14 11:00:00;2;1247.76;confirmed;Airbnb;GRO_612
book_1408;gst_3901;prop_35;2026-04-10 15:00:00;2026-04-12 11:00:00;2;1276.81;completed;Booking.com;GRO_390
book_1410;gst_0796;prop_69;2026-04-08 15:00:00;2026-04-10 11:00:00;2;1287.65;completed;Booking.com;GRO_390
book_1411;gst_1229;prop_2;2026-04-08 15:00:00;2026-04-10 11:00:00;2;1219.88;completed;Booking.com;GRO_390
book_1415;gst_2738;prop_40;2026-04-10 15:00:00;2026-04-12 11:00:00;2;1325.63;completed;Booking.com;GRO_390
book_1420;gst_1614;prop_20;2026-04-09 15:00:00;2026-04-11 11:00:00;2;1246.28;completed;Direct;GRO_831
book_1422;gst_3654;prop_15;2026-04-13 15:00:00;2026-04-16 11:00:00;3;1752.73;completed;Direct;GRO_254
book_1425;gst_4255;prop_61;2026-04-14 15:00:00;2026-04-16 11:00:00;2;1947.21;completed;Booking.com;GRO_612
book_1427;gst_2570;prop_31;2026-04-11 15:00:00;2026-04-13 11:00:00;2;326.7;completed;Direct;GRO_612
book_1431;gst_2626;prop_66;2026-04-12 15:00:00;2026-04-14 11:00:00;2;927.1;completed;Airbnb;GRO_254
book_1441;gst_1042;prop_69;2026-04-10 15:00:00;2026-04-12 11:00:00;2;1287.65;completed;Booking.com;GRO_254
book_1442;gst_3711;prop_2;2026-04-12 15:00:00;2026-04-14 11:00:00;0;0;cancelled;Direct;GRO_831
book_1446;gst_0190;prop_43;2026-04-13 15:00:00;2026-04-15 11:00:00;2;1713.0;completed;Airbnb;GRO_831
book_1448;gst_2276;prop_20;2026-04-12 15:00:00;2026-04-15 11:00:00;3;1696.53;completed;Airbnb;GRO_390
book_1452;gst_2868;prop_67;2026-04-16 15:00:00;2026-04-18 11:00:00;2;6167.0;completed;Booking.com;GRO_612
book_1453;gst_0663;prop_3;2026-04-11 15:00:00;2026-04-13 11:00:00;2;1036.2;completed;Direct;GRO_390
book_1463;gst_0327;prop_42;2026-04-13 15:00:00;2026-04-16 11:00:00;0;0;cancelled;Direct;GRO_254
book_1464;gst_0826;prop_35;2026-04-15 15:00:00;2026-04-17 11:00:00;2;1276.81;completed;Booking.com;GRO_831
book_1467;gst_3458;prop_69;2026-04-17 15:00:00;2026-04-20 11:00:00;3;1768.64;completed;Airbnb;GRO_390
book_1471;gst_2934;prop_40;2026-04-13 15:00:00;2026-04-15 11:00:00;2;1325.63;completed;Booking.com;GRO_254
book_1476;gst_1867;prop_3;2026-04-18 15:00:00;2026-04-21 11:00:00;3;1516.7;completed;Airbnb;GRO_390
book_1484;gst_3774;prop_31;2026-04-15 15:00:00;2026-04-17 11:00:00;2;326.7;completed;Direct;GRO_390
book_1489;gst_3789;prop_66;2026-04-19 15:00:00;2026-04-21 11:00:00;2;927.1;completed;Booking.com;GRO_390
book_1490;gst_1361;prop_65;2026-04-15 15:00:00;2026-04-18 11:00:00;3;1708.75;completed;Booking.com;GRO_612
book_1494;gst_4068;prop_1;2026-04-18 15:00:00;2026-04-20 11:00:00;2;1336.24;confirmed;Booking.com;GRO_831
book_1496;gst_0255;prop_2;2026-04-15 15:00:00;2026-04-18 11:00:00;3;1640.57;completed;Direct;GRO_390
book_1502;gst_2304;prop_43;2026-04-20 15:00:00;2026-04-23 11:00:00;0;0;cancelled;Direct;GRO_254
book_1505;gst_0011;prop_20;2026-04-17 15:00:00;2026-04-20 11:00:00;3;1696.53;completed;Direct;GRO_254
book_1517;gst_0147;prop_40;2026-04-15 15:00:00;2026-04-18 11:00:00;3;1813.32;completed;Booking.com;GRO_390
book_1523;gst_2153;prop_15;2026-04-18 15:00:00;2026-04-21 11:00:00;3;1752.73;completed;Direct;GRO_612
book_1527;gst_3640;prop_42;2026-04-21 15:00:00;2026-04-23 11:00:00;2;1277.05;completed;Direct;GRO_254
book_1529;gst_0165;prop_61;2026-04-21 15:00:00;2026-04-23 11:00:00;2;1947.21;completed;Booking.com;GRO_831
book_1539;gst_2422;prop_35;2026-04-17 15:00:00;2026-04-20 11:00:00;3;1727.59;completed;Airbnb;GRO_390
book_1543;gst_0549;prop_31;2026-04-19 15:00:00;2026-04-21 11:00:00;2;326.7;completed;Direct;GRO_390
book_1548;gst_4290;prop_65;2026-04-23 15:00:00;2026-04-25 11:00:00;2;1247.76;completed;Direct;GRO_831
book_1551;gst_3866;prop_67;2026-04-20 15:00:00;2026-04-23 11:00:00;0;0;cancelled;Direct;GRO_390
book_1554;gst_3489;prop_2;2026-04-21 15:00:00;2026-04-23 11:00:00;2;1219.88;completed;Direct;GRO_831
book_1558;gst_3189;prop_40;2026-04-21 15:00:00;2026-04-24 11:00:00;3;1813.32;completed;Booking.com;GRO_254
book_1571;gst_1899;prop_20;2026-04-20 15:00:00;2026-04-22 11:00:00;2;1246.28;completed;Airbnb;GRO_390
book_1577;gst_2886;prop_1;2026-04-24 15:00:00;2026-04-27 11:00:00;3;1816.74;completed;Direct;GRO_612
book_1578;gst_0230;prop_35;2026-04-24 15:00:00;2026-04-27 11:00:00;3;1727.59;completed;Booking.com;GRO_612
book_1580;gst_2481;prop_69;2026-04-21 15:00:00;2026-04-24 11:00:00;3;1768.64;completed;Airbnb;GRO_831
book_1587;gst_1244;prop_66;2026-04-21 15:00:00;2026-04-24 11:00:00;0;0;cancelled;Direct;GRO_831
book_1589;gst_0981;prop_15;2026-04-26 15:00:00;2026-04-29 11:00:00;3;1752.73;completed;Airbnb;GRO_390
book_1591;gst_0612;prop_3;2026-04-23 15:00:00;2026-04-25 11:00:00;2;1036.2;completed;Direct;GRO_390
book_1596;gst_3249;prop_31;2026-04-21 15:00:00;2026-04-24 11:00:00;3;447.19;completed;Direct;GRO_831
book_1601;gst_4165;prop_20;2026-04-24 15:00:00;2026-04-26 11:00:00;2;1246.28;completed;Direct;GRO_390
book_1614;gst_1740;prop_43;2026-04-28 15:00:00;2026-05-01 11:00:00;3;2502.25;completed;Airbnb;GRO_254
book_1618;gst_4024;prop_67;2026-04-27 15:00:00;2026-04-30 11:00:00;3;9063.25;completed;Direct;GRO_612
book_1619;gst_1945;prop_42;2026-04-28 15:00:00;2026-04-30 11:00:00;2;1277.05;completed;Direct;GRO_831
book_1620;gst_4248;prop_61;2026-04-23 15:00:00;2026-04-25 11:00:00;2;1947.21;completed;Direct;GRO_831
book_1623;gst_2730;prop_2;2026-04-26 15:00:00;2026-04-28 11:00:00;2;1219.88;completed;Booking.com;GRO_254
book_1626;gst_1806;prop_66;2026-04-27 15:00:00;2026-04-30 11:00:00;3;1348.0;completed;Direct;GRO_831
book_1636;gst_3923;prop_69;2026-04-26 15:00:00;2026-04-28 11:00:00;0;0;cancelled;Booking.com;GRO_831
book_1637;gst_0258;prop_31;2026-04-25 15:00:00;2026-04-27 11:00:00;2;326.7;completed;Booking.com;GRO_831
book_1639;gst_4205;prop_40;2026-04-24 15:00:00;2026-04-26 11:00:00;2;1325.63;completed;Airbnb;GRO_254
book_1643;gst_3775;prop_65;2026-04-27 15:00:00;2026-04-29 11:00:00;2;1247.76;completed;Airbnb;GRO_612
book_1646;gst_4392;prop_3;2026-04-26 15:00:00;2026-04-29 11:00:00;3;1516.7;completed;Direct;GRO_831
book_1648;gst_2148;prop_61;2026-04-28 15:00:00;2026-04-30 11:00:00;2;1947.21;completed;Direct;GRO_612
book_1658;gst_2089;prop_20;2026-04-29 15:00:00;2026-05-01 11:00:00;2;1246.28;completed;Airbnb;GRO_390
book_1668;gst_2549;prop_40;2026-04-29 15:00:00;2026-05-02 11:00:00;3;1813.32;completed;Direct;GRO_254
book_1674;gst_0778;prop_1;2026-05-01 15:00:00;2026-05-03 11:00:00;2;1336.24;completed;Airbnb;GRO_390
book_1675;gst_0488;prop_35;2026-04-30 15:00:00;2026-05-03 11:00:00;3;1727.59;completed;Direct;GRO_254
book_1677;gst_1332;prop_31;2026-05-01 15:00:00;2026-05-04 11:00:00;3;447.19;completed;Direct;GRO_390
book_1689;gst_3874;prop_69;2026-05-03 15:00:00;2026-05-06 11:00:00;3;1768.64;completed;Booking.com;GRO_254
book_1691;gst_3482;prop_2;2026-05-01 15:00:00;2026-05-04 11:00:00;3;1640.57;completed;Airbnb;GRO_254
book_1700;gst_0679;prop_65;2026-05-03 15:00:00;2026-05-05 11:00:00;0;0;cancelled;Booking.com;GRO_390
book_1701;gst_2939;prop_15;2026-04-29 15:00:00;2026-05-01 11:00:00;2;1263.73;completed;Airbnb;GRO_831
book_1704;gst_3133;prop_3;2026-04-30 15:00:00;2026-05-03 11:00:00;3;1516.7;completed;Booking.com;GRO_254
book_1714;gst_1861;prop_66;2026-05-02 15:00:00;2026-05-04 11:00:00;2;927.1;completed;Booking.com;GRO_254
book_1717;gst_1015;prop_67;2026-05-02 15:00:00;2026-05-05 11:00:00;0;0;cancelled;Booking.com;GRO_612
book_1720;gst_2708;prop_42;2026-04-30 15:00:00;2026-05-03 11:00:00;3;1727.95;completed;Direct;GRO_254
book_1721;gst_0781;prop_61;2026-05-02 15:00:00;2026-05-05 11:00:00;3;2748.2;completed;Direct;GRO_831
book_1723;gst_0877;prop_43;2026-05-02 15:00:00;2026-05-05 11:00:00;3;2502.25;completed;Airbnb;GRO_254
book_1724;gst_2465;prop_20;2026-05-01 15:00:00;2026-05-05 11:00:00;4;2146.78;completed;Direct;GRO_612
book_1725;gst_3009;prop_15;2026-05-03 15:00:00;2026-05-06 11:00:00;3;1752.73;completed;Direct;GRO_390
book_1751;gst_1775;prop_40;2026-05-03 15:00:00;2026-05-05 11:00:00;2;1325.63;completed;Airbnb;GRO_831
book_1757;gst_2534;prop_3;2026-05-04 15:00:00;2026-05-06 11:00:00;2;1036.2;completed;Booking.com;GRO_254
book_1759;gst_2821;prop_1;2026-05-03 15:00:00;2026-05-07 11:00:00;4;2297.24;completed;Booking.com;GRO_831
book_1760;gst_0107;prop_42;2026-05-04 15:00:00;2026-05-06 11:00:00;2;1277.05;completed;Direct;GRO_612
book_1761;gst_3037;prop_35;2026-05-04 15:00:00;2026-05-08 11:00:00;4;2178.37;completed;Booking.com;GRO_612
book_1765;gst_0475;prop_66;2026-05-07 15:00:00;2026-05-11 11:00:00;4;1768.9;completed;Direct;GRO_390
book_1775;gst_1994;prop_31;2026-05-07 15:00:00;2026-05-09 11:00:00;2;326.7;completed;Airbnb;GRO_254
book_1776;gst_0753;prop_2;2026-05-05 15:00:00;2026-05-07 11:00:00;2;1219.88;completed;Direct;GRO_612
book_1783;gst_2952;prop_43;2026-05-05 15:00:00;2026-05-08 11:00:00;3;2502.25;completed;Booking.com;GRO_612
book_1784;gst_0481;prop_65;2026-05-05 15:00:00;2026-05-09 11:00:00;4;2169.74;completed;Direct;GRO_831
book_1785;gst_1378;prop_20;2026-05-08 15:00:00;2026-05-10 11:00:00;2;1246.28;completed;Airbnb;GRO_612
book_1791;gst_0675;prop_67;2026-05-05 15:00:00;2026-05-07 11:00:00;0;0;cancelled;Airbnb;GRO_612
book_1794;gst_1938;prop_61;2026-05-05 15:00:00;2026-05-07 11:00:00;2;1947.21;completed;Booking.com;GRO_612
book_1798;gst_0402;prop_40;2026-05-05 15:00:00;2026-05-07 11:00:00;2;1325.63;completed;Airbnb;GRO_390
book_1799;gst_0765;prop_15;2026-05-08 15:00:00;2026-05-12 11:00:00;4;2241.73;completed;Airbnb;GRO_390
book_1801;gst_3443;prop_3;2026-05-09 15:00:00;2026-05-12 11:00:00;3;1516.7;completed;Direct;GRO_254
book_1802;gst_1746;prop_42;2026-05-07 15:00:00;2026-05-11 11:00:00;0;0;cancelled;Direct;GRO_390
book_1804;gst_1143;prop_69;2026-05-09 15:00:00;2026-05-12 11:00:00;0;0;cancelled;Airbnb;GRO_612
book_1818;gst_4159;prop_67;2026-05-09 15:00:00;2026-05-13 11:00:00;4;11959.5;completed;Booking.com;GRO_831
book_1823;gst_2563;prop_1;2026-05-08 15:00:00;2026-05-12 11:00:00;4;2297.24;completed;Booking.com;GRO_390
book_1824;gst_2327;prop_61;2026-05-08 15:00:00;2026-05-10 11:00:00;2;1947.21;completed;Airbnb;GRO_390
book_1829;gst_4126;prop_2;2026-05-08 15:00:00;2026-05-10 11:00:00;2;1219.88;completed;Direct;GRO_390
book_1831;gst_3407;prop_40;2026-05-07 15:00:00;2026-05-10 11:00:00;0;0;cancelled;Booking.com;GRO_831
book_1833;gst_0608;prop_43;2026-05-11 15:00:00;2026-05-13 11:00:00;2;1713.0;confirmed;Direct;GRO_390
book_1836;gst_1463;prop_35;2026-05-10 15:00:00;2026-05-13 11:00:00;0;0;cancelled;Airbnb;GRO_612
book_1848;gst_4075;prop_65;2026-05-11 15:00:00;2026-05-14 11:00:00;3;1708.75;completed;Direct;GRO_612
book_1857;gst_0780;prop_31;2026-05-11 15:00:00;2026-05-14 11:00:00;3;447.19;completed;Booking.com;GRO_254
book_1862;gst_0701;prop_20;2026-05-12 15:00:00;2026-05-14 11:00:00;2;1246.28;completed;Airbnb;GRO_254
book_1871;gst_0914;prop_61;2026-05-13 15:00:00;2026-05-15 11:00:00;2;1947.21;completed;Booking.com;GRO_390
book_1874;gst_4466;prop_2;2026-05-11 15:00:00;2026-05-15 11:00:00;4;2061.26;completed;Booking.com;GRO_612
book_1875;gst_4271;prop_40;2026-05-12 15:00:00;2026-05-14 11:00:00;2;1325.63;completed;Booking.com;GRO_831
book_1878;gst_0674;prop_66;2026-05-13 15:00:00;2026-05-17 11:00:00;0;0;cancelled;Booking.com;GRO_390
book_1880;gst_0931;prop_42;2026-05-13 15:00:00;2026-05-15 11:00:00;2;1277.05;completed;Direct;GRO_254
book_1891;gst_2070;prop_15;2026-05-13 15:00:00;2026-05-16 11:00:00;3;1752.73;completed;Airbnb;GRO_390
book_1897;gst_1605;prop_3;2026-05-12 15:00:00;2026-05-15 11:00:00;3;1516.7;completed;Direct;GRO_831
book_1899;gst_3929;prop_1;2026-05-12 15:00:00;2026-05-16 11:00:00;4;2297.24;completed;Direct;GRO_390
book_1904;gst_2508;prop_69;2026-05-12 15:00:00;2026-05-15 11:00:00;3;1768.64;completed;Direct;GRO_612
book_1908;gst_4394;prop_43;2026-05-13 15:00:00;2026-05-15 11:00:00;2;1713.0;completed;Booking.com;GRO_254
book_1911;gst_2303;prop_67;2026-05-13 15:00:00;2026-05-17 11:00:00;4;11959.5;completed;Airbnb;GRO_254
book_1914;gst_0710;prop_35;2026-05-14 15:00:00;2026-05-16 11:00:00;2;1276.81;completed;Airbnb;GRO_254
book_1925;gst_1847;prop_65;2026-05-14 15:00:00;2026-05-18 11:00:00;4;2169.74;completed;Airbnb;GRO_390
book_1926;gst_2230;prop_20;2026-05-14 15:00:00;2026-05-16 11:00:00;2;1246.28;completed;Booking.com;GRO_612
book_1935;gst_0601;prop_31;2026-05-17 15:00:00;2026-05-21 11:00:00;4;567.68;completed;Airbnb;GRO_254
book_1936;gst_2712;prop_40;2026-05-14 15:00:00;2026-05-17 11:00:00;3;1813.32;completed;Booking.com;GRO_612
book_1937;gst_1569;prop_43;2026-05-17 15:00:00;2026-05-20 11:00:00;3;2502.25;completed;Booking.com;GRO_390
book_1940;gst_0277;prop_3;2026-05-16 15:00:00;2026-05-19 11:00:00;3;1516.7;completed;Airbnb;GRO_612
book_1942;gst_0500;prop_42;2026-05-17 15:00:00;2026-05-21 11:00:00;4;2178.85;completed;Direct;GRO_254
book_1944;gst_0655;prop_61;2026-05-16 15:00:00;2026-05-18 11:00:00;2;1947.21;completed;Direct;GRO_254
book_1948;gst_4052;prop_69;2026-05-17 15:00:00;2026-05-21 11:00:00;0;0;cancelled;Booking.com;GRO_831
book_1949;gst_3961;prop_2;2026-05-16 15:00:00;2026-05-18 11:00:00;2;1219.88;confirmed;Direct;GRO_254
book_1957;gst_2652;prop_20;2026-05-18 15:00:00;2026-05-20 11:00:00;2;1246.28;completed;Direct;GRO_254
book_1958;gst_0763;prop_15;2026-05-18 15:00:00;2026-05-22 11:00:00;4;2241.73;completed;Booking.com;GRO_612
book_1963;gst_0084;prop_1;2026-05-18 15:00:00;2026-05-21 11:00:00;3;1816.74;completed;Airbnb;GRO_254
book_1964;gst_2839;prop_35;2026-05-17 15:00:00;2026-05-20 11:00:00;3;1727.59;completed;Direct;GRO_254
book_1970;gst_1131;prop_66;2026-05-20 15:00:00;2026-05-22 11:00:00;2;927.1;completed;Direct;GRO_390
book_1976;gst_1045;prop_67;2026-05-20 15:00:00;2026-05-22 11:00:00;2;6167.0;completed;Direct;GRO_612
book_1987;gst_2145;prop_40;2026-05-20 15:00:00;2026-05-24 11:00:00;0;0;cancelled;Booking.com;GRO_390
book_1990;gst_3676;prop_65;2026-05-21 15:00:00;2026-05-25 11:00:00;4;2169.74;completed;Booking.com;GRO_254
book_1995;gst_4215;prop_61;2026-05-19 15:00:00;2026-05-23 11:00:00;4;3549.19;completed;Direct;GRO_390
book_1997;gst_2461;prop_2;2026-05-20 15:00:00;2026-05-23 11:00:00;3;1640.57;completed;Direct;GRO_390
book_2008;gst_2728;prop_3;2026-05-22 15:00:00;2026-05-26 11:00:00;4;1997.2;completed;Direct;GRO_612
book_2016;gst_3117;prop_43;2026-05-23 15:00:00;2026-05-25 11:00:00;2;1713.0;confirmed;Booking.com;GRO_831
book_2017;gst_0912;prop_20;2026-05-22 15:00:00;2026-05-25 11:00:00;3;1696.53;completed;Booking.com;GRO_254
book_2020;gst_1145;prop_35;2026-05-22 15:00:00;2026-05-25 11:00:00;3;1727.59;completed;Direct;GRO_831
book_2032;gst_0093;prop_1;2026-05-23 15:00:00;2026-05-25 11:00:00;2;1336.24;completed;Booking.com;GRO_612
book_2033;gst_3399;prop_42;2026-05-22 15:00:00;2026-05-26 11:00:00;4;2178.85;completed;Airbnb;GRO_612
book_2038;gst_4374;prop_69;2026-05-23 15:00:00;2026-05-26 11:00:00;3;1768.64;completed;Booking.com;GRO_831
book_2039;gst_3645;prop_31;2026-05-22 15:00:00;2026-05-25 11:00:00;3;447.19;completed;Booking.com;GRO_390
book_2046;gst_4096;prop_66;2026-05-23 15:00:00;2026-05-25 11:00:00;2;927.1;completed;Booking.com;GRO_390
book_2047;gst_0344;prop_15;2026-05-24 15:00:00;2026-05-26 11:00:00;2;1263.73;completed;Airbnb;GRO_831
book_2051;gst_3285;prop_67;2026-05-23 15:00:00;2026-05-26 11:00:00;3;9063.25;completed;Airbnb;GRO_612
book_2066;gst_1090;prop_61;2026-05-26 15:00:00;2026-05-30 11:00:00;4;3549.19;confirmed;Booking.com;GRO_254
book_2070;gst_2019;prop_2;2026-05-26 15:00:00;2026-05-30 11:00:00;4;2061.26;completed;Airbnb;GRO_390
book_2087;gst_2446;prop_40;2026-05-27 15:00:00;2026-05-31 11:00:00;4;2301.01;completed;Booking.com;GRO_612
book_2090;gst_3202;prop_43;2026-05-27 15:00:00;2026-05-31 11:00:00;4;3291.5;completed;Direct;GRO_390
book_2091;gst_3662;prop_66;2026-05-26 15:00:00;2026-05-30 11:00:00;4;1768.9;completed;Booking.com;GRO_831
book_2092;gst_2261;prop_65;2026-05-26 15:00:00;2026-05-28 11:00:00;0;0;cancelled;Airbnb;GRO_254
book_2093;gst_0415;prop_20;2026-05-27 15:00:00;2026-05-31 11:00:00;4;2146.78;completed;Direct;GRO_612
book_2101;gst_3529;prop_1;2026-05-28 15:00:00;2026-06-01 11:00:00;4;2297.24;completed;Direct;GRO_831
book_2102;gst_1182;prop_35;2026-05-27 15:00:00;2026-05-31 11:00:00;0;0;cancelled;Booking.com;GRO_831
book_2105;gst_3560;prop_31;2026-05-26 15:00:00;2026-05-30 11:00:00;4;567.68;completed;Booking.com;GRO_612
book_2114;gst_1096;prop_15;2026-05-29 15:00:00;2026-05-31 11:00:00;2;1263.73;completed;Direct;GRO_612
book_2117;gst_2579;prop_67;2026-05-28 15:00:00;2026-06-01 11:00:00;4;11959.5;completed;Booking.com;GRO_254
book_2118;gst_1933;prop_3;2026-05-28 15:00:00;2026-05-31 11:00:00;3;1516.7;completed;Direct;GRO_612
book_2122;gst_1447;prop_42;2026-05-26 15:00:00;2026-05-29 11:00:00;3;1727.95;completed;Direct;GRO_612
book_2124;gst_4196;prop_69;2026-05-29 15:00:00;2026-06-01 11:00:00;3;1768.64;completed;Booking.com;GRO_831
book_2140;gst_2095;prop_65;2026-05-31 15:00:00;2026-06-02 11:00:00;2;1247.76;completed;Direct;GRO_390
book_2158;gst_3754;prop_42;2026-05-30 15:00:00;2026-06-03 11:00:00;4;2178.85;completed;Booking.com;GRO_390
book_2165;gst_0849;prop_66;2026-05-30 15:00:00;2026-06-03 11:00:00;4;1768.9;completed;Booking.com;GRO_254
book_2175;gst_1664;prop_61;2026-05-30 15:00:00;2026-06-03 11:00:00;4;3549.19;completed;Direct;GRO_612
book_2179;gst_2500;prop_31;2026-06-02 15:00:00;2026-06-06 11:00:00;4;567.68;completed;Direct;GRO_254
book_2180;gst_2809;prop_2;2026-05-31 15:00:00;2026-06-03 11:00:00;3;1640.57;completed;Booking.com;GRO_254
book_2182;gst_4064;prop_43;2026-06-02 15:00:00;2026-06-05 11:00:00;3;2502.25;completed;Booking.com;GRO_612
book_2184;gst_1236;prop_20;2026-06-03 15:00:00;2026-06-07 11:00:00;4;2146.78;completed;Booking.com;GRO_254
book_2185;gst_2328;prop_15;2026-06-02 15:00:00;2026-06-06 11:00:00;4;2241.73;completed;Booking.com;GRO_831
book_2188;gst_0127;prop_3;2026-06-02 15:00:00;2026-06-04 11:00:00;2;1036.2;completed;Direct;GRO_390
book_2191;gst_2907;prop_35;2026-06-03 15:00:00;2026-06-05 11:00:00;2;1276.81;completed;Direct;GRO_831
book_2197;gst_2098;prop_40;2026-06-03 15:00:00;2026-06-06 11:00:00;3;1813.32;completed;Direct;GRO_612
book_2203;gst_3856;prop_67;2026-06-03 15:00:00;2026-06-06 11:00:00;3;9063.25;completed;Airbnb;GRO_831
book_2206;gst_2993;prop_1;2026-06-03 15:00:00;2026-06-06 11:00:00;3;1816.74;completed;Booking.com;GRO_390
book_2208;gst_1680;prop_69;2026-06-04 15:00:00;2026-06-08 11:00:00;4;2249.63;completed;Direct;GRO_831
book_2219;gst_1676;prop_65;2026-06-02 15:00:00;2026-06-06 11:00:00;4;2169.74;completed;Airbnb;GRO_254
book_2225;gst_2764;prop_66;2026-06-06 15:00:00;2026-06-09 11:00:00;3;1348.0;completed;Booking.com;GRO_390
book_2231;gst_2721;prop_42;2026-06-05 15:00:00;2026-06-07 11:00:00;2;1277.05;completed;Direct;GRO_831
book_2235;gst_0611;prop_61;2026-06-04 15:00:00;2026-06-06 11:00:00;2;1947.21;completed;Airbnb;GRO_254
book_2243;gst_2824;prop_2;2026-06-05 15:00:00;2026-06-07 11:00:00;0;0;cancelled;Direct;GRO_390
book_2254;gst_2160;prop_3;2026-06-07 15:00:00;2026-06-10 11:00:00;0;0;cancelled;Airbnb;GRO_831
book_2261;gst_4100;prop_43;2026-06-05 15:00:00;2026-06-09 11:00:00;4;3291.5;completed;Airbnb;GRO_831
book_2269;gst_2491;prop_35;2026-06-05 15:00:00;2026-06-09 11:00:00;4;2178.37;completed;Airbnb;GRO_390
book_2279;gst_4257;prop_65;2026-06-06 15:00:00;2026-06-10 11:00:00;4;2169.74;completed;Direct;GRO_254
book_2280;gst_2798;prop_15;2026-06-09 15:00:00;2026-06-11 11:00:00;2;1263.73;completed;Direct;GRO_390
book_2283;gst_4014;prop_67;2026-06-06 15:00:00;2026-06-08 11:00:00;2;6167.0;completed;Booking.com;GRO_612
book_2285;gst_1440;prop_1;2026-06-07 15:00:00;2026-06-11 11:00:00;4;2297.24;completed;Booking.com;GRO_612
book_2286;gst_0992;prop_61;2026-06-07 15:00:00;2026-06-09 11:00:00;2;1947.21;completed;Airbnb;GRO_831
book_2289;gst_1627;prop_31;2026-06-08 15:00:00;2026-06-10 11:00:00;2;326.7;completed;Booking.com;GRO_612
book_2292;gst_0090;prop_40;2026-06-06 15:00:00;2026-06-10 11:00:00;4;2301.01;completed;Airbnb;GRO_831
book_2295;gst_2086;prop_20;2026-06-10 15:00:00;2026-06-14 11:00:00;4;2146.78;completed;Airbnb;GRO_831
book_2300;gst_3042;prop_42;2026-06-10 15:00:00;2026-06-14 11:00:00;4;2178.85;completed;Airbnb;GRO_831
book_2305;gst_1492;prop_2;2026-06-10 15:00:00;2026-06-12 11:00:00;2;1219.88;completed;Booking.com;GRO_831
book_2309;gst_3254;prop_67;2026-06-11 15:00:00;2026-06-13 11:00:00;2;6167.0;completed;Direct;GRO_254
book_2312;gst_2308;prop_69;2026-06-08 15:00:00;2026-06-10 11:00:00;2;1287.65;completed;Booking.com;GRO_254
book_2321;gst_1634;prop_43;2026-06-11 15:00:00;2026-06-15 11:00:00;4;3291.5;completed;Direct;GRO_831
book_2322;gst_3824;prop_66;2026-06-09 15:00:00;2026-06-12 11:00:00;3;1348.0;completed;Airbnb;GRO_390
book_2331;gst_2301;prop_35;2026-06-09 15:00:00;2026-06-11 11:00:00;2;1276.81;completed;Direct;GRO_612
book_2333;gst_0545;prop_61;2026-06-11 15:00:00;2026-06-15 11:00:00;4;3549.19;completed;Direct;GRO_831
book_2344;gst_1763;prop_65;2026-06-10 15:00:00;2026-06-13 11:00:00;3;1708.75;completed;Airbnb;GRO_612
book_2349;gst_1521;prop_3;2026-06-10 15:00:00;2026-06-12 11:00:00;0;0;cancelled;Airbnb;GRO_254
book_2352;gst_3210;prop_69;2026-06-12 15:00:00;2026-06-15 11:00:00;3;1768.64;completed;Direct;GRO_612
book_2353;gst_3223;prop_31;2026-06-13 15:00:00;2026-06-17 11:00:00;4;567.68;completed;Airbnb;GRO_254
book_2356;gst_3398;prop_40;2026-06-11 15:00:00;2026-06-15 11:00:00;4;2301.01;completed;Direct;GRO_612
book_2360;gst_1730;prop_15;2026-06-13 15:00:00;2026-06-15 11:00:00;2;1263.73;completed;Airbnb;GRO_254
book_2366;gst_1844;prop_1;2026-06-12 15:00:00;2026-06-15 11:00:00;3;1816.74;completed;Booking.com;GRO_390
book_2367;gst_1000;prop_35;2026-06-14 15:00:00;2026-06-16 11:00:00;2;1276.81;completed;Direct;GRO_612
book_2372;gst_3468;prop_66;2026-06-12 15:00:00;2026-06-15 11:00:00;3;1348.0;completed;Direct;GRO_254
book_2374;gst_2765;prop_3;2026-06-14 15:00:00;2026-06-17 11:00:00;3;1516.7;confirmed;Booking.com;GRO_254
book_2380;gst_0560;prop_2;2026-06-12 15:00:00;2026-06-15 11:00:00;3;1640.57;completed;Booking.com;GRO_390
book_2386;gst_4221;prop_65;2026-06-16 15:00:00;2026-06-19 11:00:00;3;1708.75;completed;Direct;GRO_831
book_2390;gst_4482;prop_67;2026-06-15 15:00:00;2026-06-18 11:00:00;3;9063.25;completed;Booking.com;GRO_390
book_2400;gst_2472;prop_20;2026-06-16 15:00:00;2026-06-19 11:00:00;3;1696.53;completed;Airbnb;GRO_254
book_2403;gst_4278;prop_42;2026-06-17 15:00:00;2026-06-21 11:00:00;4;2178.85;completed;Booking.com;GRO_390
book_2412;gst_4031;prop_43;2026-06-15 15:00:00;2026-06-19 11:00:00;4;3291.5;completed;Booking.com;GRO_254
book_2414;gst_1882;prop_66;2026-06-18 15:00:00;2026-06-22 11:00:00;0;0;cancelled;Direct;GRO_254
book_2417;gst_0657;prop_15;2026-06-18 15:00:00;2026-06-22 11:00:00;4;2241.73;completed;Booking.com;GRO_254
book_2425;gst_0041;prop_1;2026-06-15 15:00:00;2026-06-19 11:00:00;4;2297.24;completed;Direct;GRO_390
book_2427;gst_3224;prop_61;2026-06-15 15:00:00;2026-06-17 11:00:00;0;0;cancelled;Direct;GRO_390
book_2431;gst_0553;prop_69;2026-06-15 15:00:00;2026-06-19 11:00:00;4;2249.63;confirmed;Direct;GRO_612
book_2433;gst_2110;prop_2;2026-06-17 15:00:00;2026-06-20 11:00:00;0;0;cancelled;Booking.com;GRO_831
book_2437;gst_1251;prop_40;2026-06-17 15:00:00;2026-06-20 11:00:00;3;1813.32;completed;Booking.com;GRO_831
book_2443;gst_0897;prop_35;2026-06-16 15:00:00;2026-06-20 11:00:00;4;2178.37;completed;Airbnb;GRO_612
book_2452;gst_0252;prop_3;2026-06-18 15:00:00;2026-06-21 11:00:00;0;0;cancelled;Direct;GRO_390
book_2455;gst_2905;prop_61;2026-06-17 15:00:00;2026-06-21 11:00:00;0;0;cancelled;Airbnb;GRO_390
book_2458;gst_3633;prop_31;2026-06-20 15:00:00;2026-06-23 11:00:00;3;447.19;completed;Airbnb;GRO_612
book_2464;gst_4403;prop_67;2026-06-21 15:00:00;2026-06-25 11:00:00;0;0;cancelled;Booking.com;GRO_254
book_2472;gst_2177;prop_43;2026-06-19 15:00:00;2026-06-22 11:00:00;3;2502.25;completed;Direct;GRO_254
book_2475;gst_3364;prop_65;2026-06-20 15:00:00;2026-06-23 11:00:00;3;1708.75;completed;Booking.com;GRO_612
book_2476;gst_2641;prop_20;2026-06-19 15:00:00;2026-06-21 11:00:00;2;1246.28;completed;Booking.com;GRO_390
book_2482;gst_4289;prop_1;2026-06-21 15:00:00;2026-06-23 11:00:00;2;1336.24;completed;Direct;GRO_612
book_2485;gst_2478;prop_69;2026-06-22 15:00:00;2026-06-24 11:00:00;2;1287.65;completed;Booking.com;GRO_390
book_2497;gst_2510;prop_35;2026-06-22 15:00:00;2026-06-24 11:00:00;0;0;cancelled;Airbnb;GRO_612
book_2501;gst_4167;prop_2;2026-06-22 15:00:00;2026-06-24 11:00:00;2;1219.88;completed;Booking.com;GRO_390
book_2503;gst_2555;prop_40;2026-06-21 15:00:00;2026-06-25 11:00:00;4;2301.01;confirmed;Booking.com;GRO_831
book_2507;gst_0339;prop_20;2026-06-21 15:00:00;2026-06-25 11:00:00;0;0;cancelled;Airbnb;GRO_831
book_2509;gst_3055;prop_3;2026-06-21 15:00:00;2026-06-23 11:00:00;2;1036.2;completed;Booking.com;GRO_390
book_2511;gst_3959;prop_42;2026-06-22 15:00:00;2026-06-25 11:00:00;3;1727.95;completed;Booking.com;GRO_254
book_2514;gst_4329;prop_61;2026-06-21 15:00:00;2026-06-23 11:00:00;2;1947.21;completed;Direct;GRO_390
book_2526;gst_4214;prop_43;2026-06-25 15:00:00;2026-06-29 11:00:00;4;3291.5;completed;Direct;GRO_612
book_2527;gst_4089;prop_66;2026-06-25 15:00:00;2026-06-28 11:00:00;3;1348.0;completed;Direct;GRO_254
book_2528;gst_1246;prop_15;2026-06-22 15:00:00;2026-06-26 11:00:00;4;2241.73;completed;Direct;GRO_390
book_2540;gst_1266;prop_65;2026-06-26 15:00:00;2026-06-29 11:00:00;3;1708.75;completed;Airbnb;GRO_831
book_2545;gst_3279;prop_3;2026-06-24 15:00:00;2026-06-28 11:00:00;0;0;cancelled;Booking.com;GRO_831
book_2547;gst_1830;prop_1;2026-06-25 15:00:00;2026-06-29 11:00:00;4;2297.24;completed;Direct;GRO_831
book_2548;gst_4334;prop_61;2026-06-26 15:00:00;2026-06-30 11:00:00;4;3549.19;completed;Booking.com;GRO_254
book_2550;gst_0975;prop_31;2026-06-24 15:00:00;2026-06-26 11:00:00;2;326.7;completed;Booking.com;GRO_612
book_2559;gst_2243;prop_35;2026-06-27 15:00:00;2026-06-29 11:00:00;2;1276.81;completed;Direct;GRO_254
book_2562;gst_1783;prop_69;2026-06-26 15:00:00;2026-06-30 11:00:00;0;0;cancelled;Airbnb;GRO_390
book_2564;gst_2314;prop_2;2026-06-26 15:00:00;2026-06-30 11:00:00;4;2061.26;completed;Airbnb;GRO_390
book_2568;gst_2168;prop_20;2026-06-25 15:00:00;2026-06-29 11:00:00;4;2146.78;completed;Direct;GRO_254
book_2572;gst_2053;prop_67;2026-06-27 15:00:00;2026-06-30 11:00:00;3;9063.25;completed;Direct;GRO_612
book_2574;gst_2972;prop_42;2026-06-26 15:00:00;2026-06-30 11:00:00;4;2178.85;completed;Booking.com;GRO_390
book_2584;gst_1646;prop_40;2026-06-27 15:00:00;2026-06-29 11:00:00;2;1325.63;completed;Booking.com;GRO_831
book_2591;gst_0057;prop_15;2026-06-29 15:00:00;2026-07-02 11:00:00;3;1752.73;completed;Booking.com;GRO_831
book_2596;gst_3997;prop_31;2026-06-27 15:00:00;2026-07-01 11:00:00;4;567.68;completed;Airbnb;GRO_390
book_2612;gst_3847;prop_66;2026-07-01 15:00:00;2026-07-04 11:00:00;3;1348.0;completed;Direct;GRO_254
book_2617;gst_4242;prop_3;2026-06-28 15:00:00;2026-06-30 11:00:00;2;1036.2;completed;Direct;GRO_390
book_2624;gst_1303;prop_43;2026-07-01 15:00:00;2026-07-03 11:00:00;2;1713.0;completed;Direct;GRO_612
book_2625;gst_3988;prop_65;2026-06-29 15:00:00;2026-07-02 11:00:00;3;1708.75;completed;Direct;GRO_831
book_2626;gst_1032;prop_20;2026-06-30 15:00:00;2026-07-04 11:00:00;4;2146.78;completed;Airbnb;GRO_612
book_2631;gst_1756;prop_1;2026-06-30 15:00:00;2026-07-03 11:00:00;3;1816.74;completed;Airbnb;GRO_254
book_2633;gst_3629;prop_35;2026-06-30 15:00:00;2026-07-04 11:00:00;4;2178.37;completed;Airbnb;GRO_254
book_2638;gst_3005;prop_40;2026-07-01 15:00:00;2026-07-03 11:00:00;2;1325.63;completed;Direct;GRO_831
book_2646;gst_1016;prop_67;2026-07-02 15:00:00;2026-07-04 11:00:00;0;0;cancelled;Booking.com;GRO_390
book_2647;gst_1595;prop_3;2026-07-03 15:00:00;2026-07-07 11:00:00;4;1997.2;completed;Airbnb;GRO_831
book_2651;gst_4188;prop_42;2026-07-01 15:00:00;2026-07-03 11:00:00;2;1277.05;completed;Airbnb;GRO_390
book_2653;gst_2604;prop_61;2026-07-03 15:00:00;2026-07-07 11:00:00;4;3549.19;completed;Direct;GRO_831
book_2656;gst_2845;prop_69;2026-07-02 15:00:00;2026-07-04 11:00:00;2;1287.65;completed;Booking.com;GRO_254
book_2657;gst_3944;prop_2;2026-06-30 15:00:00;2026-07-03 11:00:00;3;1640.57;completed;Direct;GRO_831
book_2668;gst_3510;prop_31;2026-07-01 15:00:00;2026-07-04 11:00:00;3;447.19;completed;Booking.com;GRO_390
book_2675;gst_3951;prop_65;2026-07-02 15:00:00;2026-07-06 11:00:00;4;2169.74;completed;Direct;GRO_831
book_2677;gst_2034;prop_15;2026-07-02 15:00:00;2026-07-05 11:00:00;3;1752.73;completed;Direct;GRO_612
book_2694;gst_2406;prop_43;2026-07-04 15:00:00;2026-07-08 11:00:00;4;3291.5;completed;Airbnb;GRO_390
book_2697;gst_4453;prop_1;2026-07-03 15:00:00;2026-07-07 11:00:00;4;2297.24;completed;Airbnb;GRO_612
book_2698;gst_0625;prop_42;2026-07-03 15:00:00;2026-07-06 11:00:00;3;1727.95;completed;Airbnb;GRO_390
book_2702;gst_3724;prop_2;2026-07-03 15:00:00;2026-07-06 11:00:00;3;1640.57;completed;Direct;GRO_390
book_2706;gst_3932;prop_40;2026-07-04 15:00:00;2026-07-09 11:00:00;5;2788.7;completed;Direct;GRO_390
book_2709;gst_1813;prop_66;2026-07-05 15:00:00;2026-07-10 11:00:00;5;2189.8;completed;Airbnb;GRO_390
book_2711;gst_0526;prop_20;2026-07-04 15:00:00;2026-07-09 11:00:00;5;2597.03;completed;Direct;GRO_612
book_2716;gst_3333;prop_67;2026-07-04 15:00:00;2026-07-07 11:00:00;3;9063.25;completed;Direct;GRO_612
book_2718;gst_0113;prop_35;2026-07-04 15:00:00;2026-07-09 11:00:00;5;2629.15;completed;Airbnb;GRO_831
book_2720;gst_2032;prop_69;2026-07-04 15:00:00;2026-07-08 11:00:00;4;2249.63;completed;Booking.com;GRO_612
book_2721;gst_1583;prop_31;2026-07-04 15:00:00;2026-07-08 11:00:00;4;567.68;completed;Direct;GRO_831
book_2726;gst_2558;prop_15;2026-07-06 15:00:00;2026-07-10 11:00:00;4;2241.73;completed;Booking.com;GRO_254
book_2737;gst_1150;prop_65;2026-07-07 15:00:00;2026-07-12 11:00:00;5;2630.73;completed;Direct;GRO_254
book_2745;gst_0494;prop_42;2026-07-07 15:00:00;2026-07-12 11:00:00;5;2629.75;completed;Booking.com;GRO_390
book_2749;gst_3172;prop_2;2026-07-07 15:00:00;2026-07-10 11:00:00;3;1640.57;completed;Booking.com;GRO_831
book_2755;gst_3131;prop_67;2026-07-08 15:00:00;2026-07-13 11:00:00;5;14855.75;completed;Airbnb;GRO_831
book_2756;gst_0371;prop_3;2026-07-08 15:00:00;2026-07-13 11:00:00;5;2477.7;completed;Airbnb;GRO_390
book_2758;gst_0306;prop_1;2026-07-08 15:00:00;2026-07-11 11:00:00;3;1816.74;completed;Direct;GRO_254
book_2759;gst_0811;prop_61;2026-07-08 15:00:00;2026-07-11 11:00:00;3;2748.2;completed;Airbnb;GRO_390
book_2773;gst_3142;prop_43;2026-07-09 15:00:00;2026-07-14 11:00:00;5;4080.75;completed;Direct;GRO_831
book_2784;gst_3508;prop_69;2026-07-08 15:00:00;2026-07-11 11:00:00;3;1768.64;completed;Direct;GRO_254
book_2785;gst_1567;prop_31;2026-07-09 15:00:00;2026-07-12 11:00:00;3;447.19;completed;Direct;GRO_254
book_2791;gst_0213;prop_20;2026-07-10 15:00:00;2026-07-14 11:00:00;4;2146.78;completed;Direct;GRO_831
book_2794;gst_1262;prop_35;2026-07-10 15:00:00;2026-07-13 11:00:00;0;0;cancelled;Direct;GRO_390
book_2798;gst_3599;prop_40;2026-07-09 15:00:00;2026-07-14 11:00:00;5;2788.7;completed;Airbnb;GRO_254
book_2802;gst_0301;prop_66;2026-07-10 15:00:00;2026-07-14 11:00:00;4;1768.9;completed;Direct;GRO_831
book_2804;gst_1556;prop_15;2026-07-10 15:00:00;2026-07-15 11:00:00;5;2730.73;completed;Airbnb;GRO_612
book_2814;gst_3956;prop_2;2026-07-11 15:00:00;2026-07-16 11:00:00;0;0;cancelled;Booking.com;GRO_390
book_2823;gst_3550;prop_1;2026-07-12 15:00:00;2026-07-17 11:00:00;5;2777.74;confirmed;Direct;GRO_254
book_2825;gst_0452;prop_61;2026-07-11 15:00:00;2026-07-14 11:00:00;3;2748.2;completed;Direct;GRO_612
book_2829;gst_1311;prop_69;2026-07-11 15:00:00;2026-07-16 11:00:00;5;2730.62;completed;Booking.com;GRO_831
book_2836;gst_4043;prop_65;2026-07-12 15:00:00;2026-07-16 11:00:00;4;2169.74;completed;Airbnb;GRO_254
book_2839;gst_2161;prop_42;2026-07-13 15:00:00;2026-07-16 11:00:00;3;1727.95;completed;Booking.com;GRO_254
book_2842;gst_4145;prop_31;2026-07-13 15:00:00;2026-07-17 11:00:00;4;567.68;completed;Booking.com;GRO_254
book_2853;gst_3352;prop_67;2026-07-13 15:00:00;2026-07-17 11:00:00;4;11959.5;completed;Airbnb;GRO_254
book_2854;gst_1023;prop_3;2026-07-14 15:00:00;2026-07-19 11:00:00;0;0;cancelled;Direct;GRO_390
book_2856;gst_2129;prop_35;2026-07-13 15:00:00;2026-07-18 11:00:00;5;2629.15;completed;Airbnb;GRO_612
book_2863;gst_1210;prop_43;2026-07-14 15:00:00;2026-07-19 11:00:00;5;4080.75;completed;Direct;GRO_254
book_2864;gst_1964;prop_66;2026-07-15 15:00:00;2026-07-20 11:00:00;5;2189.8;completed;Direct;GRO_612
book_2865;gst_1706;prop_20;2026-07-15 15:00:00;2026-07-18 11:00:00;3;1696.53;completed;Airbnb;GRO_254
book_2875;gst_2016;prop_61;2026-07-15 15:00:00;2026-07-19 11:00:00;4;3549.19;completed;Airbnb;GRO_831
book_2878;gst_4489;prop_40;2026-07-14 15:00:00;2026-07-18 11:00:00;4;2301.01;completed;Airbnb;GRO_612
book_2884;gst_1981;prop_15;2026-07-16 15:00:00;2026-07-21 11:00:00;0;0;cancelled;Direct;GRO_390
book_2900;gst_4021;prop_65;2026-07-16 15:00:00;2026-07-20 11:00:00;4;2169.74;completed;Direct;GRO_390
book_2905;gst_4087;prop_42;2026-07-17 15:00:00;2026-07-20 11:00:00;3;1727.95;completed;Direct;GRO_254
book_2907;gst_4402;prop_69;2026-07-17 15:00:00;2026-07-22 11:00:00;5;2730.62;completed;Booking.com;GRO_390
book_2909;gst_1960;prop_2;2026-07-16 15:00:00;2026-07-21 11:00:00;5;2481.95;completed;Booking.com;GRO_831
book_2917;gst_4119;prop_67;2026-07-18 15:00:00;2026-07-21 11:00:00;3;9063.25;completed;Booking.com;GRO_612
book_2919;gst_1231;prop_1;2026-07-17 15:00:00;2026-07-22 11:00:00;5;2777.74;completed;Direct;GRO_254
book_2924;gst_1613;prop_31;2026-07-17 15:00:00;2026-07-21 11:00:00;4;567.68;completed;Airbnb;GRO_390
book_2929;gst_0025;prop_20;2026-07-19 15:00:00;2026-07-22 11:00:00;3;1696.53;completed;Airbnb;GRO_612
book_2935;gst_1014;prop_35;2026-07-18 15:00:00;2026-07-23 11:00:00;5;2629.15;completed;Booking.com;GRO_390
book_2936;gst_0280;prop_40;2026-07-18 15:00:00;2026-07-23 11:00:00;5;2788.7;completed;Direct;GRO_612
book_2940;gst_3747;prop_43;2026-07-19 15:00:00;2026-07-23 11:00:00;4;3291.5;completed;Direct;GRO_390
book_2945;gst_1784;prop_3;2026-07-20 15:00:00;2026-07-25 11:00:00;5;2477.7;confirmed;Booking.com;GRO_254
book_2947;gst_3919;prop_61;2026-07-20 15:00:00;2026-07-23 11:00:00;3;2748.2;completed;Booking.com;GRO_612
book_2955;gst_1681;prop_66;2026-07-20 15:00:00;2026-07-25 11:00:00;5;2189.8;completed;Airbnb;GRO_831
book_2956;gst_1136;prop_65;2026-07-21 15:00:00;2026-07-26 11:00:00;5;2630.73;completed;Direct;GRO_831
book_2962;gst_2373;prop_42;2026-07-20 15:00:00;2026-07-25 11:00:00;5;2629.75;completed;Direct;GRO_831
book_2973;gst_2305;prop_15;2026-07-21 15:00:00;2026-07-24 11:00:00;3;1752.73;completed;Booking.com;GRO_390
book_2976;gst_2329;prop_67;2026-07-22 15:00:00;2026-07-25 11:00:00;3;9063.25;completed;Booking.com;GRO_254
book_2981;gst_3559;prop_31;2026-07-21 15:00:00;2026-07-26 11:00:00;5;688.17;completed;Direct;GRO_831
book_2982;gst_4013;prop_2;2026-07-22 15:00:00;2026-07-26 11:00:00;4;2061.26;completed;Airbnb;GRO_254
book_2991;gst_0487;prop_20;2026-07-22 15:00:00;2026-07-27 11:00:00;5;2597.03;completed;Direct;GRO_254
book_2995;gst_4407;prop_1;2026-07-22 15:00:00;2026-07-25 11:00:00;3;1816.74;confirmed;Direct;GRO_254
book_2998;gst_0821;prop_69;2026-07-23 15:00:00;2026-07-26 11:00:00;3;1768.64;completed;Booking.com;GRO_254
book_3003;gst_1969;prop_43;2026-07-24 15:00:00;2026-07-29 11:00:00;0;0;cancelled;Airbnb;GRO_831
book_3011;gst_0366;prop_35;2026-07-23 15:00:00;2026-07-27 11:00:00;4;2178.37;completed;Direct;GRO_612
book_3012;gst_1698;prop_61;2026-07-23 15:00:00;2026-07-28 11:00:00;5;4350.18;completed;Booking.com;GRO_831
book_3015;gst_3266;prop_40;2026-07-24 15:00:00;2026-07-27 11:00:00;3;1813.32;confirmed;Booking.com;GRO_254
book_3018;gst_3921;prop_15;2026-07-25 15:00:00;2026-07-29 11:00:00;4;2241.73;completed;Direct;GRO_612
book_3030;gst_4424;prop_66;2026-07-25 15:00:00;2026-07-30 11:00:00;5;2189.8;completed;Airbnb;GRO_254
book_3036;gst_1703;prop_67;2026-07-26 15:00:00;2026-07-31 11:00:00;5;14855.75;completed;Direct;GRO_831
book_3037;gst_0714;prop_3;2026-07-26 15:00:00;2026-07-30 11:00:00;4;1997.2;completed;Direct;GRO_390
book_3039;gst_4123;prop_1;2026-07-25 15:00:00;2026-07-30 11:00:00;5;2777.74;completed;Airbnb;GRO_831
book_3040;gst_4025;prop_42;2026-07-26 15:00:00;2026-07-29 11:00:00;0;0;cancelled;Airbnb;GRO_612
book_3056;gst_0906;prop_65;2026-07-27 15:00:00;2026-08-01 11:00:00;5;2630.73;completed;Booking.com;GRO_390
book_3062;gst_1615;prop_69;2026-07-26 15:00:00;2026-07-29 11:00:00;3;1768.64;confirmed;Airbnb;GRO_831
book_3063;gst_2013;prop_31;2026-07-27 15:00:00;2026-07-30 11:00:00;3;447.19;completed;Direct;GRO_612
book_3065;gst_3850;prop_2;2026-07-27 15:00:00;2026-08-01 11:00:00;5;2481.95;completed;Airbnb;GRO_612
book_3070;gst_1722;prop_20;2026-07-27 15:00:00;2026-08-01 11:00:00;5;2597.03;completed;Direct;GRO_831
book_3074;gst_2522;prop_35;2026-07-28 15:00:00;2026-07-31 11:00:00;3;1727.59;completed;Booking.com;GRO_254
book_3078;gst_2371;prop_40;2026-07-27 15:00:00;2026-07-30 11:00:00;3;1813.32;completed;Direct;GRO_254
book_3088;gst_0548;prop_61;2026-07-28 15:00:00;2026-08-01 11:00:00;4;3549.19;completed;Booking.com;GRO_390
book_3098;gst_2678;prop_43;2026-07-30 15:00:00;2026-08-04 11:00:00;5;4080.75;completed;Direct;GRO_831
book_3100;gst_3338;prop_15;2026-07-30 15:00:00;2026-08-04 11:00:00;5;2730.73;completed;Direct;GRO_254
book_3104;gst_0793;prop_42;2026-07-29 15:00:00;2026-08-02 11:00:00;4;2178.85;completed;Booking.com;GRO_831
book_3109;gst_1989;prop_69;2026-07-29 15:00:00;2026-08-01 11:00:00;3;1768.64;completed;Booking.com;GRO_831
book_3113;gst_3972;prop_66;2026-07-30 15:00:00;2026-08-02 11:00:00;3;1348.0;completed;Airbnb;GRO_390
book_3120;gst_2315;prop_3;2026-07-30 15:00:00;2026-08-02 11:00:00;3;1516.7;completed;Airbnb;GRO_390
book_3123;gst_0819;prop_1;2026-07-30 15:00:00;2026-08-03 11:00:00;4;2297.24;completed;Direct;GRO_390
book_3127;gst_1827;prop_31;2026-07-30 15:00:00;2026-08-03 11:00:00;0;0;cancelled;Direct;GRO_831
book_3129;gst_3101;prop_40;2026-07-31 15:00:00;2026-08-03 11:00:00;3;1813.32;completed;Direct;GRO_612
book_3137;gst_0748;prop_67;2026-08-01 15:00:00;2026-08-06 11:00:00;5;14855.75;completed;Booking.com;GRO_254
book_3138;gst_3268;prop_35;2026-07-31 15:00:00;2026-08-03 11:00:00;3;1727.59;completed;Direct;GRO_254
book_3149;gst_3898;prop_65;2026-08-01 15:00:00;2026-08-05 11:00:00;4;2169.74;completed;Airbnb;GRO_390
book_3150;gst_1331;prop_20;2026-08-02 15:00:00;2026-08-07 11:00:00;5;2597.03;completed;Booking.com;GRO_254
book_3155;gst_1587;prop_61;2026-08-01 15:00:00;2026-08-05 11:00:00;0;0;cancelled;Direct;GRO_390
book_3157;gst_2984;prop_69;2026-08-01 15:00:00;2026-08-05 11:00:00;4;2249.63;completed;Booking.com;GRO_390
book_3158;gst_4111;prop_2;2026-08-02 15:00:00;2026-08-05 11:00:00;3;1640.57;completed;Airbnb;GRO_254
book_3162;gst_4151;prop_66;2026-08-02 15:00:00;2026-08-06 11:00:00;4;1768.9;completed;Direct;GRO_390
book_3170;gst_4258;prop_3;2026-08-03 15:00:00;2026-08-08 11:00:00;5;2477.7;completed;Booking.com;GRO_254
book_3171;gst_0430;prop_42;2026-08-03 15:00:00;2026-08-08 11:00:00;5;2629.75;completed;Airbnb;GRO_390
book_3179;gst_0716;prop_1;2026-08-03 15:00:00;2026-08-06 11:00:00;3;1816.74;completed;Direct;GRO_390
book_3180;gst_0283;prop_35;2026-08-03 15:00:00;2026-08-07 11:00:00;4;2178.37;completed;Direct;GRO_612
book_3183;gst_3198;prop_31;2026-08-04 15:00:00;2026-08-07 11:00:00;3;447.19;completed;Booking.com;GRO_612
book_3187;gst_4262;prop_40;2026-08-04 15:00:00;2026-08-09 11:00:00;5;2788.7;completed;Booking.com;GRO_390
book_3191;gst_1456;prop_43;2026-08-04 15:00:00;2026-08-09 11:00:00;5;4080.75;completed;Airbnb;GRO_254
book_3194;gst_2063;prop_15;2026-08-05 15:00:00;2026-08-09 11:00:00;4;2241.73;completed;Airbnb;GRO_612
book_3213;gst_0873;prop_65;2026-08-06 15:00:00;2026-08-11 11:00:00;5;2630.73;completed;Direct;GRO_254
book_3218;gst_2222;prop_61;2026-08-06 15:00:00;2026-08-11 11:00:00;5;4350.18;completed;Booking.com;GRO_612
book_3221;gst_0173;prop_69;2026-08-06 15:00:00;2026-08-09 11:00:00;3;1768.64;completed;Direct;GRO_831
book_3222;gst_2200;prop_2;2026-08-06 15:00:00;2026-08-11 11:00:00;0;0;cancelled;Airbnb;GRO_390
book_3227;gst_2541;prop_66;2026-08-06 15:00:00;2026-08-09 11:00:00;3;1348.0;completed;Direct;GRO_831
book_3232;gst_0503;prop_67;2026-08-06 15:00:00;2026-08-11 11:00:00;5;14855.75;completed;Booking.com;GRO_831
book_3234;gst_1733;prop_1;2026-08-06 15:00:00;2026-08-10 11:00:00;4;2297.24;completed;Airbnb;GRO_254
book_3241;gst_0823;prop_20;2026-08-08 15:00:00;2026-08-13 11:00:00;5;2597.03;completed;Airbnb;GRO_254
book_3245;gst_1941;prop_35;2026-08-08 15:00:00;2026-08-11 11:00:00;3;1727.59;completed;Airbnb;GRO_390
book_3248;gst_3532;prop_31;2026-08-07 15:00:00;2026-08-12 11:00:00;0;0;cancelled;Booking.com;GRO_254
book_3259;gst_1077;prop_3;2026-08-09 15:00:00;2026-08-13 11:00:00;4;1997.2;completed;Booking.com;GRO_831
book_3262;gst_0411;prop_42;2026-08-09 15:00:00;2026-08-12 11:00:00;3;1727.95;completed;Booking.com;GRO_831
book_3269;gst_2296;prop_43;2026-08-09 15:00:00;2026-08-12 11:00:00;3;2502.25;completed;Direct;GRO_254
book_3270;gst_4063;prop_66;2026-08-09 15:00:00;2026-08-13 11:00:00;4;1768.9;completed;Booking.com;GRO_390
book_3272;gst_1167;prop_15;2026-08-10 15:00:00;2026-08-13 11:00:00;3;1752.73;completed;Airbnb;GRO_612
book_3281;gst_4463;prop_69;2026-08-09 15:00:00;2026-08-13 11:00:00;4;2249.63;completed;Booking.com;GRO_612
book_3284;gst_1209;prop_40;2026-08-09 15:00:00;2026-08-12 11:00:00;3;1813.32;completed;Direct;GRO_612
book_3293;gst_2169;prop_1;2026-08-11 15:00:00;2026-08-16 11:00:00;5;2777.74;completed;Booking.com;GRO_390
book_3301;gst_0074;prop_65;2026-08-11 15:00:00;2026-08-16 11:00:00;5;2630.73;completed;Direct;GRO_254
book_3304;gst_2873;prop_67;2026-08-12 15:00:00;2026-08-17 11:00:00;5;14855.75;completed;Airbnb;GRO_831
book_3306;gst_1863;prop_35;2026-08-11 15:00:00;2026-08-16 11:00:00;5;2629.15;completed;Booking.com;GRO_390
book_3307;gst_0356;prop_61;2026-08-12 15:00:00;2026-08-15 11:00:00;0;0;cancelled;Direct;GRO_254
book_3310;gst_1075;prop_2;2026-08-11 15:00:00;2026-08-14 11:00:00;3;1640.57;completed;Booking.com;GRO_831
book_3314;gst_4252;prop_43;2026-08-12 15:00:00;2026-08-16 11:00:00;4;3291.5;completed;Airbnb;GRO_831
book_3315;gst_4162;prop_42;2026-08-12 15:00:00;2026-08-15 11:00:00;3;1727.95;completed;Airbnb;GRO_612
book_3319;gst_0468;prop_31;2026-08-13 15:00:00;2026-08-16 11:00:00;3;447.19;completed;Booking.com;GRO_612
book_3324;gst_1864;prop_40;2026-08-13 15:00:00;2026-08-16 11:00:00;3;1813.32;completed;Airbnb;GRO_390
book_3327;gst_1317;prop_66;2026-08-13 15:00:00;2026-08-18 11:00:00;5;2189.8;completed;Booking.com;GRO_831
book_3331;gst_2768;prop_20;2026-08-14 15:00:00;2026-08-19 11:00:00;5;2597.03;completed;Direct;GRO_831
book_3332;gst_0615;prop_15;2026-08-14 15:00:00;2026-08-18 11:00:00;0;0;cancelled;Booking.com;GRO_254
book_3335;gst_3597;prop_3;2026-08-13 15:00:00;2026-08-16 11:00:00;3;1516.7;completed;Direct;GRO_831
book_3341;gst_4260;prop_69;2026-08-14 15:00:00;2026-08-17 11:00:00;3;1768.64;completed;Airbnb;GRO_612
book_3362;gst_3312;prop_2;2026-08-15 15:00:00;2026-08-18 11:00:00;3;1640.57;completed;Airbnb;GRO_831
book_3371;gst_1130;prop_42;2026-08-16 15:00:00;2026-08-21 11:00:00;5;2629.75;completed;Direct;GRO_254
book_3374;gst_4106;prop_61;2026-08-16 15:00:00;2026-08-21 11:00:00;0;0;cancelled;Airbnb;GRO_612
book_3380;gst_0120;prop_43;2026-08-17 15:00:00;2026-08-22 11:00:00;5;4080.75;completed;Direct;GRO_390
book_3384;gst_2060;prop_65;2026-08-16 15:00:00;2026-08-21 11:00:00;5;2630.73;completed;Booking.com;GRO_831
book_3387;gst_3315;prop_3;2026-08-17 15:00:00;2026-08-21 11:00:00;0;0;cancelled;Direct;GRO_831
book_3389;gst_1728;prop_1;2026-08-16 15:00:00;2026-08-21 11:00:00;5;2777.74;completed;Booking.com;GRO_612
book_3390;gst_3631;prop_35;2026-08-17 15:00:00;2026-08-21 11:00:00;4;2178.37;completed;Booking.com;GRO_254
book_3392;gst_1935;prop_31;2026-08-16 15:00:00;2026-08-19 11:00:00;3;447.19;completed;Booking.com;GRO_831
book_3394;gst_3203;prop_40;2026-08-17 15:00:00;2026-08-22 11:00:00;5;2788.7;completed;Booking.com;GRO_390
book_3399;gst_1290;prop_67;2026-08-18 15:00:00;2026-08-21 11:00:00;3;9063.25;completed;Airbnb;GRO_390
book_3405;gst_1741;prop_69;2026-08-18 15:00:00;2026-08-22 11:00:00;4;2249.63;completed;Direct;GRO_831
book_3414;gst_0281;prop_66;2026-08-19 15:00:00;2026-08-23 11:00:00;4;1768.9;completed;Direct;GRO_612
book_3416;gst_3886;prop_15;2026-08-18 15:00:00;2026-08-22 11:00:00;4;2241.73;completed;Airbnb;GRO_254
book_3421;gst_1990;prop_2;2026-08-19 15:00:00;2026-08-24 11:00:00;5;2481.95;completed;Direct;GRO_390
book_3428;gst_0187;prop_20;2026-08-19 15:00:00;2026-08-22 11:00:00;3;1696.53;completed;Booking.com;GRO_612
book_3438;gst_1903;prop_31;2026-08-19 15:00:00;2026-08-24 11:00:00;5;688.17;completed;Direct;GRO_831
book_3459;gst_3267;prop_65;2026-08-21 15:00:00;2026-08-26 11:00:00;0;0;cancelled;Airbnb;GRO_831
book_3462;gst_0271;prop_67;2026-08-22 15:00:00;2026-08-26 11:00:00;0;0;cancelled;Direct;GRO_390
book_3463;gst_1384;prop_3;2026-08-22 15:00:00;2026-08-25 11:00:00;0;0;cancelled;Booking.com;GRO_390
book_3467;gst_1970;prop_1;2026-08-21 15:00:00;2026-08-25 11:00:00;4;2297.24;completed;Airbnb;GRO_390
book_3468;gst_4323;prop_42;2026-08-21 15:00:00;2026-08-26 11:00:00;5;2629.75;completed;Booking.com;GRO_390
book_3469;gst_1574;prop_35;2026-08-21 15:00:00;2026-08-24 11:00:00;3;1727.59;completed;Direct;GRO_254
book_3470;gst_4439;prop_61;2026-08-22 15:00:00;2026-08-26 11:00:00;4;3549.19;completed;Direct;GRO_254
book_3480;gst_0026;prop_43;2026-08-23 15:00:00;2026-08-28 11:00:00;0;0;cancelled;Direct;GRO_390
book_3482;gst_1113;prop_20;2026-08-23 15:00:00;2026-08-26 11:00:00;3;1696.53;completed;Airbnb;GRO_612
book_3483;gst_1034;prop_15;2026-08-23 15:00:00;2026-08-27 11:00:00;4;2241.73;completed;Direct;GRO_612
book_3487;gst_3423;prop_69;2026-08-23 15:00:00;2026-08-27 11:00:00;4;2249.63;completed;Booking.com;GRO_390
book_3490;gst_0091;prop_40;2026-08-22 15:00:00;2026-08-26 11:00:00;4;2301.01;completed;Booking.com;GRO_254
book_3492;gst_0681;prop_66;2026-08-23 15:00:00;2026-08-28 11:00:00;5;2189.8;completed;Direct;GRO_831
book_3507;gst_4000;prop_35;2026-08-25 15:00:00;2026-08-29 11:00:00;0;0;cancelled;Direct;GRO_831
book_3512;gst_4222;prop_31;2026-08-24 15:00:00;2026-08-27 11:00:00;0;0;cancelled;Direct;GRO_254
book_3515;gst_3695;prop_2;2026-08-24 15:00:00;2026-08-28 11:00:00;4;2061.26;completed;Direct;GRO_831
book_3525;gst_1503;prop_3;2026-08-25 15:00:00;2026-08-29 11:00:00;4;1997.2;completed;Booking.com;GRO_831
book_3528;gst_1221;prop_1;2026-08-26 15:00:00;2026-08-29 11:00:00;3;1816.74;completed;Airbnb;GRO_254
book_3537;gst_3670;prop_65;2026-08-27 15:00:00;2026-09-01 11:00:00;5;2630.73;completed;Booking.com;GRO_831
book_3538;gst_1929;prop_20;2026-08-27 15:00:00;2026-08-30 11:00:00;3;1696.53;completed;Direct;GRO_831
book_3542;gst_2741;prop_67;2026-08-26 15:00:00;2026-08-30 11:00:00;0;0;cancelled;Direct;GRO_254
book_3546;gst_3624;prop_42;2026-08-26 15:00:00;2026-08-29 11:00:00;3;1727.95;completed;Direct;GRO_612
book_3548;gst_4195;prop_61;2026-08-27 15:00:00;2026-08-30 11:00:00;3;2748.2;completed;Booking.com;GRO_831
book_3553;gst_3761;prop_40;2026-08-27 15:00:00;2026-09-01 11:00:00;5;2788.7;completed;Direct;GRO_254
book_3557;gst_4190;prop_15;2026-08-27 15:00:00;2026-08-30 11:00:00;3;1752.73;completed;Booking.com;GRO_390
book_3562;gst_1675;prop_69;2026-08-27 15:00:00;2026-09-01 11:00:00;5;2730.62;completed;Booking.com;GRO_612
book_3563;gst_1737;prop_31;2026-08-27 15:00:00;2026-08-31 11:00:00;4;567.68;completed;Direct;GRO_390
book_3572;gst_2453;prop_43;2026-08-29 15:00:00;2026-09-02 11:00:00;0;0;cancelled;Direct;GRO_612
book_3573;gst_0272;prop_66;2026-08-29 15:00:00;2026-09-03 11:00:00;5;2189.8;completed;Direct;GRO_390
book_3580;gst_3255;prop_2;2026-08-29 15:00:00;2026-09-03 11:00:00;5;2481.95;completed;Direct;GRO_612
book_3589;gst_4051;prop_3;2026-08-29 15:00:00;2026-09-01 11:00:00;3;1516.7;completed;Direct;GRO_390
book_3592;gst_3505;prop_1;2026-08-29 15:00:00;2026-09-02 11:00:00;4;2297.24;completed;Airbnb;GRO_612
book_3593;gst_2755;prop_42;2026-08-30 15:00:00;2026-09-02 11:00:00;3;1727.95;completed;Direct;GRO_254
book_3594;gst_2394;prop_35;2026-08-29 15:00:00;2026-09-02 11:00:00;4;2178.37;completed;Direct;GRO_390
book_3605;gst_1310;prop_20;2026-08-31 15:00:00;2026-09-03 11:00:00;3;1696.53;completed;Direct;GRO_612
book_3606;gst_2403;prop_15;2026-08-31 15:00:00;2026-09-05 11:00:00;5;2730.73;completed;Direct;GRO_612
book_3608;gst_0168;prop_67;2026-08-30 15:00:00;2026-09-02 11:00:00;3;9063.25;completed;Booking.com;GRO_831
book_3610;gst_0910;prop_61;2026-08-30 15:00:00;2026-09-04 11:00:00;5;4350.18;completed;Airbnb;GRO_254
book_3624;gst_0768;prop_31;2026-09-01 15:00:00;2026-09-05 11:00:00;4;567.68;completed;Airbnb;GRO_831
book_3628;gst_3607;prop_65;2026-09-01 15:00:00;2026-09-05 11:00:00;4;2169.74;completed;Booking.com;GRO_612
book_3631;gst_0942;prop_3;2026-09-02 15:00:00;2026-09-04 11:00:00;0;0;cancelled;Airbnb;GRO_254
book_3639;gst_2185;prop_69;2026-09-01 15:00:00;2026-09-04 11:00:00;0;0;cancelled;Airbnb;GRO_254
book_3646;gst_0740;prop_40;2026-09-02 15:00:00;2026-09-05 11:00:00;3;1813.32;completed;Direct;GRO_254
book_3647;gst_2312;prop_43;2026-09-04 15:00:00;2026-09-06 11:00:00;2;1713.0;completed;Booking.com;GRO_612
book_3652;gst_4303;prop_67;2026-09-05 15:00:00;2026-09-07 11:00:00;2;6167.0;completed;Direct;GRO_390
book_3656;gst_4158;prop_1;2026-09-04 15:00:00;2026-09-06 11:00:00;2;1336.24;completed;Direct;GRO_254
book_3657;gst_3519;prop_42;2026-09-05 15:00:00;2026-09-08 11:00:00;3;1727.95;completed;Booking.com;GRO_390
book_3658;gst_0265;prop_35;2026-09-04 15:00:00;2026-09-06 11:00:00;2;1276.81;completed;Booking.com;GRO_254
book_3663;gst_2790;prop_66;2026-09-05 15:00:00;2026-09-08 11:00:00;3;1348.0;completed;Booking.com;GRO_831
book_3666;gst_2426;prop_20;2026-09-05 15:00:00;2026-09-08 11:00:00;3;1696.53;completed;Airbnb;GRO_254
book_3676;gst_1477;prop_2;2026-09-04 15:00:00;2026-09-06 11:00:00;2;1219.88;confirmed;Booking.com;GRO_612
book_3683;gst_0003;prop_3;2026-09-04 15:00:00;2026-09-08 11:00:00;4;1997.2;completed;Booking.com;GRO_390
book_3688;gst_0491;prop_61;2026-09-05 15:00:00;2026-09-07 11:00:00;2;1947.21;completed;Booking.com;GRO_612
book_3690;gst_1486;prop_69;2026-09-06 15:00:00;2026-09-08 11:00:00;2;1287.65;completed;Direct;GRO_254
book_3696;gst_3455;prop_65;2026-09-06 15:00:00;2026-09-10 11:00:00;4;2169.74;completed;Airbnb;GRO_254
book_3697;gst_2726;prop_15;2026-09-08 15:00:00;2026-09-11 11:00:00;3;1752.73;completed;Airbnb;GRO_831
book_3705;gst_3044;prop_31;2026-09-05 15:00:00;2026-09-07 11:00:00;2;326.7;completed;Booking.com;GRO_390
book_3710;gst_3636;prop_40;2026-09-06 15:00:00;2026-09-09 11:00:00;3;1813.32;completed;Direct;GRO_254
book_3712;gst_0284;prop_43;2026-09-06 15:00:00;2026-09-09 11:00:00;3;2502.25;completed;Booking.com;GRO_831
book_3718;gst_2683;prop_1;2026-09-07 15:00:00;2026-09-11 11:00:00;0;0;cancelled;Direct;GRO_390
book_3720;gst_3008;prop_35;2026-09-06 15:00:00;2026-09-10 11:00:00;4;2178.37;completed;Direct;GRO_612
book_3722;gst_2452;prop_2;2026-09-06 15:00:00;2026-09-10 11:00:00;0;0;cancelled;Airbnb;GRO_390
book_3728;gst_1268;prop_67;2026-09-10 15:00:00;2026-09-12 11:00:00;2;6167.0;completed;Booking.com;GRO_390
book_3732;gst_2718;prop_61;2026-09-09 15:00:00;2026-09-12 11:00:00;3;2748.2;completed;Booking.com;GRO_390
book_3734;gst_4065;prop_31;2026-09-10 15:00:00;2026-09-12 11:00:00;2;326.7;completed;Booking.com;GRO_254
book_3742;gst_1878;prop_66;2026-09-08 15:00:00;2026-09-11 11:00:00;3;1348.0;completed;Direct;GRO_390
book_3745;gst_2929;prop_20;2026-09-10 15:00:00;2026-09-12 11:00:00;0;0;cancelled;Direct;GRO_254
book_3751;gst_3916;prop_3;2026-09-08 15:00:00;2026-09-10 11:00:00;2;1036.2;completed;Direct;GRO_831
book_3753;gst_1666;prop_42;2026-09-09 15:00:00;2026-09-13 11:00:00;0;0;cancelled;Booking.com;GRO_612
book_3758;gst_0466;prop_69;2026-09-09 15:00:00;2026-09-13 11:00:00;4;2249.63;completed;Booking.com;GRO_831
book_3761;gst_0574;prop_43;2026-09-09 15:00:00;2026-09-12 11:00:00;3;2502.25;completed;Booking.com;GRO_390
book_3773;gst_1764;prop_40;2026-09-12 15:00:00;2026-09-14 11:00:00;2;1325.63;completed;Direct;GRO_390
book_3779;gst_0767;prop_65;2026-09-11 15:00:00;2026-09-15 11:00:00;4;2169.74;completed;Direct;GRO_390
book_3782;gst_0784;prop_3;2026-09-11 15:00:00;2026-09-15 11:00:00;4;1997.2;completed;Booking.com;GRO_831
book_3783;gst_2134;prop_35;2026-09-13 15:00:00;2026-09-15 11:00:00;2;1276.81;completed;Airbnb;GRO_254
book_3786;gst_3530;prop_2;2026-09-13 15:00:00;2026-09-16 11:00:00;0;0;cancelled;Direct;GRO_612
book_3789;gst_2430;prop_66;2026-09-14 15:00:00;2026-09-18 11:00:00;4;1768.9;completed;Airbnb;GRO_390
book_3790;gst_2333;prop_15;2026-09-12 15:00:00;2026-09-16 11:00:00;4;2241.73;completed;Airbnb;GRO_831
book_3796;gst_1516;prop_1;2026-09-12 15:00:00;2026-09-14 11:00:00;2;1336.24;completed;Booking.com;GRO_390
book_3803;gst_1392;prop_43;2026-09-14 15:00:00;2026-09-17 11:00:00;3;2502.25;completed;Direct;GRO_612
book_3806;gst_0029;prop_20;2026-09-13 15:00:00;2026-09-15 11:00:00;2;1246.28;completed;Airbnb;GRO_612
book_3813;gst_4436;prop_67;2026-09-13 15:00:00;2026-09-15 11:00:00;2;6167.0;completed;Direct;GRO_612
book_3818;gst_2879;prop_61;2026-09-13 15:00:00;2026-09-17 11:00:00;4;3549.19;completed;Direct;GRO_390
book_3822;gst_0028;prop_31;2026-09-12 15:00:00;2026-09-16 11:00:00;4;567.68;completed;Booking.com;GRO_831
book_3830;gst_0421;prop_42;2026-09-16 15:00:00;2026-09-18 11:00:00;2;1277.05;completed;Airbnb;GRO_254
book_3835;gst_1329;prop_69;2026-09-13 15:00:00;2026-09-15 11:00:00;2;1287.65;completed;Booking.com;GRO_254
book_3841;gst_1243;prop_1;2026-09-16 15:00:00;2026-09-20 11:00:00;4;2297.24;completed;Airbnb;GRO_612
book_3848;gst_1747;prop_40;2026-09-17 15:00:00;2026-09-20 11:00:00;3;1813.32;completed;Direct;GRO_254
book_3852;gst_4233;prop_65;2026-09-17 15:00:00;2026-09-21 11:00:00;4;2169.74;completed;Booking.com;GRO_612
book_3853;gst_2793;prop_20;2026-09-16 15:00:00;2026-09-18 11:00:00;0;0;cancelled;Booking.com;GRO_254
book_3854;gst_2888;prop_67;2026-09-16 15:00:00;2026-09-18 11:00:00;2;6167.0;completed;Direct;GRO_612
book_3855;gst_4363;prop_3;2026-09-18 15:00:00;2026-09-22 11:00:00;4;1997.2;completed;Direct;GRO_831
book_3858;gst_4437;prop_35;2026-09-17 15:00:00;2026-09-19 11:00:00;2;1276.81;completed;Direct;GRO_254
book_3861;gst_3617;prop_69;2026-09-15 15:00:00;2026-09-17 11:00:00;2;1287.65;completed;Direct;GRO_390
book_3870;gst_3533;prop_15;2026-09-16 15:00:00;2026-09-20 11:00:00;4;2241.73;completed;Airbnb;GRO_831
book_3877;gst_0467;prop_31;2026-09-19 15:00:00;2026-09-22 11:00:00;3;447.19;completed;Booking.com;GRO_612
book_3878;gst_2143;prop_2;2026-09-19 15:00:00;2026-09-22 11:00:00;3;1640.57;confirmed;Direct;GRO_254
book_3882;gst_0389;prop_43;2026-09-20 15:00:00;2026-09-22 11:00:00;2;1713.0;completed;Airbnb;GRO_254
book_3892;gst_0957;prop_61;2026-09-19 15:00:00;2026-09-22 11:00:00;3;2748.2;completed;Airbnb;GRO_254
book_3893;gst_4216;prop_69;2026-09-20 15:00:00;2026-09-23 11:00:00;3;1768.64;completed;Booking.com;GRO_390
book_3899;gst_3742;prop_66;2026-09-20 15:00:00;2026-09-24 11:00:00;4;1768.9;completed;Direct;GRO_831
book_3901;gst_2043;prop_20;2026-09-20 15:00:00;2026-09-23 11:00:00;3;1696.53;completed;Airbnb;GRO_390
book_3906;gst_1276;prop_67;2026-09-20 15:00:00;2026-09-24 11:00:00;4;11959.5;completed;Airbnb;GRO_831
book_3909;gst_3113;prop_42;2026-09-21 15:00:00;2026-09-25 11:00:00;4;2178.85;completed;Booking.com;GRO_612
book_3922;gst_0908;prop_35;2026-09-22 15:00:00;2026-09-24 11:00:00;2;1276.81;completed;Booking.com;GRO_612
book_3928;gst_3722;prop_15;2026-09-22 15:00:00;2026-09-26 11:00:00;4;2241.73;completed;Booking.com;GRO_831
book_3932;gst_1007;prop_1;2026-09-23 15:00:00;2026-09-26 11:00:00;3;1816.74;completed;Direct;GRO_390
book_3938;gst_1393;prop_40;2026-09-20 15:00:00;2026-09-24 11:00:00;4;2301.01;completed;Airbnb;GRO_390
book_3942;gst_4194;prop_65;2026-09-21 15:00:00;2026-09-23 11:00:00;2;1247.76;completed;Airbnb;GRO_390
book_3953;gst_3176;prop_43;2026-09-22 15:00:00;2026-09-26 11:00:00;4;3291.5;confirmed;Direct;GRO_390
book_3958;gst_0874;prop_3;2026-09-23 15:00:00;2026-09-25 11:00:00;2;1036.2;completed;Airbnb;GRO_831
book_3964;gst_0573;prop_61;2026-09-22 15:00:00;2026-09-24 11:00:00;2;1947.21;completed;Airbnb;GRO_254
book_3967;gst_0203;prop_31;2026-09-23 15:00:00;2026-09-26 11:00:00;3;447.19;completed;Airbnb;GRO_390
book_3968;gst_0666;prop_2;2026-09-24 15:00:00;2026-09-26 11:00:00;2;1219.88;completed;Airbnb;GRO_831
book_3974;gst_0318;prop_65;2026-09-23 15:00:00;2026-09-27 11:00:00;4;2169.74;completed;Direct;GRO_831
book_3975;gst_0485;prop_20;2026-09-25 15:00:00;2026-09-27 11:00:00;2;1246.28;completed;Direct;GRO_831
book_3982;gst_4318;prop_69;2026-09-25 15:00:00;2026-09-29 11:00:00;4;2249.63;completed;Direct;GRO_612
book_3986;gst_0246;prop_66;2026-09-26 15:00:00;2026-09-30 11:00:00;4;1768.9;completed;Booking.com;GRO_831
book_3991;gst_3782;prop_67;2026-09-25 15:00:00;2026-09-28 11:00:00;3;9063.25;completed;Booking.com;GRO_612
book_3996;gst_2438;prop_35;2026-09-27 15:00:00;2026-09-30 11:00:00;3;1727.59;completed;Booking.com;GRO_254
book_3998;gst_1661;prop_61;2026-09-24 15:00:00;2026-09-26 11:00:00;0;0;cancelled;Direct;GRO_254
book_4004;gst_0905;prop_40;2026-09-24 15:00:00;2026-09-28 11:00:00;4;2301.01;completed;Booking.com;GRO_254
book_4010;gst_2634;prop_3;2026-09-25 15:00:00;2026-09-28 11:00:00;0;0;cancelled;Direct;GRO_254
book_4011;gst_2463;prop_42;2026-09-25 15:00:00;2026-09-29 11:00:00;4;2178.85;completed;Booking.com;GRO_831
book_4020;gst_2324;prop_43;2026-09-27 15:00:00;2026-10-01 11:00:00;4;3291.5;completed;Booking.com;GRO_390
book_4021;gst_1460;prop_15;2026-09-27 15:00:00;2026-09-30 11:00:00;3;1752.73;completed;Direct;GRO_831
book_4028;gst_0160;prop_1;2026-09-26 15:00:00;2026-09-29 11:00:00;3;1816.74;completed;Booking.com;GRO_390
book_4029;gst_0920;prop_61;2026-09-28 15:00:00;2026-09-30 11:00:00;2;1947.21;completed;Direct;GRO_612
book_4030;gst_3040;prop_2;2026-09-26 15:00:00;2026-09-30 11:00:00;4;2061.26;completed;Airbnb;GRO_254
book_4034;gst_2187;prop_65;2026-09-30 15:00:00;2026-10-04 11:00:00;4;2169.74;completed;Direct;GRO_390
book_4035;gst_4179;prop_20;2026-09-30 15:00:00;2026-10-03 11:00:00;3;1696.53;completed;Airbnb;GRO_612
book_4051;gst_2883;prop_67;2026-09-29 15:00:00;2026-10-02 11:00:00;3;9063.25;completed;Booking.com;GRO_390
book_4052;gst_3218;prop_3;2026-09-28 15:00:00;2026-10-01 11:00:00;3;1516.7;completed;Airbnb;GRO_831
book_4058;gst_2210;prop_40;2026-09-29 15:00:00;2026-10-02 11:00:00;3;1813.32;completed;Direct;GRO_612
book_4067;gst_1040;prop_1;2026-10-02 15:00:00;2026-10-04 11:00:00;2;1336.24;completed;Booking.com;GRO_254
book_4068;gst_2536;prop_42;2026-09-29 15:00:00;2026-10-02 11:00:00;3;1727.95;completed;Airbnb;GRO_254
book_4072;gst_0054;prop_69;2026-09-29 15:00:00;2026-10-02 11:00:00;3;1768.64;completed;Airbnb;GRO_831
book_4078;gst_3378;prop_66;2026-10-02 15:00:00;2026-10-05 11:00:00;3;1348.0;completed;Airbnb;GRO_254
book_4079;gst_2280;prop_15;2026-09-30 15:00:00;2026-10-03 11:00:00;3;1752.73;completed;Booking.com;GRO_612
book_4084;gst_4380;prop_35;2026-10-03 15:00:00;2026-10-05 11:00:00;2;1276.81;completed;Airbnb;GRO_254
book_4086;gst_3591;prop_61;2026-10-03 15:00:00;2026-10-05 11:00:00;2;1947.21;completed;Airbnb;GRO_390
book_4088;gst_3891;prop_2;2026-09-30 15:00:00;2026-10-02 11:00:00;2;1219.88;completed;Direct;GRO_390
book_4091;gst_1889;prop_43;2026-10-02 15:00:00;2026-10-04 11:00:00;2;1713.0;completed;Booking.com;GRO_254
book_4096;gst_1385;prop_3;2026-10-04 15:00:00;2026-10-07 11:00:00;3;1516.7;completed;Booking.com;GRO_254
book_4103;gst_0071;prop_67;2026-10-02 15:00:00;2026-10-04 11:00:00;0;0;cancelled;Booking.com;GRO_390
book_4106;gst_1693;prop_42;2026-10-06 15:00:00;2026-10-09 11:00:00;3;1727.95;completed;Direct;GRO_254
book_4108;gst_3201;prop_69;2026-10-07 15:00:00;2026-10-09 11:00:00;2;1287.65;completed;Airbnb;GRO_612
book_4109;gst_1617;prop_2;2026-10-05 15:00:00;2026-10-07 11:00:00;2;1219.88;completed;Airbnb;GRO_390
book_4111;gst_4204;prop_40;2026-10-05 15:00:00;2026-10-07 11:00:00;2;1325.63;completed;Direct;GRO_831
book_4115;gst_4442;prop_20;2026-10-03 15:00:00;2026-10-05 11:00:00;2;1246.28;completed;Direct;GRO_254
book_4116;gst_1180;prop_15;2026-10-05 15:00:00;2026-10-08 11:00:00;3;1752.73;completed;Airbnb;GRO_390
book_4127;gst_2175;prop_43;2026-10-09 15:00:00;2026-10-11 11:00:00;2;1713.0;completed;Direct;GRO_390
book_4129;gst_1944;prop_65;2026-10-07 15:00:00;2026-10-10 11:00:00;3;1708.75;completed;Direct;GRO_254
book_4134;gst_1346;prop_67;2026-10-06 15:00:00;2026-10-09 11:00:00;3;9063.25;completed;Direct;GRO_254
book_4136;gst_2999;prop_1;2026-10-06 15:00:00;2026-10-08 11:00:00;2;1336.24;completed;Direct;GRO_612
book_4142;gst_2930;prop_66;2026-10-10 15:00:00;2026-10-13 11:00:00;3;1348.0;completed;Direct;GRO_390
book_4144;gst_0994;prop_20;2026-10-07 15:00:00;2026-10-09 11:00:00;2;1246.28;completed;Airbnb;GRO_254
book_4148;gst_1554;prop_35;2026-10-09 15:00:00;2026-10-11 11:00:00;2;1276.81;completed;Direct;GRO_390
book_4149;gst_2968;prop_61;2026-10-10 15:00:00;2026-10-13 11:00:00;3;2748.2;completed;Direct;GRO_254
book_4164;gst_2684;prop_3;2026-10-08 15:00:00;2026-10-11 11:00:00;3;1516.7;completed;Direct;GRO_612
book_4168;gst_3261;prop_2;2026-10-08 15:00:00;2026-10-11 11:00:00;3;1640.57;completed;Direct;GRO_612
book_4170;gst_3503;prop_40;2026-10-08 15:00:00;2026-10-11 11:00:00;3;1813.32;completed;Airbnb;GRO_390
book_4174;gst_0842;prop_15;2026-10-13 15:00:00;2026-10-16 11:00:00;3;1752.73;completed;Airbnb;GRO_390
book_4180;gst_1558;prop_1;2026-10-08 15:00:00;2026-10-10 11:00:00;2;1336.24;completed;Airbnb;GRO_612
book_4188;gst_3389;prop_20;2026-10-12 15:00:00;2026-10-14 11:00:00;2;1246.28;completed;Direct;GRO_831
book_4192;gst_1467;prop_67;2026-10-09 15:00:00;2026-10-11 11:00:00;2;6167.0;completed;Booking.com;GRO_390
book_4194;gst_3984;prop_42;2026-10-13 15:00:00;2026-10-15 11:00:00;2;1277.05;completed;Direct;GRO_390
book_4196;gst_2402;prop_69;2026-10-14 15:00:00;2026-10-16 11:00:00;2;1287.65;completed;Direct;GRO_612
book_4199;gst_4413;prop_65;2026-10-11 15:00:00;2026-10-13 11:00:00;2;1247.76;completed;Airbnb;GRO_831
book_4201;gst_2049;prop_1;2026-10-15 15:00:00;2026-10-18 11:00:00;3;1816.74;completed;Direct;GRO_390
book_4205;gst_1219;prop_43;2026-10-11 15:00:00;2026-10-13 11:00:00;2;1713.0;completed;Booking.com;GRO_390
book_4211;gst_1609;prop_67;2026-10-16 15:00:00;2026-10-19 11:00:00;3;9063.25;completed;Booking.com;GRO_390
book_4212;gst_1642;prop_3;2026-10-11 15:00:00;2026-10-14 11:00:00;3;1516.7;completed;Direct;GRO_831
book_4213;gst_1629;prop_35;2026-10-14 15:00:00;2026-10-16 11:00:00;2;1276.81;completed;Booking.com;GRO_254
book_4215;gst_2246;prop_2;2026-10-13 15:00:00;2026-10-16 11:00:00;3;1640.57;completed;Airbnb;GRO_831
book_4216;gst_2473;prop_40;2026-10-14 15:00:00;2026-10-17 11:00:00;3;1813.32;completed;Booking.com;GRO_390
book_4227;gst_1986;prop_43;2026-10-15 15:00:00;2026-10-17 11:00:00;2;1713.0;completed;Direct;GRO_612
book_4229;gst_0890;prop_66;2026-10-14 15:00:00;2026-10-17 11:00:00;3;1348.0;completed;Airbnb;GRO_254
book_4232;gst_0809;prop_65;2026-10-17 15:00:00;2026-10-19 11:00:00;2;1247.76;completed;Airbnb;GRO_390
book_4235;gst_3263;prop_61;2026-10-17 15:00:00;2026-10-20 11:00:00;3;2748.2;completed;Direct;GRO_612
book_4241;gst_3010;prop_20;2026-10-14 15:00:00;2026-10-16 11:00:00;2;1246.28;completed;Booking.com;GRO_612
book_4245;gst_3605;prop_3;2026-10-17 15:00:00;2026-10-20 11:00:00;3;1516.7;completed;Booking.com;GRO_612
book_4253;gst_1711;prop_42;2026-10-19 15:00:00;2026-10-21 11:00:00;2;1277.05;completed;Direct;GRO_254
book_4256;gst_4155;prop_20;2026-10-18 15:00:00;2026-10-21 11:00:00;3;1696.53;completed;Airbnb;GRO_390
book_4257;gst_4408;prop_15;2026-10-21 15:00:00;2026-10-23 11:00:00;2;1263.73;completed;Airbnb;GRO_612
book_4259;gst_3779;prop_35;2026-10-20 15:00:00;2026-10-23 11:00:00;3;1727.59;completed;Airbnb;GRO_254
book_4263;gst_0585;prop_43;2026-10-19 15:00:00;2026-10-22 11:00:00;3;2502.25;completed;Booking.com;GRO_390
book_4264;gst_0368;prop_66;2026-10-18 15:00:00;2026-10-21 11:00:00;3;1348.0;completed;Direct;GRO_390
book_4275;gst_2198;prop_1;2026-10-20 15:00:00;2026-10-22 11:00:00;2;1336.24;completed;Direct;GRO_612
book_4281;gst_3804;prop_65;2026-10-23 15:00:00;2026-10-25 11:00:00;2;1247.76;completed;Booking.com;GRO_831
book_4285;gst_2497;prop_67;2026-10-21 15:00:00;2026-10-23 11:00:00;2;6167.0;completed;Direct;GRO_390
book_4292;gst_0282;prop_3;2026-10-24 15:00:00;2026-10-26 11:00:00;2;1036.2;completed;Booking.com;GRO_390
book_4294;gst_1282;prop_61;2026-10-25 15:00:00;2026-10-28 11:00:00;3;2748.2;completed;Direct;GRO_831
book_4298;gst_3231;prop_66;2026-10-26 15:00:00;2026-10-29 11:00:00;3;1348.0;completed;Booking.com;GRO_612
book_4299;gst_4042;prop_20;2026-10-21 15:00:00;2026-10-24 11:00:00;3;1696.53;completed;Airbnb;GRO_612
book_4304;gst_2864;prop_42;2026-10-22 15:00:00;2026-10-25 11:00:00;3;1727.95;completed;Booking.com;GRO_831
book_4308;gst_3200;prop_43;2026-10-25 15:00:00;2026-10-28 11:00:00;3;2502.25;completed;Direct;GRO_831
book_4311;gst_4150;prop_1;2026-10-26 15:00:00;2026-10-28 11:00:00;2;1336.24;completed;Booking.com;GRO_831
book_4312;gst_1277;prop_15;2026-10-25 15:00:00;2026-10-28 11:00:00;3;1752.73;completed;Direct;GRO_831
book_4317;gst_3488;prop_67;2026-10-26 15:00:00;2026-10-29 11:00:00;3;9063.25;completed;Airbnb;GRO_254
book_4319;gst_0807;prop_35;2026-10-23 15:00:00;2026-10-25 11:00:00;2;1276.81;completed;Airbnb;GRO_831
book_4327;gst_2123;prop_20;2026-10-25 15:00:00;2026-10-27 11:00:00;0;0;cancelled;Direct;GRO_390
book_4337;gst_0974;prop_65;2026-10-27 15:00:00;2026-10-30 11:00:00;0;0;cancelled;Airbnb;GRO_612
book_4343;gst_4300;prop_42;2026-10-27 15:00:00;2026-10-29 11:00:00;2;1277.05;completed;Airbnb;GRO_831
book_4344;gst_4372;prop_35;2026-10-29 15:00:00;2026-11-01 11:00:00;3;1727.59;completed;Direct;GRO_612
book_4351;gst_4475;prop_3;2026-10-26 15:00:00;2026-10-29 11:00:00;3;1516.7;completed;Booking.com;GRO_390
book_4354;gst_0416;prop_20;2026-10-27 15:00:00;2026-10-29 11:00:00;2;1246.28;completed;Booking.com;GRO_831
book_4362;gst_2550;prop_43;2026-10-28 15:00:00;2026-10-31 11:00:00;3;2502.25;completed;Booking.com;GRO_612
book_4364;gst_0693;prop_15;2026-10-29 15:00:00;2026-11-01 11:00:00;3;1752.73;completed;Booking.com;GRO_831
book_4368;gst_0426;prop_1;2026-10-28 15:00:00;2026-10-31 11:00:00;3;1816.74;completed;Airbnb;GRO_390
book_4369;gst_1347;prop_61;2026-10-31 15:00:00;2026-11-03 11:00:00;3;2748.2;completed;Booking.com;GRO_254
book_4370;gst_1173;prop_66;2026-11-03 15:00:00;2026-11-05 11:00:00;2;927.1;completed;Booking.com;GRO_612
book_4373;gst_3658;prop_20;2026-10-31 15:00:00;2026-11-03 11:00:00;3;1696.53;completed;Direct;GRO_831
book_4376;gst_1348;prop_67;2026-10-30 15:00:00;2026-11-02 11:00:00;3;9063.25;completed;Airbnb;GRO_390
book_4377;gst_3134;prop_3;2026-11-02 15:00:00;2026-11-04 11:00:00;0;0;cancelled;Booking.com;GRO_612
book_4378;gst_2488;prop_42;2026-11-03 15:00:00;2026-11-06 11:00:00;3;1727.95;completed;Booking.com;GRO_831
book_4384;gst_3917;prop_65;2026-10-30 15:00:00;2026-11-02 11:00:00;3;1708.75;completed;Airbnb;GRO_390
book_4389;gst_4411;prop_43;2026-10-31 15:00:00;2026-11-02 11:00:00;2;1713.0;completed;Direct;GRO_831
book_4394;gst_2613;prop_1;2026-11-05 15:00:00;2026-11-08 11:00:00;3;1816.74;completed;Direct;GRO_254
book_4398;gst_0302;prop_15;2026-11-03 15:00:00;2026-11-06 11:00:00;3;1752.73;completed;Direct;GRO_254
book_4404;gst_0713;prop_35;2026-11-02 15:00:00;2026-11-04 11:00:00;2;1276.81;completed;Airbnb;GRO_390
book_4405;gst_0899;prop_43;2026-11-04 15:00:00;2026-11-07 11:00:00;3;2502.25;completed;Booking.com;GRO_612
book_4408;gst_1659;prop_65;2026-11-03 15:00:00;2026-11-05 11:00:00;2;1247.76;completed;Direct;GRO_831
book_4413;gst_3953;prop_67;2026-11-05 15:00:00;2026-11-08 11:00:00;3;9063.25;completed;Airbnb;GRO_390
book_4419;gst_3323;prop_20;2026-11-08 15:00:00;2026-11-10 11:00:00;2;1246.28;completed;Direct;GRO_254
book_4424;gst_1913;prop_61;2026-11-07 15:00:00;2026-11-09 11:00:00;2;1947.21;completed;Booking.com;GRO_831
book_4431;gst_0678;prop_3;2026-11-05 15:00:00;2026-11-08 11:00:00;3;1516.7;completed;Direct;GRO_612
book_4435;gst_2178;prop_35;2026-11-05 15:00:00;2026-11-07 11:00:00;2;1276.81;completed;Booking.com;GRO_831
book_4436;gst_1626;prop_66;2026-11-09 15:00:00;2026-11-11 11:00:00;2;927.1;completed;Direct;GRO_831
book_4438;gst_3297;prop_65;2026-11-08 15:00:00;2026-11-11 11:00:00;3;1708.75;completed;Booking.com;GRO_831
book_4444;gst_3672;prop_15;2026-11-09 15:00:00;2026-11-12 11:00:00;3;1752.73;completed;Airbnb;GRO_612
book_4448;gst_1011;prop_42;2026-11-11 15:00:00;2026-11-14 11:00:00;3;1727.95;completed;Direct;GRO_612
book_4450;gst_1381;prop_43;2026-11-11 15:00:00;2026-11-14 11:00:00;3;2502.25;completed;Direct;GRO_254
book_4458;gst_0700;prop_35;2026-11-08 15:00:00;2026-11-11 11:00:00;3;1727.59;completed;Direct;GRO_831
book_4462;gst_1223;prop_67;2026-11-13 15:00:00;2026-11-15 11:00:00;2;6167.0;completed;Airbnb;GRO_390
book_4463;gst_0814;prop_3;2026-11-10 15:00:00;2026-11-13 11:00:00;3;1516.7;completed;Direct;GRO_390
book_4466;gst_2516;prop_1;2026-11-10 15:00:00;2026-11-13 11:00:00;3;1816.74;completed;Direct;GRO_254
book_4470;gst_1771;prop_61;2026-11-11 15:00:00;2026-11-13 11:00:00;2;1947.21;completed;Booking.com;GRO_831
book_4475;gst_4351;prop_20;2026-11-12 15:00:00;2026-11-14 11:00:00;2;1246.28;completed;Direct;GRO_612
book_4482;gst_4296;prop_66;2026-11-11 15:00:00;2026-11-13 11:00:00;2;927.1;completed;Booking.com;GRO_254
book_4483;gst_1094;prop_65;2026-11-13 15:00:00;2026-11-16 11:00:00;3;1708.75;completed;Airbnb;GRO_390
book_4490;gst_3868;prop_35;2026-11-14 15:00:00;2026-11-16 11:00:00;2;1276.81;completed;Direct;GRO_254
book_4491;gst_3313;prop_15;2026-11-16 15:00:00;2026-11-19 11:00:00;3;1752.73;completed;Booking.com;GRO_831
book_4500;gst_2557;prop_66;2026-11-17 15:00:00;2026-11-20 11:00:00;3;1348.0;completed;Airbnb;GRO_390
book_4503;gst_0149;prop_3;2026-11-13 15:00:00;2026-11-16 11:00:00;3;1516.7;completed;Airbnb;GRO_390
book_4504;gst_0172;prop_1;2026-11-16 15:00:00;2026-11-19 11:00:00;3;1816.74;completed;Direct;GRO_254
book_4506;gst_0080;prop_61;2026-11-15 15:00:00;2026-11-17 11:00:00;2;1947.21;completed;Airbnb;GRO_612
book_4508;gst_0031;prop_43;2026-11-18 15:00:00;2026-11-21 11:00:00;3;2502.25;completed;Airbnb;GRO_612
book_4509;gst_0178;prop_20;2026-11-15 15:00:00;2026-11-17 11:00:00;2;1246.28;completed;Booking.com;GRO_254
book_4514;gst_0154;prop_42;2026-11-16 15:00:00;2026-11-18 11:00:00;2;1277.05;completed;Direct;GRO_254
book_4518;gst_0003;prop_67;2026-11-20 15:00:00;2026-11-22 11:00:00;2;6167.0;completed;Airbnb;GRO_831
book_4522;gst_0022;prop_65;2026-11-16 15:00:00;2026-11-18 11:00:00;2;1247.76;completed;Airbnb;GRO_254
book_4524;gst_0157;prop_3;2026-11-20 15:00:00;2026-11-23 11:00:00;3;1516.7;completed;Booking.com;GRO_612
book_4525;gst_0101;prop_35;2026-11-16 15:00:00;2026-11-18 11:00:00;2;1276.81;completed;Direct;GRO_612
book_4537;gst_0009;prop_61;2026-11-19 15:00:00;2026-11-22 11:00:00;3;2748.2;completed;Airbnb;GRO_254
book_4539;gst_0108;prop_65;2026-11-20 15:00:00;2026-11-22 11:00:00;2;1247.76;completed;Direct;GRO_254
book_4544;gst_0054;prop_42;2026-11-18 15:00:00;2026-11-21 11:00:00;3;1727.95;completed;Airbnb;GRO_254
book_4545;gst_0034;prop_35;2026-11-19 15:00:00;2026-11-22 11:00:00;3;1727.59;completed;Direct;GRO_254
book_4547;gst_0087;prop_15;2026-11-24 15:00:00;2026-11-27 11:00:00;3;1752.73;completed;Airbnb;GRO_831
book_4551;gst_0193;prop_1;2026-11-20 15:00:00;2026-11-23 11:00:00;3;1816.74;completed;Airbnb;GRO_254
book_4554;gst_0190;prop_66;2026-11-21 15:00:00;2026-11-24 11:00:00;3;1348.0;completed;Direct;GRO_390
book_4563;gst_0105;prop_43;2026-11-21 15:00:00;2026-11-24 11:00:00;3;2502.25;completed;Booking.com;GRO_831
book_4568;gst_0043;prop_42;2026-11-23 15:00:00;2026-11-26 11:00:00;3;1727.95;completed;Booking.com;GRO_390
book_4570;gst_0057;prop_65;2026-11-27 15:00:00;2026-11-30 11:00:00;3;1708.75;confirmed;Booking.com;GRO_254
book_4573;gst_0009;prop_67;2026-11-25 15:00:00;2026-11-27 11:00:00;2;6167.0;completed;Airbnb;GRO_831
book_4574;gst_0190;prop_35;2026-11-25 15:00:00;2026-11-28 11:00:00;3;1727.59;completed;Airbnb;GRO_254
book_4575;gst_0043;prop_61;2026-11-27 15:00:00;2026-11-29 11:00:00;2;1947.21;completed;Booking.com;GRO_612
book_4582;gst_0159;prop_3;2026-11-26 15:00:00;2026-11-28 11:00:00;2;1036.2;confirmed;Booking.com;GRO_254
book_4583;gst_0205;prop_1;2026-11-27 15:00:00;2026-11-30 11:00:00;3;1816.74;completed;Booking.com;GRO_612
book_4585;gst_0102;prop_43;2026-11-28 15:00:00;2026-11-30 11:00:00;2;1713.0;completed;Airbnb;GRO_612
book_4586;gst_0163;prop_66;2026-11-26 15:00:00;2026-11-29 11:00:00;3;1348.0;completed;Direct;GRO_831
book_4597;gst_0106;prop_42;2026-12-01 15:00:00;2026-12-03 11:00:00;2;1277.05;completed;Airbnb;GRO_612
book_4601;gst_0080;prop_15;2026-12-02 15:00:00;2026-12-04 11:00:00;2;1263.73;completed;Airbnb;GRO_390
book_4604;gst_0193;prop_67;2026-12-01 15:00:00;2026-12-03 11:00:00;2;6167.0;completed;Booking.com;GRO_390
book_4609;gst_0159;prop_3;2026-11-30 15:00:00;2026-12-02 11:00:00;2;1036.2;completed;Direct;GRO_390
book_4611;gst_0111;prop_35;2026-12-03 15:00:00;2026-12-06 11:00:00;3;1727.59;completed;Direct;GRO_612
book_4612;gst_0029;prop_66;2026-12-01 15:00:00;2026-12-04 11:00:00;3;1348.0;completed;Airbnb;GRO_390
book_4614;gst_0135;prop_61;2026-11-30 15:00:00;2026-12-03 11:00:00;3;2748.2;completed;Booking.com;GRO_612
book_4616;gst_0081;prop_43;2026-11-30 15:00:00;2026-12-02 11:00:00;2;1713.0;completed;Direct;GRO_390
book_4618;gst_0020;prop_65;2026-11-30 15:00:00;2026-12-02 11:00:00;2;1247.76;completed;Direct;GRO_254
book_4623;gst_0003;prop_1;2026-12-01 15:00:00;2026-12-04 11:00:00;0;0;cancelled;Airbnb;GRO_612
book_4631;gst_0133;prop_43;2026-12-03 15:00:00;2026-12-06 11:00:00;3;2502.25;completed;Direct;GRO_612
book_4634;gst_0127;prop_65;2026-12-02 15:00:00;2026-12-05 11:00:00;3;1708.75;completed;Airbnb;GRO_390
book_4639;gst_0015;prop_67;2026-12-03 15:00:00;2026-12-07 11:00:00;4;11959.5;completed;Direct;GRO_390
book_4640;gst_0221;prop_42;2026-12-03 15:00:00;2026-12-06 11:00:00;3;1727.95;completed;Direct;GRO_612
book_4641;gst_0122;prop_61;2026-12-04 15:00:00;2026-12-06 11:00:00;2;1947.21;completed;Airbnb;GRO_254
book_4642;gst_0071;prop_66;2026-12-05 15:00:00;2026-12-08 11:00:00;3;1348.0;completed;Booking.com;GRO_831
book_4643;gst_0114;prop_15;2026-12-04 15:00:00;2026-12-07 11:00:00;3;1752.73;completed;Booking.com;GRO_390
book_4650;gst_0033;prop_1;2026-12-04 15:00:00;2026-12-06 11:00:00;2;1336.24;completed;Booking.com;GRO_390
book_4655;gst_0017;prop_65;2026-12-06 15:00:00;2026-12-08 11:00:00;2;1247.76;completed;Direct;GRO_831
book_4659;gst_0079;prop_43;2026-12-07 15:00:00;2026-12-09 11:00:00;2;1713.0;completed;Booking.com;GRO_254
book_4667;gst_0176;prop_1;2026-12-07 15:00:00;2026-12-10 11:00:00;3;1816.74;completed;Airbnb;GRO_390
book_4668;gst_0114;prop_42;2026-12-06 15:00:00;2026-12-09 11:00:00;3;1727.95;completed;Booking.com;GRO_831
book_4670;gst_0199;prop_61;2026-12-07 15:00:00;2026-12-11 11:00:00;4;3549.19;completed;Direct;GRO_612
book_4672;gst_0066;prop_15;2026-12-07 15:00:00;2026-12-11 11:00:00;4;2241.73;completed;Direct;GRO_254
book_4673;gst_0008;prop_67;2026-12-08 15:00:00;2026-12-10 11:00:00;2;6167.0;completed;Booking.com;GRO_612
book_4675;gst_0136;prop_66;2026-12-09 15:00:00;2026-12-13 11:00:00;4;1768.9;completed;Airbnb;GRO_612
book_4676;gst_0127;prop_65;2026-12-09 15:00:00;2026-12-12 11:00:00;3;1708.75;completed;Direct;GRO_390
book_4682;gst_0094;prop_43;2026-12-09 15:00:00;2026-12-13 11:00:00;4;3291.5;completed;Airbnb;GRO_254
book_4689;gst_0192;prop_42;2026-12-10 15:00:00;2026-12-14 11:00:00;4;2178.85;completed;Direct;GRO_390
book_4694;gst_0119;prop_67;2026-12-10 15:00:00;2026-12-14 11:00:00;4;11959.5;completed;Airbnb;GRO_612
book_4697;gst_0178;prop_1;2026-12-10 15:00:00;2026-12-13 11:00:00;3;1816.74;completed;Booking.com;GRO_254
book_4699;gst_0026;prop_15;2026-12-12 15:00:00;2026-12-15 11:00:00;3;1752.73;completed;Direct;GRO_831
book_4701;gst_0194;prop_61;2026-12-12 15:00:00;2026-12-16 11:00:00;4;3549.19;completed;Direct;GRO_831
book_4705;gst_0047;prop_65;2026-12-12 15:00:00;2026-12-16 11:00:00;4;2169.74;completed;Booking.com;GRO_831
book_4713;gst_0093;prop_43;2026-12-14 15:00:00;2026-12-17 11:00:00;3;2502.25;completed;Booking.com;GRO_390
book_4714;gst_0107;prop_66;2026-12-14 15:00:00;2026-12-18 11:00:00;4;1768.9;completed;Direct;GRO_390
book_4720;gst_0088;prop_1;2026-12-13 15:00:00;2026-12-16 11:00:00;3;1816.74;completed;Direct;GRO_612
book_4726;gst_0172;prop_67;2026-12-14 15:00:00;2026-12-17 11:00:00;3;9063.25;completed;Direct;GRO_612
book_4728;gst_0223;prop_42;2026-12-14 15:00:00;2026-12-17 11:00:00;3;1727.95;completed;Airbnb;GRO_612
book_4730;gst_0157;prop_15;2026-12-15 15:00:00;2026-12-18 11:00:00;3;1752.73;completed;Airbnb;GRO_831
book_4737;gst_0070;prop_65;2026-12-16 15:00:00;2026-12-18 11:00:00;2;1247.76;completed;Booking.com;GRO_831
book_4741;gst_0138;prop_1;2026-12-17 15:00:00;2026-12-19 11:00:00;2;1336.24;completed;Airbnb;GRO_831
book_4742;gst_0200;prop_61;2026-12-17 15:00:00;2026-12-19 11:00:00;2;1947.21;completed;Direct;GRO_612
book_4744;gst_0043;prop_43;2026-12-17 15:00:00;2026-12-21 11:00:00;4;3291.5;completed;Booking.com;GRO_390
book_4749;gst_0129;prop_67;2026-12-17 15:00:00;2026-12-21 11:00:00;4;11959.5;completed;Direct;GRO_390
book_4751;gst_0164;prop_42;2026-12-17 15:00:00;2026-12-20 11:00:00;3;1727.95;completed;Direct;GRO_254
book_4755;gst_0161;prop_66;2026-12-18 15:00:00;2026-12-21 11:00:00;3;1348.0;completed;Booking.com;GRO_612
book_4756;gst_0166;prop_65;2026-12-19 15:00:00;2026-12-21 11:00:00;2;1247.76;completed;Direct;GRO_831
book_4757;gst_0185;prop_15;2026-12-19 15:00:00;2026-12-22 11:00:00;3;1752.73;completed;Direct;GRO_612
book_4765;gst_0206;prop_1;2026-12-19 15:00:00;2026-12-22 11:00:00;3;1816.74;completed;Direct;GRO_831
book_4766;gst_0151;prop_61;2026-12-20 15:00:00;2026-12-23 11:00:00;3;2748.2;completed;Direct;GRO_390
book_4773;gst_0026;prop_42;2026-12-21 15:00:00;2026-12-23 11:00:00;2;1277.05;completed;Booking.com;GRO_254
book_4775;gst_0077;prop_43;2026-12-21 15:00:00;2026-12-25 11:00:00;4;3291.5;completed;Direct;GRO_254
book_4777;gst_0205;prop_66;2026-12-21 15:00:00;2026-12-24 11:00:00;3;1348.0;completed;Booking.com;GRO_612
book_4778;gst_0017;prop_65;2026-12-22 15:00:00;2026-12-25 11:00:00;0;0;cancelled;Airbnb;GRO_831
book_4782;gst_0034;prop_67;2026-12-21 15:00:00;2026-12-24 11:00:00;3;9063.25;completed;Booking.com;GRO_612
book_4786;gst_0042;prop_15;2026-12-22 15:00:00;2026-12-24 11:00:00;2;1263.73;completed;Airbnb;GRO_254
book_4791;gst_0121;prop_1;2026-12-22 15:00:00;2026-12-26 11:00:00;4;2297.24;completed;Booking.com;GRO_390
book_4801;gst_0017;prop_42;2026-12-23 15:00:00;2026-12-27 11:00:00;4;2178.85;completed;Airbnb;GRO_831
book_4803;gst_0204;prop_61;2026-12-24 15:00:00;2026-12-27 11:00:00;3;2748.2;completed;Direct;GRO_612
book_4804;gst_0036;prop_66;2026-12-24 15:00:00;2026-12-26 11:00:00;2;927.1;completed;Booking.com;GRO_390
book_4805;gst_0189;prop_15;2026-12-25 15:00:00;2026-12-27 11:00:00;2;1263.73;completed;Booking.com;GRO_612
book_4808;gst_0001;prop_67;2026-12-25 15:00:00;2026-12-27 11:00:00;2;6167.0;completed;Airbnb;GRO_254
book_4810;gst_0003;prop_43;2026-12-26 15:00:00;2026-12-29 11:00:00;0;0;cancelled;Airbnb;GRO_831
book_4811;gst_0084;prop_65;2026-12-26 15:00:00;2026-12-29 11:00:00;3;1708.75;completed;Direct;GRO_390
book_4821;gst_0009;prop_66;2026-12-26 15:00:00;2026-12-30 11:00:00;4;1768.9;completed;Booking.com;GRO_254
book_4823;gst_0221;prop_1;2026-12-26 15:00:00;2026-12-30 11:00:00;4;2297.24;completed;Booking.com;GRO_831
book_4828;gst_0040;prop_15;2026-12-27 15:00:00;2026-12-31 11:00:00;4;2241.73;completed;Booking.com;GRO_612
book_4832;gst_0170;prop_67;2026-12-28 15:00:00;2026-12-31 11:00:00;3;9063.25;completed;Direct;GRO_254
book_4835;gst_0194;prop_42;2026-12-27 15:00:00;2026-12-29 11:00:00;2;1277.05;completed;Booking.com;GRO_612
book_4836;gst_0144;prop_61;2026-12-28 15:00:00;2026-12-31 11:00:00;3;2748.2;completed;Airbnb;GRO_831
book_4842;gst_0203;prop_43;2026-12-29 15:00:00;2027-01-01 11:00:00;3;2502.25;completed;Booking.com;GRO_390
book_4844;gst_0093;prop_65;2026-12-30 15:00:00;2027-01-01 11:00:00;2;1247.76;completed;Direct;GRO_254
book_4850;gst_0013;prop_42;2026-12-29 15:00:00;2027-01-01 11:00:00;0;0;cancelled;Booking.com;GRO_612
book_4853;gst_0115;prop_66;2026-12-31 15:00:00;2027-01-01 11:00:00;1;506.2;completed;Airbnb;GRO_254
book_4858;gst_0076;prop_1;2026-12-31 15:00:00;2027-01-01 11:00:00;1;855.74;completed;Direct;GRO_612
book_4862;gst_0200;prop_67;2026-12-31 15:00:00;2027-01-01 11:00:00;1;3270.75;completed;Booking.com;GRO_831
book_4863;gst_0183;prop_61;2026-12-31 15:00:00;2027-01-01 11:00:00;1;1146.22;completed;Direct;GRO_254
