task_id;property_id;booking_id;category;title;task_date;task_status;assigned_by;assigned_to;parent_task_id
tsk_00001;prop_40;null;Preventive Maintenance;Seasonal HVAC Filter Cleaning;2026-01-01;Approved;MNG_482;HKP_703;null
tsk_00003;prop_43;book_0004;Reactive Maintenance;Wi-Fi & Network Connectivity Restore;2026-01-02;In Progress;GRO_831;HKP_188;null
tsk_00004;prop_31;book_0052;Reactive Maintenance;Emergency Lockout Resolution;2026-01-02;In Progress;GRO_612;MNT_904;null
tsk_00006;prop_1;null;Preventive Maintenance;Seasonal HVAC Filter Cleaning;2026-01-02;Invoiced;MNG_482;HKP_951;null
tsk_00010;prop_35;null;Preventive Maintenance;Safety Equipment Inspection;2026-01-02;Backlog;MNG_482;HKP_188;null
tsk_00013;prop_43;book_0004;Cleaning;Check-out Cleaning;2026-01-03;Scheduled;GRO_831;HKP_188;
tsk_00014;prop_43;book_0004;Laundry;Linen Management;2026-01-03;Verified;GRO_831;HKP_305;tsk_00013
tsk_00017;prop_3;book_0028;Cleaning;Check-out Cleaning;2026-01-03;Canceled;GRO_612;HKP_102;
tsk_00018;prop_3;book_0028;Laundry;Linen Management;2026-01-03;Backlog;GRO_612;HKP_865;tsk_00017
tsk_00021;prop_31;book_0052;Cleaning;Check-out Cleaning;2026-01-03;Reported;GRO_612;HKP_877;
tsk_00022;prop_31;book_0052;Laundry;Linen Management;2026-01-03;On Hold;GRO_612;HKP_305;tsk_00021
tsk_00026;prop_40;null;Preventive Maintenance;Battery Replacement Cycle;2026-01-03;On Hold;MNG_482;MNT_904;null
tsk_00055;prop_69;null;Preventive Maintenance;Battery Replacement Cycle;2026-01-04;Reported;MNG_482;HKP_810;null
tsk_00056;prop_15;book_0014;Cleaning;Check-out Cleaning;2026-01-05;Scheduled;GRO_254;HKP_627;
tsk_00057;prop_15;book_0014;Laundry;Linen Management;2026-01-05;Scheduled;GRO_254;MNT_683;tsk_00056
tsk_00064;prop_35;book_0038;Cleaning;Check-out Cleaning;2026-01-05;In Progress;GRO_831;HKP_552;
tsk_00065;prop_35;book_0038;Laundry;Linen Management;2026-01-05;Completed;GRO_831;HKP_640;tsk_00064
tsk_00084;prop_66;book_0007;Cleaning;Check-out Cleaning;2026-01-06;On Hold;GRO_390;HKP_134;
tsk_00085;prop_66;book_0007;Laundry;Linen Management;2026-01-06;Backlog;GRO_390;MNT_157;tsk_00084
tsk_00093;prop_67;book_0027;Cleaning;Check-out Cleaning;2026-01-06;On Hold;GRO_612;HKP_922;
tsk_00094;prop_67;book_0027;Laundry;Linen Management;2026-01-06;Scheduled;GRO_612;HKP_922;tsk_00093
tsk_00095;prop_1;book_0035;Cleaning;Check-out Cleaning;2026-01-06;Verified;GRO_612;MNT_683;
tsk_00096;prop_1;book_0035;Laundry;Linen Management;2026-01-06;On Hold;GRO_612;HKP_102;tsk_00095
tsk_00097;prop_42;book_0036;Cleaning;Check-out Cleaning;2026-01-06;Backlog;GRO_254;HKP_552;
tsk_00098;prop_42;book_0036;Laundry;Linen Management;2026-01-06;Scheduled;GRO_254;MNT_904;tsk_00097
tsk_00111;prop_2;book_0055;Cleaning;Check-out Cleaning;2026-01-06;Backlog;GRO_831;HKP_951;
tsk_00112;prop_2;book_0055;Laundry;Linen Management;2026-01-06;On Hold;GRO_831;HKP_293;tsk_00111
tsk_00115;prop_40;book_0065;Reactive Maintenance;Water Leak Troubleshooting;2026-01-06;On Hold;GRO_831;HKP_188;null
tsk_00116;prop_3;book_0073;Cleaning;Check-out Cleaning;2026-01-06;Verified;GRO_254;HKP_627;
tsk_00117;prop_3;book_0073;Laundry;Linen Management;2026-01-06;Invoiced;GRO_254;HKP_339;tsk_00116
tsk_00138;prop_69;book_0051;Cleaning;Check-out Cleaning;2026-01-07;Completed;GRO_612;HKP_922;
tsk_00139;prop_69;book_0051;Laundry;Linen Management;2026-01-07;In Progress;GRO_612;HKP_599;tsk_00138
tsk_00142;prop_43;book_0071;Cleaning;Check-out Cleaning;2026-01-07;Scheduled;GRO_831;HKP_305;
tsk_00143;prop_43;book_0071;Laundry;Linen Management;2026-01-07;On Hold;GRO_831;HKP_640;tsk_00142
tsk_00157;prop_65;book_0011;Cleaning;Check-out Cleaning;2026-01-08;Canceled;GRO_254;HKP_599;
tsk_00158;prop_65;book_0011;Laundry;Linen Management;2026-01-08;Scheduled;GRO_254;HKP_781;tsk_00157
tsk_00167;prop_40;book_0065;Cleaning;Check-out Cleaning;2026-01-08;Scheduled;GRO_831;HKP_640;
tsk_00168;prop_40;book_0065;Laundry;Linen Management;2026-01-08;Approved;GRO_831;HKP_188;tsk_00167
tsk_00189;prop_42;null;Preventive Maintenance;Window & Balcony Safety Audit;2026-01-08;Completed;MNG_482;HKP_703;null
tsk_00191;prop_66;null;Preventive Maintenance;Safety Equipment Inspection;2026-01-08;In Progress;MNG_482;HKP_810;null
tsk_00194;prop_20;book_0012;Cleaning;Check-out Cleaning;2026-01-09;Canceled;GRO_612;HKP_518;
tsk_00195;prop_20;book_0012;Laundry;Linen Management;2026-01-09;Approved;GRO_612;HKP_951;tsk_00194
tsk_00200;prop_61;book_0041;Cleaning;Check-out Cleaning;2026-01-09;Completed;GRO_831;HKP_599;
tsk_00201;prop_61;book_0041;Laundry;Linen Management;2026-01-09;Canceled;GRO_831;HKP_134;tsk_00200
tsk_00202;prop_61;book_0041;Reactive Maintenance;TV & Smart Entertainment Reset;2026-01-09;Completed;GRO_831;HKP_922;null
tsk_00224;prop_31;book_0075;Cleaning;Check-out Cleaning;2026-01-10;On Hold;GRO_390;HKP_188;
tsk_00225;prop_31;book_0075;Laundry;Linen Management;2026-01-10;Backlog;GRO_390;HKP_305;tsk_00224
tsk_00232;prop_3;book_0105;Cleaning;Check-out Cleaning;2026-01-10;Verified;GRO_831;HKP_627;
tsk_00233;prop_3;book_0105;Laundry;Linen Management;2026-01-10;Approved;GRO_831;HKP_627;tsk_00232
tsk_00240;prop_61;book_0156;Reactive Maintenance;Blinds & Curtains Urgent Repair;2026-01-10;Verified;GRO_254;HKP_134;null
tsk_00246;prop_15;book_0089;Cleaning;Check-out Cleaning;2026-01-11;Scheduled;GRO_390;MNT_683;
tsk_00247;prop_15;book_0089;Laundry;Linen Management;2026-01-11;Verified;GRO_390;HKP_339;tsk_00246
tsk_00253;prop_67;book_0104;Cleaning;Check-out Cleaning;2026-01-11;Invoiced;GRO_831;HKP_243;
tsk_00254;prop_67;book_0104;Laundry;Linen Management;2026-01-11;Canceled;GRO_831;HKP_922;tsk_00253
tsk_00265;prop_69;book_0130;Reactive Maintenance;Blinds & Curtains Urgent Repair;2026-01-11;Scheduled;GRO_254;HKP_243;null
tsk_00280;prop_35;book_0093;Cleaning;Check-out Cleaning;2026-01-12;Completed;GRO_831;HKP_305;
tsk_00281;prop_35;book_0093;Laundry;Linen Management;2026-01-12;On Hold;GRO_831;HKP_703;tsk_00280
tsk_00284;prop_1;book_0106;Reactive Maintenance;Emergency Lockout Resolution;2026-01-12;Invoiced;GRO_390;MNT_683;null
tsk_00289;prop_2;book_0116;Cleaning;Check-out Cleaning;2026-01-12;Canceled;GRO_831;HKP_627;
tsk_00290;prop_2;book_0116;Laundry;Linen Management;2026-01-12;Completed;GRO_831;HKP_865;tsk_00289
tsk_00298;prop_61;book_0156;Cleaning;Check-out Cleaning;2026-01-12;Scheduled;GRO_254;HKP_243;
tsk_00299;prop_61;book_0156;Laundry;Linen Management;2026-01-12;Scheduled;GRO_254;HKP_810;tsk_00298
tsk_00312;prop_66;book_0100;Cleaning;Check-out Cleaning;2026-01-13;Canceled;GRO_254;HKP_922;
tsk_00313;prop_66;book_0100;Laundry;Linen Management;2026-01-13;Canceled;GRO_254;MNT_157;tsk_00312
tsk_00314;prop_42;book_0107;Cleaning;Check-out Cleaning;2026-01-13;On Hold;GRO_254;HKP_640;
tsk_00315;prop_42;book_0107;Laundry;Linen Management;2026-01-13;Approved;GRO_254;MNT_904;tsk_00314
tsk_00324;prop_69;book_0130;Cleaning;Check-out Cleaning;2026-01-13;On Hold;GRO_254;HKP_134;
tsk_00325;prop_69;book_0130;Laundry;Linen Management;2026-01-13;On Hold;GRO_254;HKP_599;tsk_00324
tsk_00330;prop_40;book_0143;Cleaning;Check-out Cleaning;2026-01-13;Reported;GRO_831;HKP_219;
tsk_00331;prop_40;book_0143;Laundry;Linen Management;2026-01-13;Backlog;GRO_831;HKP_219;tsk_00330
tsk_00345;prop_15;book_0172;Reactive Maintenance;Emergency Lockout Resolution;2026-01-13;Backlog;GRO_612;HKP_865;null
tsk_00361;prop_1;book_0106;Cleaning;Check-out Cleaning;2026-01-14;Approved;GRO_390;HKP_518;
tsk_00362;prop_1;book_0106;Laundry;Linen Management;2026-01-14;In Progress;GRO_390;HKP_339;tsk_00361
tsk_00363;prop_43;book_0120;Cleaning;Check-out Cleaning;2026-01-14;Canceled;GRO_390;HKP_552;
tsk_00364;prop_43;book_0120;Laundry;Linen Management;2026-01-14;On Hold;GRO_390;HKP_877;tsk_00363
tsk_00387;prop_31;book_0169;Cleaning;Check-out Cleaning;2026-01-14;Completed;GRO_831;HKP_877;
tsk_00388;prop_31;book_0169;Laundry;Linen Management;2026-01-14;Verified;GRO_831;HKP_703;tsk_00387
tsk_00393;prop_20;null;Preventive Maintenance;Seasonal HVAC Filter Cleaning;2026-01-14;In Progress;MNG_482;MNT_421;null
tsk_00397;prop_65;book_0135;Cleaning;Check-out Cleaning;2026-01-15;In Progress;GRO_612;HKP_922;
tsk_00398;prop_65;book_0135;Laundry;Linen Management;2026-01-15;Invoiced;GRO_612;MNT_157;tsk_00397
tsk_00411;prop_15;book_0172;Cleaning;Check-out Cleaning;2026-01-15;Verified;GRO_612;HKP_102;
tsk_00412;prop_15;book_0172;Laundry;Linen Management;2026-01-15;Backlog;GRO_612;HKP_865;tsk_00411
tsk_00413;prop_35;book_0187;Cleaning;Check-out Cleaning;2026-01-15;Completed;GRO_831;HKP_703;
tsk_00414;prop_35;book_0187;Laundry;Linen Management;2026-01-15;Canceled;GRO_831;HKP_877;tsk_00413
tsk_00419;prop_42;book_0204;Cleaning;Check-out Cleaning;2026-01-15;Scheduled;GRO_390;HKP_552;
tsk_00420;prop_42;book_0204;Laundry;Linen Management;2026-01-15;Approved;GRO_390;HKP_877;tsk_00419
tsk_00425;prop_43;null;Preventive Maintenance;Furniture & Joinery Tightening;2026-01-15;Approved;MNG_482;HKP_703;null
tsk_00426;prop_43;null;Preventive Maintenance;Wall Paint & Baseboard Touch-up;2026-01-15;Verified;MNG_482;HKP_877;null
tsk_00440;prop_61;book_0189;Cleaning;Check-out Cleaning;2026-01-16;Completed;GRO_831;HKP_466;
tsk_00441;prop_61;book_0189;Laundry;Linen Management;2026-01-16;Scheduled;GRO_831;MNT_157;tsk_00440
tsk_00442;prop_2;book_0191;Reactive Maintenance;Wi-Fi & Network Connectivity Restore;2026-01-16;Canceled;GRO_254;HKP_102;null
tsk_00459;prop_1;book_0228;Cleaning;Check-out Cleaning;2026-01-16;Canceled;GRO_831;HKP_416;
tsk_00460;prop_1;book_0228;Laundry;Linen Management;2026-01-16;On Hold;GRO_831;HKP_744;tsk_00459
tsk_00461;prop_31;book_0230;Cleaning;Check-out Cleaning;2026-01-16;In Progress;GRO_612;HKP_640;
tsk_00462;prop_31;book_0230;Laundry;Linen Management;2026-01-16;Canceled;GRO_612;HKP_703;tsk_00461
tsk_00468;prop_20;book_0149;Cleaning;Check-out Cleaning;2026-01-17;Completed;GRO_831;HKP_339;
tsk_00469;prop_20;book_0149;Laundry;Linen Management;2026-01-17;Invoiced;GRO_831;HKP_293;tsk_00468
tsk_00474;prop_3;book_0166;Cleaning;Check-out Cleaning;2026-01-17;Completed;GRO_831;HKP_627;
tsk_00475;prop_3;book_0166;Laundry;Linen Management;2026-01-17;Canceled;GRO_831;MNT_683;tsk_00474
tsk_00486;prop_2;book_0191;Cleaning;Check-out Cleaning;2026-01-17;Approved;GRO_254;HKP_518;
tsk_00487;prop_2;book_0191;Laundry;Linen Management;2026-01-17;Reported;GRO_254;HKP_102;tsk_00486
tsk_00490;prop_66;book_0198;Cleaning;Check-out Cleaning;2026-01-17;Verified;GRO_612;HKP_922;
tsk_00491;prop_66;book_0198;Laundry;Linen Management;2026-01-17;In Progress;GRO_612;HKP_810;tsk_00490
tsk_00502;prop_35;book_0241;Cleaning;Check-out Cleaning;2026-01-17;Completed;GRO_831;MNT_904;
tsk_00503;prop_35;book_0241;Laundry;Linen Management;2026-01-17;Canceled;GRO_831;HKP_305;tsk_00502
tsk_00507;prop_61;null;Preventive Maintenance;Battery Replacement Cycle;2026-01-17;Invoiced;MNG_482;HKP_781;null
tsk_00520;prop_69;book_0211;Cleaning;Check-out Cleaning;2026-01-18;Approved;GRO_254;HKP_243;
tsk_00521;prop_69;book_0211;Laundry;Linen Management;2026-01-18;Invoiced;GRO_254;MNT_157;tsk_00520
tsk_00544;prop_67;book_0174;Cleaning;Check-out Cleaning;2026-01-19;Scheduled;GRO_254;HKP_599;
tsk_00545;prop_67;book_0174;Laundry;Linen Management;2026-01-19;Canceled;GRO_254;MNT_157;tsk_00544
tsk_00552;prop_43;book_0219;Cleaning;Check-out Cleaning;2026-01-19;In Progress;GRO_831;MNT_904;
tsk_00553;prop_43;book_0219;Laundry;Linen Management;2026-01-19;Completed;GRO_831;HKP_219;tsk_00552
tsk_00563;prop_1;book_0254;Cleaning;Check-out Cleaning;2026-01-19;Completed;GRO_254;HKP_627;
tsk_00564;prop_1;book_0254;Laundry;Linen Management;2026-01-19;Invoiced;GRO_254;HKP_518;tsk_00563
tsk_00571;prop_31;null;Preventive Maintenance;Battery Replacement Cycle;2026-01-19;Approved;MNG_482;HKP_219;null
tsk_00573;prop_65;null;Preventive Maintenance;Wall Paint & Baseboard Touch-up;2026-01-19;Scheduled;MNG_482;HKP_134;null
tsk_00578;prop_40;book_0216;Cleaning;Check-out Cleaning;2026-01-20;Completed;GRO_612;HKP_640;
tsk_00579;prop_40;book_0216;Laundry;Linen Management;2026-01-20;In Progress;GRO_612;HKP_552;tsk_00578
tsk_00594;prop_20;book_0265;Cleaning;Check-out Cleaning;2026-01-20;Invoiced;GRO_831;HKP_951;
tsk_00595;prop_20;book_0265;Laundry;Linen Management;2026-01-20;In Progress;GRO_831;HKP_102;tsk_00594
tsk_00598;prop_3;null;Preventive Maintenance;Window & Balcony Safety Audit;2026-01-20;Completed;MNG_482;HKP_518;null
tsk_00608;prop_61;book_0257;Cleaning;Check-out Cleaning;2026-01-21;Approved;GRO_831;MNT_157;
tsk_00609;prop_61;book_0257;Laundry;Linen Management;2026-01-21;Canceled;GRO_831;MNT_157;tsk_00608
tsk_00627;prop_65;book_0234;Cleaning;Check-out Cleaning;2026-01-22;Invoiced;GRO_254;HKP_781;
tsk_00628;prop_65;book_0234;Laundry;Linen Management;2026-01-22;In Progress;GRO_254;HKP_134;tsk_00627
tsk_00651;prop_67;book_0301;Cleaning;Check-out Cleaning;2026-01-22;Canceled;GRO_254;HKP_466;
tsk_00652;prop_67;book_0301;Laundry;Linen Management;2026-01-22;Canceled;GRO_254;HKP_466;tsk_00651
tsk_00656;prop_15;book_0235;Cleaning;Check-out Cleaning;2026-01-23;Approved;GRO_831;HKP_416;
tsk_00657;prop_15;book_0235;Laundry;Linen Management;2026-01-23;Scheduled;GRO_831;HKP_627;tsk_00656
tsk_00658;prop_42;book_0240;Cleaning;Check-out Cleaning;2026-01-23;Approved;GRO_390;HKP_703;
tsk_00659;prop_42;book_0240;Laundry;Linen Management;2026-01-23;In Progress;GRO_390;HKP_552;tsk_00658
tsk_00662;prop_35;book_0271;Cleaning;Check-out Cleaning;2026-01-23;Reported;GRO_831;HKP_640;
tsk_00663;prop_35;book_0271;Laundry;Linen Management;2026-01-23;In Progress;GRO_831;HKP_305;tsk_00662
tsk_00678;prop_43;book_0298;Cleaning;Check-out Cleaning;2026-01-23;Backlog;GRO_390;HKP_188;
tsk_00679;prop_43;book_0298;Laundry;Linen Management;2026-01-23;Invoiced;GRO_390;HKP_703;tsk_00678
tsk_00686;prop_2;null;Preventive Maintenance;Silicon Seal Integrity Check;2026-01-23;On Hold;MNG_482;HKP_627;null
tsk_00690;prop_31;book_0260;Cleaning;Check-out Cleaning;2026-01-24;Scheduled;GRO_612;MNT_904;
tsk_00691;prop_31;book_0260;Laundry;Linen Management;2026-01-24;Canceled;GRO_612;HKP_219;tsk_00690
tsk_00694;prop_66;book_0264;Cleaning;Check-out Cleaning;2026-01-24;Reported;GRO_612;HKP_243;
tsk_00695;prop_66;book_0264;Laundry;Linen Management;2026-01-24;Approved;GRO_612;HKP_599;tsk_00694
tsk_00708;prop_2;book_0275;Cleaning;Check-out Cleaning;2026-01-24;Verified;GRO_390;HKP_416;
tsk_00709;prop_2;book_0275;Laundry;Linen Management;2026-01-24;In Progress;GRO_390;HKP_744;tsk_00708
tsk_00710;prop_69;book_0294;Cleaning;Check-out Cleaning;2026-01-24;Verified;GRO_612;HKP_134;
tsk_00711;prop_69;book_0294;Laundry;Linen Management;2026-01-24;Scheduled;GRO_612;MNT_157;tsk_00710
tsk_00725;prop_42;book_0351;Reactive Maintenance;Minor Plumbing Unclogging;2026-01-24;Invoiced;GRO_254;HKP_703;null
tsk_00729;prop_3;book_0269;Cleaning;Check-out Cleaning;2026-01-25;Completed;GRO_612;HKP_627;
tsk_00730;prop_3;book_0269;Laundry;Linen Management;2026-01-25;Canceled;GRO_612;HKP_293;tsk_00729
tsk_00742;prop_1;book_0303;Cleaning;Check-out Cleaning;2026-01-25;Approved;GRO_612;HKP_951;
tsk_00743;prop_1;book_0303;Laundry;Linen Management;2026-01-25;Scheduled;GRO_612;HKP_416;tsk_00742
tsk_00746;prop_20;book_0309;Cleaning;Check-out Cleaning;2026-01-25;Canceled;GRO_254;HKP_951;
tsk_00747;prop_20;book_0309;Laundry;Linen Management;2026-01-25;Scheduled;GRO_254;HKP_293;tsk_00746
tsk_00773;prop_35;book_0352;Cleaning;Check-out Cleaning;2026-01-25;Invoiced;GRO_831;HKP_305;
tsk_00774;prop_35;book_0352;Laundry;Linen Management;2026-01-25;In Progress;GRO_831;HKP_219;tsk_00773
tsk_00775;prop_35;null;Preventive Maintenance;Silicon Seal Integrity Check;2026-01-25;In Progress;MNG_482;MNT_904;null
tsk_00791;prop_40;book_0318;Reactive Maintenance;Pest Control First Response;2026-01-26;On Hold;GRO_254;MNT_904;null
tsk_00797;prop_61;book_0325;Cleaning;Check-out Cleaning;2026-01-26;Approved;GRO_831;HKP_466;
tsk_00798;prop_61;book_0325;Laundry;Linen Management;2026-01-26;Canceled;GRO_831;HKP_599;tsk_00797
tsk_00803;prop_42;book_0351;Cleaning;Check-out Cleaning;2026-01-26;Verified;GRO_254;HKP_703;
tsk_00804;prop_42;book_0351;Laundry;Linen Management;2026-01-26;Invoiced;GRO_254;HKP_188;tsk_00803
tsk_00809;prop_31;book_0366;Cleaning;Check-out Cleaning;2026-01-26;Verified;GRO_831;HKP_552;
tsk_00810;prop_31;book_0366;Laundry;Linen Management;2026-01-26;Scheduled;GRO_831;HKP_640;tsk_00809
tsk_00811;prop_15;null;Preventive Maintenance;Wall Paint & Baseboard Touch-up;2026-01-26;Reported;MNG_482;MNT_421;null
tsk_00812;prop_15;null;Preventive Maintenance;Radiator Bleeding & Pressure Check;2026-01-26;Verified;MNG_482;HKP_951;null
tsk_00840;prop_40;book_0318;Cleaning;Check-out Cleaning;2026-01-28;Canceled;GRO_254;HKP_552;
tsk_00841;prop_40;book_0318;Laundry;Linen Management;2026-01-28;Invoiced;GRO_254;HKP_305;tsk_00840
tsk_00851;prop_66;book_0355;Cleaning;Check-out Cleaning;2026-01-28;Verified;GRO_612;HKP_922;
tsk_00852;prop_66;book_0355;Laundry;Linen Management;2026-01-28;Scheduled;GRO_612;HKP_922;tsk_00851
tsk_00859;prop_20;book_0377;Cleaning;Check-out Cleaning;2026-01-28;In Progress;GRO_831;HKP_744;
tsk_00860;prop_20;book_0377;Laundry;Linen Management;2026-01-28;Approved;GRO_831;HKP_293;tsk_00859
tsk_00863;prop_35;book_0384;Reactive Maintenance;Blinds & Curtains Urgent Repair;2026-01-28;Canceled;GRO_254;HKP_305;null
tsk_00872;prop_67;null;Preventive Maintenance;Safety Equipment Inspection;2026-01-28;On Hold;MNG_482;HKP_134;null
tsk_00873;prop_65;book_0331;Cleaning;Check-out Cleaning;2026-01-29;Canceled;GRO_612;HKP_922;
tsk_00874;prop_65;book_0331;Laundry;Linen Management;2026-01-29;On Hold;GRO_612;HKP_810;tsk_00873
tsk_00878;prop_43;book_0343;Reactive Maintenance;Wi-Fi & Network Connectivity Restore;2026-01-29;Approved;GRO_254;HKP_188;null
tsk_00885;prop_35;book_0384;Cleaning;Check-out Cleaning;2026-01-29;Canceled;GRO_254;MNT_904;
tsk_00886;prop_35;book_0384;Laundry;Linen Management;2026-01-29;Scheduled;GRO_254;HKP_219;tsk_00885
tsk_00891;prop_67;book_0332;Cleaning;Check-out Cleaning;2026-01-30;On Hold;GRO_390;HKP_134;
tsk_00892;prop_67;book_0332;Laundry;Linen Management;2026-01-30;Backlog;GRO_390;MNT_157;tsk_00891
tsk_00895;prop_43;book_0343;Cleaning;Check-out Cleaning;2026-01-30;Reported;GRO_254;HKP_703;
tsk_00896;prop_43;book_0343;Laundry;Linen Management;2026-01-30;Scheduled;GRO_254;HKP_188;tsk_00895
tsk_00905;prop_69;book_0365;Cleaning;Check-out Cleaning;2026-01-30;Backlog;GRO_612;HKP_243;
tsk_00906;prop_69;book_0365;Laundry;Linen Management;2026-01-30;Invoiced;GRO_612;MNT_157;tsk_00905
tsk_00907;prop_69;book_0365;Reactive Maintenance;Water Leak Troubleshooting;2026-01-30;Invoiced;GRO_612;HKP_781;null
tsk_00920;prop_31;book_0404;Cleaning;Check-out Cleaning;2026-01-30;Canceled;GRO_390;HKP_188;
tsk_00921;prop_31;book_0404;Laundry;Linen Management;2026-01-30;On Hold;GRO_390;HKP_552;tsk_00920
tsk_00924;prop_40;book_0425;Cleaning;Check-out Cleaning;2026-01-30;In Progress;GRO_612;HKP_552;
tsk_00925;prop_40;book_0425;Laundry;Linen Management;2026-01-30;Verified;GRO_612;HKP_877;tsk_00924
tsk_00926;prop_15;book_0344;Cleaning;Check-out Cleaning;2026-01-31;Canceled;GRO_254;HKP_416;
tsk_00927;prop_15;book_0344;Laundry;Linen Management;2026-01-31;Canceled;GRO_254;HKP_293;tsk_00926
tsk_00934;prop_2;book_0369;Cleaning;Check-out Cleaning;2026-01-31;On Hold;GRO_612;HKP_865;
tsk_00935;prop_2;book_0369;Laundry;Linen Management;2026-01-31;In Progress;GRO_612;HKP_416;tsk_00934
tsk_00952;prop_66;book_0415;Cleaning;Check-out Cleaning;2026-01-31;Reported;GRO_390;HKP_134;
tsk_00953;prop_66;book_0415;Laundry;Linen Management;2026-01-31;On Hold;GRO_390;HKP_599;tsk_00952
tsk_00954;prop_66;book_0415;Reactive Maintenance;Emergency Lockout Resolution;2026-01-31;Verified;GRO_390;HKP_134;null
tsk_00957;prop_65;book_0428;Reactive Maintenance;Blinds & Curtains Urgent Repair;2026-01-31;Scheduled;GRO_612;HKP_466;null
tsk_00962;prop_3;book_0381;Cleaning;Check-out Cleaning;2026-02-01;Verified;GRO_831;HKP_339;
tsk_00963;prop_3;book_0381;Laundry;Linen Management;2026-02-01;Completed;GRO_831;HKP_865;tsk_00962
tsk_00964;prop_1;book_0383;Cleaning;Check-out Cleaning;2026-02-01;Scheduled;GRO_390;HKP_102;
tsk_00965;prop_1;book_0383;Laundry;Linen Management;2026-02-01;Backlog;GRO_390;HKP_627;tsk_00964
tsk_00989;prop_15;book_0456;Reactive Maintenance;Bulb & Fuse Replacement;2026-02-01;Reported;GRO_254;HKP_951;null
tsk_00991;prop_15;null;Preventive Maintenance;Window & Balcony Safety Audit;2026-02-01;Verified;MNG_482;HKP_102;null
tsk_01001;prop_42;book_0397;Cleaning;Check-out Cleaning;2026-02-02;In Progress;GRO_612;HKP_877;
tsk_01002;prop_42;book_0397;Laundry;Linen Management;2026-02-02;Canceled;GRO_612;HKP_188;tsk_01001
tsk_01010;prop_35;book_0430;Cleaning;Check-out Cleaning;2026-02-02;Canceled;GRO_831;HKP_877;
tsk_01011;prop_35;book_0430;Laundry;Linen Management;2026-02-02;Invoiced;GRO_831;HKP_877;tsk_01010
tsk_01012;prop_35;book_0430;Reactive Maintenance;Minor Plumbing Unclogging;2026-02-02;Reported;GRO_831;HKP_305;null
tsk_01015;prop_43;book_0436;Reactive Maintenance;Minor Plumbing Unclogging;2026-02-02;On Hold;GRO_831;MNT_904;null
tsk_01024;prop_15;book_0456;Cleaning;Check-out Cleaning;2026-02-02;Verified;GRO_254;HKP_951;
tsk_01025;prop_15;book_0456;Laundry;Linen Management;2026-02-02;Reported;GRO_254;HKP_518;tsk_01024
tsk_01031;prop_61;book_0399;Cleaning;Check-out Cleaning;2026-02-03;Backlog;GRO_390;HKP_134;
tsk_01032;prop_61;book_0399;Laundry;Linen Management;2026-02-03;Scheduled;GRO_390;HKP_922;tsk_01031
tsk_01037;prop_20;book_0416;Cleaning;Check-out Cleaning;2026-02-03;Completed;GRO_390;HKP_102;
tsk_01038;prop_20;book_0416;Laundry;Linen Management;2026-02-03;Completed;GRO_390;HKP_627;tsk_01037
tsk_01041;prop_65;book_0428;Cleaning;Check-out Cleaning;2026-02-03;Scheduled;GRO_612;HKP_922;
tsk_01042;prop_65;book_0428;Laundry;Linen Management;2026-02-03;Completed;GRO_612;HKP_134;tsk_01041
tsk_01052;prop_67;book_0444;Cleaning;Check-out Cleaning;2026-02-03;Reported;GRO_612;HKP_134;
tsk_01053;prop_67;book_0444;Laundry;Linen Management;2026-02-03;Canceled;GRO_612;HKP_134;tsk_01052
tsk_01054;prop_31;book_0448;Cleaning;Check-out Cleaning;2026-02-03;Completed;GRO_254;HKP_219;
tsk_01055;prop_31;book_0448;Laundry;Linen Management;2026-02-03;Verified;GRO_254;HKP_703;tsk_01054
tsk_01056;prop_66;book_0454;Reactive Maintenance;Emergency Lockout Resolution;2026-02-03;Scheduled;GRO_831;HKP_781;null
tsk_01063;prop_31;null;Preventive Maintenance;Radiator Bleeding & Pressure Check;2026-02-03;Canceled;MNG_482;HKP_640;null
tsk_01070;prop_43;book_0436;Cleaning;Check-out Cleaning;2026-02-04;On Hold;GRO_831;MNT_904;
tsk_01071;prop_43;book_0436;Laundry;Linen Management;2026-02-04;Approved;GRO_831;HKP_877;tsk_01070
tsk_01090;prop_40;null;Preventive Maintenance;Radiator Bleeding & Pressure Check;2026-02-04;Approved;MNG_482;HKP_703;null
tsk_01092;prop_43;null;Preventive Maintenance;Radiator Bleeding & Pressure Check;2026-02-04;Completed;MNG_482;HKP_305;null
tsk_01107;prop_40;book_0450;Cleaning;Check-out Cleaning;2026-02-05;On Hold;GRO_831;MNT_904;
tsk_01108;prop_40;book_0450;Laundry;Linen Management;2026-02-05;Completed;GRO_831;HKP_640;tsk_01107
tsk_01109;prop_40;book_0450;Reactive Maintenance;Pest Control First Response;2026-02-05;Scheduled;GRO_831;HKP_552;null
tsk_01113;prop_2;book_0464;Cleaning;Check-out Cleaning;2026-02-05;Scheduled;GRO_390;HKP_416;
tsk_01114;prop_2;book_0464;Laundry;Linen Management;2026-02-05;Approved;GRO_390;HKP_102;tsk_01113
tsk_01115;prop_3;book_0469;Cleaning;Check-out Cleaning;2026-02-05;Scheduled;GRO_831;HKP_416;
tsk_01116;prop_3;book_0469;Laundry;Linen Management;2026-02-05;Backlog;GRO_831;HKP_416;tsk_01115
tsk_01123;prop_15;book_0484;Cleaning;Check-out Cleaning;2026-02-05;Backlog;GRO_390;HKP_339;
tsk_01124;prop_15;book_0484;Laundry;Linen Management;2026-02-05;Backlog;GRO_390;MNT_421;tsk_01123
tsk_01125;prop_35;book_0492;Cleaning;Check-out Cleaning;2026-02-05;Backlog;GRO_612;HKP_188;
tsk_01126;prop_35;book_0492;Laundry;Linen Management;2026-02-05;Scheduled;GRO_612;HKP_219;tsk_01125
tsk_01131;prop_1;null;Preventive Maintenance;Wall Paint & Baseboard Touch-up;2026-02-05;Verified;MNG_482;MNT_683;null
tsk_01139;prop_69;book_0447;Cleaning;Check-out Cleaning;2026-02-06;Scheduled;GRO_831;HKP_243;
tsk_01140;prop_69;book_0447;Laundry;Linen Management;2026-02-06;Backlog;GRO_831;HKP_810;tsk_01139
tsk_01141;prop_66;book_0454;Cleaning;Check-out Cleaning;2026-02-06;Approved;GRO_831;MNT_157;
tsk_01142;prop_66;book_0454;Laundry;Linen Management;2026-02-06;Invoiced;GRO_831;HKP_134;tsk_01141
tsk_01160;prop_67;book_0505;Cleaning;Check-out Cleaning;2026-02-06;Verified;GRO_254;HKP_243;
tsk_01161;prop_67;book_0505;Laundry;Linen Management;2026-02-06;Canceled;GRO_254;HKP_599;tsk_01160
tsk_01162;prop_31;book_0509;Reactive Maintenance;Bulb & Fuse Replacement;2026-02-06;Scheduled;GRO_390;HKP_188;null
tsk_01168;prop_31;null;Preventive Maintenance;Window & Balcony Safety Audit;2026-02-06;Approved;MNG_482;HKP_188;null
tsk_01180;prop_1;book_0472;Cleaning;Check-out Cleaning;2026-02-07;In Progress;GRO_831;HKP_518;
tsk_01181;prop_1;book_0472;Laundry;Linen Management;2026-02-07;Backlog;GRO_831;HKP_744;tsk_01180
tsk_01194;prop_65;book_0499;Reactive Maintenance;Pest Control First Response;2026-02-07;Invoiced;GRO_831;HKP_810;null
tsk_01200;prop_40;book_0538;Cleaning;Check-out Cleaning;2026-02-07;Completed;GRO_612;HKP_219;
tsk_01201;prop_40;book_0538;Laundry;Linen Management;2026-02-07;Approved;GRO_612;HKP_219;tsk_01200
tsk_01219;prop_65;book_0499;Cleaning;Check-out Cleaning;2026-02-08;Completed;GRO_831;HKP_781;
tsk_01220;prop_65;book_0499;Laundry;Linen Management;2026-02-08;Scheduled;GRO_831;HKP_134;tsk_01219
tsk_01221;prop_20;book_0500;Cleaning;Check-out Cleaning;2026-02-08;In Progress;GRO_831;MNT_683;
tsk_01222;prop_20;book_0500;Laundry;Linen Management;2026-02-08;Canceled;GRO_831;HKP_744;tsk_01221
tsk_01225;prop_31;book_0509;Cleaning;Check-out Cleaning;2026-02-08;In Progress;GRO_390;HKP_877;
tsk_01226;prop_31;book_0509;Laundry;Linen Management;2026-02-08;Canceled;GRO_390;HKP_219;tsk_01225
tsk_01236;prop_1;null;Preventive Maintenance;Wall Paint & Baseboard Touch-up;2026-02-08;Canceled;MNG_482;HKP_627;null
tsk_01237;prop_20;null;Preventive Maintenance;Drain De-scaling & Chemical Treatment;2026-02-08;Approved;MNG_482;HKP_951;null
tsk_01239;prop_35;null;Preventive Maintenance;Battery Replacement Cycle;2026-02-08;Completed;MNG_482;HKP_219;null
tsk_01244;prop_42;book_0491;Reactive Maintenance;Pest Control First Response;2026-02-09;Completed;GRO_390;HKP_305;null
tsk_01259;prop_2;book_0535;Reactive Maintenance;Blinds & Curtains Urgent Repair;2026-02-09;Scheduled;GRO_612;HKP_744;null
tsk_01273;prop_42;book_0491;Cleaning;Check-out Cleaning;2026-02-10;Scheduled;GRO_390;HKP_188;
tsk_01274;prop_42;book_0491;Laundry;Linen Management;2026-02-10;Approved;GRO_390;HKP_552;tsk_01273
tsk_01275;prop_61;book_0506;Cleaning;Check-out Cleaning;2026-02-10;In Progress;GRO_612;HKP_243;
tsk_01276;prop_61;book_0506;Laundry;Linen Management;2026-02-10;Reported;GRO_612;HKP_810;tsk_01275
tsk_01285;prop_2;book_0535;Cleaning;Check-out Cleaning;2026-02-10;Canceled;GRO_612;HKP_865;
tsk_01286;prop_2;book_0535;Laundry;Linen Management;2026-02-10;On Hold;GRO_612;HKP_416;tsk_01285
tsk_01291;prop_67;book_0548;Cleaning;Check-out Cleaning;2026-02-10;On Hold;GRO_831;HKP_599;
tsk_01292;prop_67;book_0548;Laundry;Linen Management;2026-02-10;Scheduled;GRO_831;HKP_922;tsk_01291
tsk_01294;prop_69;book_0552;Reactive Maintenance;Blinds & Curtains Urgent Repair;2026-02-10;Canceled;GRO_831;HKP_134;null
tsk_01297;prop_1;book_0562;Cleaning;Check-out Cleaning;2026-02-10;In Progress;GRO_831;HKP_865;
tsk_01298;prop_1;book_0562;Laundry;Linen Management;2026-02-10;Completed;GRO_831;HKP_518;tsk_01297
tsk_01306;prop_3;book_0527;Cleaning;Check-out Cleaning;2026-02-11;Approved;GRO_254;HKP_518;
tsk_01307;prop_3;book_0527;Laundry;Linen Management;2026-02-11;Backlog;GRO_254;HKP_102;tsk_01306
tsk_01308;prop_35;book_0530;Cleaning;Check-out Cleaning;2026-02-11;Backlog;GRO_831;HKP_877;
tsk_01309;prop_35;book_0530;Laundry;Linen Management;2026-02-11;On Hold;GRO_831;HKP_703;tsk_01308
tsk_01325;prop_40;book_0568;Cleaning;Check-out Cleaning;2026-02-11;Completed;GRO_254;HKP_305;
tsk_01326;prop_40;book_0568;Laundry;Linen Management;2026-02-11;Verified;GRO_254;HKP_640;tsk_01325
tsk_01335;prop_43;null;Preventive Maintenance;Silicon Seal Integrity Check;2026-02-11;Invoiced;MNG_482;HKP_703;null
tsk_01339;prop_43;book_0513;Cleaning;Check-out Cleaning;2026-02-12;Reported;GRO_254;HKP_188;
tsk_01340;prop_43;book_0513;Laundry;Linen Management;2026-02-12;Scheduled;GRO_254;HKP_305;tsk_01339
tsk_01341;prop_43;book_0513;Reactive Maintenance;Minor Plumbing Unclogging;2026-02-12;Canceled;GRO_254;HKP_552;null
tsk_01342;prop_15;book_0523;Cleaning;Check-out Cleaning;2026-02-12;Scheduled;GRO_831;HKP_865;
tsk_01343;prop_15;book_0523;Laundry;Linen Management;2026-02-12;Backlog;GRO_831;HKP_627;tsk_01342
tsk_01344;prop_15;book_0523;Reactive Maintenance;Appliance Failure Check;2026-02-12;Reported;GRO_831;HKP_518;null
tsk_01356;prop_69;book_0552;Cleaning;Check-out Cleaning;2026-02-12;Verified;GRO_831;HKP_922;
tsk_01357;prop_69;book_0552;Laundry;Linen Management;2026-02-12;Verified;GRO_831;HKP_599;tsk_01356
tsk_01366;prop_20;book_0571;Cleaning;Check-out Cleaning;2026-02-12;On Hold;GRO_831;HKP_865;
tsk_01367;prop_20;book_0571;Laundry;Linen Management;2026-02-12;In Progress;GRO_831;HKP_518;tsk_01366
tsk_01378;prop_42;book_0600;Cleaning;Check-out Cleaning;2026-02-12;Canceled;GRO_390;HKP_877;
tsk_01379;prop_42;book_0600;Laundry;Linen Management;2026-02-12;On Hold;GRO_390;HKP_877;tsk_01378
tsk_01380;prop_2;book_0604;Cleaning;Check-out Cleaning;2026-02-12;Invoiced;GRO_390;HKP_293;
tsk_01381;prop_2;book_0604;Laundry;Linen Management;2026-02-12;Verified;GRO_390;HKP_627;tsk_01380
tsk_01383;prop_67;null;Preventive Maintenance;Silicon Seal Integrity Check;2026-02-12;Verified;MNG_482;HKP_466;null
tsk_01413;prop_61;null;Preventive Maintenance;Safety Equipment Inspection;2026-02-13;In Progress;MNG_482;HKP_134;null
tsk_01414;prop_66;book_0543;Cleaning;Check-out Cleaning;2026-02-14;Scheduled;GRO_831;HKP_810;
tsk_01415;prop_66;book_0543;Laundry;Linen Management;2026-02-14;In Progress;GRO_831;HKP_781;tsk_01414
tsk_01433;prop_69;book_0637;Cleaning;Check-out Cleaning;2026-02-14;Approved;GRO_612;HKP_922;
tsk_01434;prop_69;book_0637;Laundry;Linen Management;2026-02-14;Verified;GRO_612;HKP_810;tsk_01433
tsk_01439;prop_31;book_0577;Cleaning;Check-out Cleaning;2026-02-15;Canceled;GRO_612;HKP_640;
tsk_01440;prop_31;book_0577;Laundry;Linen Management;2026-02-15;Backlog;GRO_612;HKP_703;tsk_01439
tsk_01449;prop_61;book_0601;Cleaning;Check-out Cleaning;2026-02-15;Completed;GRO_831;HKP_243;
tsk_01450;prop_61;book_0601;Laundry;Linen Management;2026-02-15;Canceled;GRO_831;HKP_466;tsk_01449
tsk_01457;prop_3;book_0611;Cleaning;Check-out Cleaning;2026-02-15;Canceled;GRO_612;HKP_951;
tsk_01458;prop_3;book_0611;Laundry;Linen Management;2026-02-15;Invoiced;GRO_612;HKP_951;tsk_01457
tsk_01467;prop_42;book_0633;Cleaning;Check-out Cleaning;2026-02-15;Canceled;GRO_831;MNT_904;
tsk_01468;prop_42;book_0633;Laundry;Linen Management;2026-02-15;Canceled;GRO_831;HKP_703;tsk_01467
tsk_01475;prop_66;null;Preventive Maintenance;Radiator Bleeding & Pressure Check;2026-02-15;Reported;MNG_482;HKP_134;null
tsk_01476;prop_65;book_0570;Cleaning;Check-out Cleaning;2026-02-16;Scheduled;GRO_831;HKP_922;
tsk_01477;prop_65;book_0570;Laundry;Linen Management;2026-02-16;Completed;GRO_831;HKP_243;tsk_01476
tsk_01500;prop_66;book_0654;Reactive Maintenance;Emergency Lockout Resolution;2026-02-16;Verified;GRO_831;HKP_243;null
tsk_01506;prop_65;null;Preventive Maintenance;Seasonal HVAC Filter Cleaning;2026-02-16;Approved;MNG_482;HKP_134;null
tsk_01507;prop_1;book_0599;Cleaning;Check-out Cleaning;2026-02-17;Canceled;GRO_254;HKP_518;
tsk_01508;prop_1;book_0599;Laundry;Linen Management;2026-02-17;Invoiced;GRO_254;HKP_293;tsk_01507
tsk_01517;prop_40;book_0618;Cleaning;Check-out Cleaning;2026-02-17;Scheduled;GRO_612;HKP_188;
tsk_01518;prop_40;book_0618;Laundry;Linen Management;2026-02-17;Canceled;GRO_612;HKP_305;tsk_01517
tsk_01519;prop_15;book_0625;Cleaning;Check-out Cleaning;2026-02-17;In Progress;GRO_390;HKP_951;
tsk_01520;prop_15;book_0625;Laundry;Linen Management;2026-02-17;On Hold;GRO_390;HKP_416;tsk_01519
tsk_01539;prop_67;book_0596;Cleaning;Check-out Cleaning;2026-02-18;Reported;GRO_831;MNT_157;
tsk_01540;prop_67;book_0596;Laundry;Linen Management;2026-02-18;Canceled;GRO_831;HKP_466;tsk_01539
tsk_01547;prop_2;book_0638;Cleaning;Check-out Cleaning;2026-02-18;Scheduled;GRO_831;HKP_339;
tsk_01548;prop_2;book_0638;Laundry;Linen Management;2026-02-18;On Hold;GRO_831;HKP_951;tsk_01547
tsk_01556;prop_66;book_0654;Cleaning;Check-out Cleaning;2026-02-18;In Progress;GRO_831;HKP_922;
tsk_01557;prop_66;book_0654;Laundry;Linen Management;2026-02-18;Scheduled;GRO_831;HKP_810;tsk_01556
tsk_01562;prop_20;null;Preventive Maintenance;Radiator Bleeding & Pressure Check;2026-02-18;Scheduled;MNG_482;MNT_421;null
tsk_01568;prop_35;book_0614;Cleaning;Check-out Cleaning;2026-02-19;Verified;GRO_390;HKP_703;
tsk_01569;prop_35;book_0614;Laundry;Linen Management;2026-02-19;Reported;GRO_390;HKP_188;tsk_01568
tsk_01587;prop_61;book_0673;Reactive Maintenance;Appliance Failure Check;2026-02-19;Backlog;GRO_390;HKP_466;null
tsk_01588;prop_31;book_0675;Cleaning;Check-out Cleaning;2026-02-19;In Progress;GRO_390;HKP_552;
tsk_01589;prop_31;book_0675;Laundry;Linen Management;2026-02-19;Completed;GRO_390;MNT_904;tsk_01588
tsk_01591;prop_65;book_0682;Cleaning;Check-out Cleaning;2026-02-19;Verified;GRO_612;HKP_781;
tsk_01592;prop_65;book_0682;Laundry;Linen Management;2026-02-19;Reported;GRO_612;HKP_134;tsk_01591
tsk_01597;prop_1;book_0698;Cleaning;Check-out Cleaning;2026-02-19;Backlog;GRO_390;HKP_293;
tsk_01598;prop_1;book_0698;Laundry;Linen Management;2026-02-19;Completed;GRO_390;HKP_627;tsk_01597
tsk_01601;prop_43;book_0622;Cleaning;Check-out Cleaning;2026-02-20;Invoiced;GRO_831;HKP_552;
tsk_01602;prop_43;book_0622;Laundry;Linen Management;2026-02-20;Scheduled;GRO_831;HKP_877;tsk_01601
tsk_01603;prop_43;book_0622;Reactive Maintenance;Bulb & Fuse Replacement;2026-02-20;Invoiced;GRO_831;HKP_305;null
tsk_01604;prop_20;book_0624;Cleaning;Check-out Cleaning;2026-02-20;Approved;GRO_831;MNT_421;
tsk_01605;prop_20;book_0624;Laundry;Linen Management;2026-02-20;Reported;GRO_831;HKP_865;tsk_01604
tsk_01614;prop_69;book_0660;Cleaning;Check-out Cleaning;2026-02-20;Reported;GRO_390;HKP_922;
tsk_01615;prop_69;book_0660;Laundry;Linen Management;2026-02-20;Scheduled;GRO_390;HKP_922;tsk_01614
tsk_01630;prop_2;book_0715;Cleaning;Check-out Cleaning;2026-02-20;Approved;GRO_831;HKP_518;
tsk_01631;prop_2;book_0715;Laundry;Linen Management;2026-02-20;Reported;GRO_831;HKP_339;tsk_01630
tsk_01634;prop_67;null;Preventive Maintenance;Window & Balcony Safety Audit;2026-02-20;Invoiced;MNG_482;HKP_599;null
tsk_01641;prop_61;book_0673;Cleaning;Check-out Cleaning;2026-02-21;Completed;GRO_390;HKP_810;
tsk_01642;prop_61;book_0673;Laundry;Linen Management;2026-02-21;On Hold;GRO_390;HKP_810;tsk_01641
tsk_01653;prop_15;book_0695;Cleaning;Check-out Cleaning;2026-02-21;Completed;GRO_612;HKP_416;
tsk_01654;prop_15;book_0695;Laundry;Linen Management;2026-02-21;Approved;GRO_612;HKP_416;tsk_01653
tsk_01664;prop_65;book_0719;Cleaning;Check-out Cleaning;2026-02-21;Scheduled;GRO_612;HKP_781;
tsk_01665;prop_65;book_0719;Laundry;Linen Management;2026-02-21;Canceled;GRO_612;HKP_599;tsk_01664
tsk_01666;prop_35;book_0725;Reactive Maintenance;Blinds & Curtains Urgent Repair;2026-02-21;Reported;GRO_612;HKP_703;null
tsk_01667;prop_3;null;Preventive Maintenance;Wall Paint & Baseboard Touch-up;2026-02-21;On Hold;MNG_482;HKP_339;null
tsk_01670;prop_61;null;Preventive Maintenance;Window & Balcony Safety Audit;2026-02-21;Invoiced;MNG_482;HKP_466;null
tsk_01675;prop_3;book_0669;Cleaning;Check-out Cleaning;2026-02-22;Completed;GRO_254;HKP_339;
tsk_01676;prop_3;book_0669;Laundry;Linen Management;2026-02-22;Verified;GRO_254;HKP_865;tsk_01675
tsk_01689;prop_40;book_0706;Cleaning;Check-out Cleaning;2026-02-22;Approved;GRO_390;HKP_877;
tsk_01690;prop_40;book_0706;Laundry;Linen Management;2026-02-22;Approved;GRO_390;HKP_188;tsk_01689
tsk_01694;prop_67;book_0712;Cleaning;Check-out Cleaning;2026-02-22;Reported;GRO_254;HKP_781;
tsk_01695;prop_67;book_0712;Laundry;Linen Management;2026-02-22;Reported;GRO_254;HKP_134;tsk_01694
tsk_01709;prop_42;book_0671;Cleaning;Check-out Cleaning;2026-02-23;Reported;GRO_831;HKP_305;
tsk_01710;prop_42;book_0671;Laundry;Linen Management;2026-02-23;Completed;GRO_831;HKP_305;tsk_01709
tsk_01723;prop_35;book_0725;Cleaning;Check-out Cleaning;2026-02-23;Invoiced;GRO_612;HKP_703;
tsk_01724;prop_35;book_0725;Laundry;Linen Management;2026-02-23;Invoiced;GRO_612;HKP_552;tsk_01723
tsk_01735;prop_15;null;Preventive Maintenance;Window & Balcony Safety Audit;2026-02-23;Canceled;MNG_482;HKP_627;null
tsk_01759;prop_15;book_0749;Cleaning;Check-out Cleaning;2026-02-24;Invoiced;GRO_254;MNT_683;
tsk_01760;prop_15;book_0749;Laundry;Linen Management;2026-02-24;Approved;GRO_254;HKP_339;tsk_01759
tsk_01765;prop_69;null;Preventive Maintenance;Battery Replacement Cycle;2026-02-24;Approved;MNG_482;HKP_810;null
tsk_01768;prop_66;book_0708;Cleaning;Check-out Cleaning;2026-02-25;Reported;GRO_612;HKP_134;
tsk_01769;prop_66;book_0708;Laundry;Linen Management;2026-02-25;In Progress;GRO_612;HKP_466;tsk_01768
tsk_01788;prop_65;book_0748;Cleaning;Check-out Cleaning;2026-02-25;In Progress;GRO_254;HKP_810;
tsk_01789;prop_65;book_0748;Laundry;Linen Management;2026-02-25;Canceled;GRO_254;HKP_243;tsk_01788
tsk_01796;prop_67;book_0769;Cleaning;Check-out Cleaning;2026-02-25;Invoiced;GRO_831;HKP_134;
tsk_01797;prop_67;book_0769;Laundry;Linen Management;2026-02-25;On Hold;GRO_831;HKP_599;tsk_01796
tsk_01802;prop_35;null;Preventive Maintenance;Wall Paint & Baseboard Touch-up;2026-02-25;Reported;MNG_482;HKP_219;null
tsk_01805;prop_1;book_0724;Cleaning;Check-out Cleaning;2026-02-26;Canceled;GRO_831;HKP_102;
tsk_01806;prop_1;book_0724;Laundry;Linen Management;2026-02-26;On Hold;GRO_831;HKP_293;tsk_01805
tsk_01807;prop_31;book_0729;Cleaning;Check-out Cleaning;2026-02-26;Approved;GRO_254;HKP_703;
tsk_01808;prop_31;book_0729;Laundry;Linen Management;2026-02-26;Approved;GRO_254;HKP_552;tsk_01807
tsk_01825;prop_15;book_0790;Cleaning;Check-out Cleaning;2026-02-26;On Hold;GRO_390;HKP_293;
tsk_01826;prop_15;book_0790;Laundry;Linen Management;2026-02-26;In Progress;GRO_390;HKP_744;tsk_01825
tsk_01828;prop_2;null;Preventive Maintenance;Furniture & Joinery Tightening;2026-02-26;In Progress;MNG_482;MNT_683;null
tsk_01833;prop_43;book_0732;Cleaning;Check-out Cleaning;2026-02-27;Approved;GRO_254;MNT_904;
tsk_01834;prop_43;book_0732;Laundry;Linen Management;2026-02-27;In Progress;GRO_254;HKP_703;tsk_01833
tsk_01835;prop_20;book_0733;Cleaning;Check-out Cleaning;2026-02-27;Approved;GRO_390;HKP_865;
tsk_01836;prop_20;book_0733;Laundry;Linen Management;2026-02-27;Backlog;GRO_390;MNT_421;tsk_01835
tsk_01837;prop_69;book_0740;Cleaning;Check-out Cleaning;2026-02-27;In Progress;GRO_390;HKP_466;
tsk_01838;prop_69;book_0740;Laundry;Linen Management;2026-02-27;Scheduled;GRO_390;HKP_243;tsk_01837
tsk_01839;prop_2;book_0742;Cleaning;Check-out Cleaning;2026-02-27;Reported;GRO_390;MNT_421;
tsk_01840;prop_2;book_0742;Laundry;Linen Management;2026-02-27;Invoiced;GRO_390;MNT_683;tsk_01839
tsk_01845;prop_61;book_0753;Cleaning;Check-out Cleaning;2026-02-27;Invoiced;GRO_390;HKP_781;
tsk_01846;prop_61;book_0753;Laundry;Linen Management;2026-02-27;Backlog;GRO_390;HKP_243;tsk_01845
tsk_01861;prop_42;book_0783;Cleaning;Check-out Cleaning;2026-02-27;Canceled;GRO_254;HKP_552;
tsk_01862;prop_42;book_0783;Laundry;Linen Management;2026-02-27;In Progress;GRO_254;MNT_904;tsk_01861
tsk_01863;prop_42;book_0783;Reactive Maintenance;TV & Smart Entertainment Reset;2026-02-27;Approved;GRO_254;HKP_552;null
tsk_01864;prop_35;book_0784;Cleaning;Check-out Cleaning;2026-02-27;On Hold;GRO_831;HKP_703;
tsk_01865;prop_35;book_0784;Laundry;Linen Management;2026-02-27;Reported;GRO_831;MNT_904;tsk_01864
tsk_01879;prop_40;book_0774;Cleaning;Check-out Cleaning;2026-02-28;Verified;GRO_612;HKP_877;
tsk_01880;prop_40;book_0774;Laundry;Linen Management;2026-02-28;In Progress;GRO_612;HKP_188;tsk_01879
tsk_01895;prop_65;book_0803;Cleaning;Check-out Cleaning;2026-02-28;Approved;GRO_612;HKP_922;
tsk_01896;prop_65;book_0803;Laundry;Linen Management;2026-02-28;Canceled;GRO_612;HKP_599;tsk_01895
tsk_01897;prop_67;book_0806;Cleaning;Check-out Cleaning;2026-02-28;In Progress;GRO_831;HKP_781;
tsk_01898;prop_67;book_0806;Laundry;Linen Management;2026-02-28;On Hold;GRO_831;MNT_157;tsk_01897
tsk_01907;prop_1;book_0821;Cleaning;Check-out Cleaning;2026-02-28;Reported;GRO_390;HKP_293;
tsk_01908;prop_1;book_0821;Laundry;Linen Management;2026-02-28;Canceled;GRO_390;HKP_744;tsk_01907
tsk_01911;prop_43;book_0827;Reactive Maintenance;Bulb & Fuse Replacement;2026-02-28;Completed;GRO_254;HKP_219;null
tsk_01912;prop_3;null;Preventive Maintenance;Wall Paint & Baseboard Touch-up;2026-02-28;Invoiced;MNG_482;HKP_627;null
tsk_01917;prop_42;null;Preventive Maintenance;Drain De-scaling & Chemical Treatment;2026-02-28;Scheduled;MNG_482;HKP_703;null
tsk_01941;prop_15;book_0816;Cleaning;Check-out Cleaning;2026-03-01;Scheduled;GRO_390;MNT_421;
tsk_01942;prop_15;book_0816;Laundry;Linen Management;2026-03-01;In Progress;GRO_390;HKP_865;tsk_01941
tsk_01950;prop_67;book_0847;Reactive Maintenance;TV & Smart Entertainment Reset;2026-03-01;Scheduled;GRO_390;HKP_922;null
tsk_01954;prop_65;null;Preventive Maintenance;Wall Paint & Baseboard Touch-up;2026-03-01;Approved;MNG_482;HKP_599;null
tsk_01957;prop_3;book_0770;Cleaning;Check-out Cleaning;2026-03-02;Verified;GRO_390;HKP_865;
tsk_01958;prop_3;book_0770;Laundry;Linen Management;2026-03-02;Canceled;GRO_390;HKP_627;tsk_01957
tsk_01967;prop_31;book_0824;Cleaning;Check-out Cleaning;2026-03-02;Reported;GRO_254;HKP_640;
tsk_01968;prop_31;book_0824;Laundry;Linen Management;2026-03-02;In Progress;GRO_254;HKP_552;tsk_01967
tsk_01969;prop_43;book_0827;Cleaning;Check-out Cleaning;2026-03-02;Verified;GRO_254;HKP_703;
tsk_01970;prop_43;book_0827;Laundry;Linen Management;2026-03-02;Canceled;GRO_254;HKP_552;tsk_01969
tsk_01974;prop_35;book_0836;Cleaning;Check-out Cleaning;2026-03-02;In Progress;GRO_831;HKP_188;
tsk_01975;prop_35;book_0836;Laundry;Linen Management;2026-03-02;Canceled;GRO_831;HKP_305;tsk_01974
tsk_01976;prop_69;book_0840;Cleaning;Check-out Cleaning;2026-03-02;Verified;GRO_612;HKP_781;
tsk_01977;prop_69;book_0840;Laundry;Linen Management;2026-03-02;Completed;GRO_612;MNT_157;tsk_01976
tsk_01982;prop_67;book_0847;Cleaning;Check-out Cleaning;2026-03-02;Reported;GRO_390;HKP_922;
tsk_01983;prop_67;book_0847;Laundry;Linen Management;2026-03-02;Approved;GRO_390;HKP_466;tsk_01982
tsk_01997;prop_66;book_0801;Cleaning;Check-out Cleaning;2026-03-03;Reported;GRO_254;HKP_599;
tsk_01998;prop_66;book_0801;Laundry;Linen Management;2026-03-03;Scheduled;GRO_254;HKP_922;tsk_01997
tsk_01999;prop_66;book_0801;Reactive Maintenance;Bulb & Fuse Replacement;2026-03-03;Completed;GRO_254;MNT_157;null
tsk_02009;prop_42;book_0835;Cleaning;Check-out Cleaning;2026-03-03;Completed;GRO_254;HKP_188;
tsk_02010;prop_42;book_0835;Laundry;Linen Management;2026-03-03;Backlog;GRO_254;HKP_703;tsk_02009
tsk_02018;prop_43;null;Preventive Maintenance;Battery Replacement Cycle;2026-03-03;Canceled;MNG_482;HKP_703;null
tsk_02032;prop_1;book_0850;Cleaning;Check-out Cleaning;2026-03-04;Approved;GRO_831;HKP_627;
tsk_02033;prop_1;book_0850;Laundry;Linen Management;2026-03-04;Scheduled;GRO_831;HKP_416;tsk_02032
tsk_02047;prop_3;null;Preventive Maintenance;Furniture & Joinery Tightening;2026-03-04;Backlog;MNG_482;HKP_865;null
tsk_02061;prop_61;book_0837;Cleaning;Check-out Cleaning;2026-03-05;On Hold;GRO_612;HKP_781;
tsk_02062;prop_61;book_0837;Laundry;Linen Management;2026-03-05;On Hold;GRO_612;HKP_134;tsk_02061
tsk_02067;prop_65;book_0845;Reactive Maintenance;Water Leak Troubleshooting;2026-03-05;Scheduled;GRO_390;HKP_922;null
tsk_02072;prop_15;book_0866;Cleaning;Check-out Cleaning;2026-03-05;In Progress;GRO_390;HKP_339;
tsk_02073;prop_15;book_0866;Laundry;Linen Management;2026-03-05;Reported;GRO_390;MNT_421;tsk_02072
tsk_02078;prop_3;book_0883;Cleaning;Check-out Cleaning;2026-03-05;Completed;GRO_831;HKP_865;
tsk_02079;prop_3;book_0883;Laundry;Linen Management;2026-03-05;Approved;GRO_831;HKP_518;tsk_02078
tsk_02083;prop_66;book_0894;Cleaning;Check-out Cleaning;2026-03-05;Invoiced;GRO_831;HKP_810;
tsk_02084;prop_66;book_0894;Laundry;Linen Management;2026-03-05;Scheduled;GRO_831;HKP_810;tsk_02083
tsk_02087;prop_40;null;Preventive Maintenance;Radiator Bleeding & Pressure Check;2026-03-05;Approved;MNG_482;HKP_640;null
tsk_02089;prop_20;book_0829;Cleaning;Check-out Cleaning;2026-03-06;On Hold;GRO_254;HKP_951;
tsk_02090;prop_20;book_0829;Laundry;Linen Management;2026-03-06;Scheduled;GRO_254;HKP_518;tsk_02089
tsk_02093;prop_2;book_0841;Cleaning;Check-out Cleaning;2026-03-06;On Hold;GRO_831;HKP_627;
tsk_02094;prop_2;book_0841;Laundry;Linen Management;2026-03-06;Scheduled;GRO_831;HKP_416;tsk_02093
tsk_02095;prop_65;book_0845;Cleaning;Check-out Cleaning;2026-03-06;Reported;GRO_390;HKP_922;
tsk_02096;prop_65;book_0845;Laundry;Linen Management;2026-03-06;Scheduled;GRO_390;HKP_922;tsk_02095
tsk_02104;prop_40;book_0861;Cleaning;Check-out Cleaning;2026-03-06;Backlog;GRO_254;HKP_877;
tsk_02105;prop_40;book_0861;Laundry;Linen Management;2026-03-06;In Progress;GRO_254;HKP_703;tsk_02104
tsk_02114;prop_43;book_0877;Reactive Maintenance;Emergency Lockout Resolution;2026-03-06;Backlog;GRO_612;MNT_904;null
tsk_02116;prop_67;book_0882;Cleaning;Check-out Cleaning;2026-03-06;Canceled;GRO_390;HKP_599;
tsk_02117;prop_67;book_0882;Laundry;Linen Management;2026-03-06;Backlog;GRO_390;HKP_466;tsk_02116
tsk_02118;prop_31;book_0887;Cleaning;Check-out Cleaning;2026-03-06;Invoiced;GRO_390;MNT_904;
tsk_02119;prop_31;book_0887;Laundry;Linen Management;2026-03-06;Approved;GRO_390;HKP_877;tsk_02118
tsk_02143;prop_69;book_0886;Reactive Maintenance;Blinds & Curtains Urgent Repair;2026-03-07;Scheduled;GRO_831;HKP_243;null
tsk_02148;prop_42;book_0900;Cleaning;Check-out Cleaning;2026-03-07;On Hold;GRO_831;MNT_904;
tsk_02149;prop_42;book_0900;Laundry;Linen Management;2026-03-07;Scheduled;GRO_831;HKP_552;tsk_02148
tsk_02152;prop_66;book_0915;Cleaning;Check-out Cleaning;2026-03-07;Scheduled;GRO_612;HKP_243;
tsk_02153;prop_66;book_0915;Laundry;Linen Management;2026-03-07;Scheduled;GRO_612;HKP_810;tsk_02152
tsk_02156;prop_61;book_0923;Cleaning;Check-out Cleaning;2026-03-07;Reported;GRO_254;HKP_243;
tsk_02157;prop_61;book_0923;Laundry;Linen Management;2026-03-07;In Progress;GRO_254;HKP_781;tsk_02156
tsk_02164;prop_40;book_0946;Reactive Maintenance;Appliance Failure Check;2026-03-07;Scheduled;GRO_254;HKP_188;null
tsk_02167;prop_1;null;Preventive Maintenance;Seasonal HVAC Filter Cleaning;2026-03-07;Invoiced;MNG_482;HKP_627;null
tsk_02168;prop_31;null;Preventive Maintenance;Wall Paint & Baseboard Touch-up;2026-03-07;Approved;MNG_482;HKP_552;null
tsk_02196;prop_35;null;Preventive Maintenance;Silicon Seal Integrity Check;2026-03-08;Reported;MNG_482;HKP_877;null
tsk_02198;prop_66;null;Preventive Maintenance;Seasonal HVAC Filter Cleaning;2026-03-08;Invoiced;MNG_482;HKP_466;null
tsk_02199;prop_43;book_0877;Cleaning;Check-out Cleaning;2026-03-09;Verified;GRO_612;HKP_552;
tsk_02200;prop_43;book_0877;Laundry;Linen Management;2026-03-09;In Progress;GRO_612;HKP_219;tsk_02199
tsk_02205;prop_69;book_0886;Cleaning;Check-out Cleaning;2026-03-09;Reported;GRO_831;HKP_243;
tsk_02206;prop_69;book_0886;Laundry;Linen Management;2026-03-09;Completed;GRO_831;HKP_466;tsk_02205
tsk_02215;prop_1;book_0910;Reactive Maintenance;Minor Plumbing Unclogging;2026-03-09;Verified;GRO_831;HKP_416;null
tsk_02224;prop_40;book_0946;Cleaning;Check-out Cleaning;2026-03-09;Scheduled;GRO_254;HKP_552;
tsk_02225;prop_40;book_0946;Laundry;Linen Management;2026-03-09;Invoiced;GRO_254;MNT_904;tsk_02224
tsk_02233;prop_35;book_0884;Cleaning;Check-out Cleaning;2026-03-10;Invoiced;GRO_390;HKP_305;
tsk_02234;prop_35;book_0884;Laundry;Linen Management;2026-03-10;Approved;GRO_390;HKP_552;tsk_02233
tsk_02237;prop_1;book_0910;Cleaning;Check-out Cleaning;2026-03-10;Completed;GRO_831;HKP_102;
tsk_02238;prop_1;book_0910;Laundry;Linen Management;2026-03-10;Completed;GRO_831;HKP_865;tsk_02237
tsk_02239;prop_15;book_0916;Cleaning;Check-out Cleaning;2026-03-10;In Progress;GRO_390;MNT_683;
tsk_02240;prop_15;book_0916;Laundry;Linen Management;2026-03-10;Completed;GRO_390;HKP_744;tsk_02239
tsk_02242;prop_3;book_0921;Cleaning;Check-out Cleaning;2026-03-10;In Progress;GRO_612;HKP_416;
tsk_02243;prop_3;book_0921;Laundry;Linen Management;2026-03-10;On Hold;GRO_612;HKP_627;tsk_02242
tsk_02250;prop_31;book_0940;Cleaning;Check-out Cleaning;2026-03-10;Scheduled;GRO_390;MNT_904;
tsk_02251;prop_31;book_0940;Laundry;Linen Management;2026-03-10;Scheduled;GRO_390;HKP_552;tsk_02250
tsk_02280;prop_20;book_0933;Cleaning;Check-out Cleaning;2026-03-11;Verified;GRO_831;HKP_865;
tsk_02281;prop_20;book_0933;Laundry;Linen Management;2026-03-11;Invoiced;GRO_831;HKP_865;tsk_02280
tsk_02286;prop_42;book_0955;Reactive Maintenance;Blinds & Curtains Urgent Repair;2026-03-11;Approved;GRO_831;MNT_904;null
tsk_02288;prop_61;book_0959;Cleaning;Check-out Cleaning;2026-03-11;Completed;GRO_254;HKP_922;
tsk_02289;prop_61;book_0959;Laundry;Linen Management;2026-03-11;On Hold;GRO_254;HKP_810;tsk_02288
tsk_02303;prop_65;book_0932;Cleaning;Check-out Cleaning;2026-03-12;Invoiced;GRO_390;HKP_599;
tsk_02304;prop_65;book_0932;Laundry;Linen Management;2026-03-12;Scheduled;GRO_390;HKP_466;tsk_02303
tsk_02309;prop_2;book_0942;Cleaning;Check-out Cleaning;2026-03-12;Backlog;GRO_390;MNT_683;
tsk_02310;prop_2;book_0942;Laundry;Linen Management;2026-03-12;In Progress;GRO_390;HKP_627;tsk_02309
tsk_02317;prop_43;book_0976;Cleaning;Check-out Cleaning;2026-03-12;In Progress;GRO_831;MNT_904;
tsk_02318;prop_43;book_0976;Laundry;Linen Management;2026-03-12;In Progress;GRO_831;HKP_640;tsk_02317
tsk_02325;prop_40;book_0989;Cleaning;Check-out Cleaning;2026-03-12;Scheduled;GRO_831;MNT_904;
tsk_02326;prop_40;book_0989;Laundry;Linen Management;2026-03-12;Completed;GRO_831;HKP_219;tsk_02325
tsk_02329;prop_20;book_1005;Reactive Maintenance;Wi-Fi & Network Connectivity Restore;2026-03-12;Approved;GRO_612;HKP_865;null
tsk_02333;prop_42;null;Preventive Maintenance;Radiator Bleeding & Pressure Check;2026-03-12;In Progress;MNG_482;HKP_703;null
tsk_02337;prop_67;book_0937;Cleaning;Check-out Cleaning;2026-03-13;Canceled;GRO_390;HKP_599;
tsk_02338;prop_67;book_0937;Laundry;Linen Management;2026-03-13;Completed;GRO_390;HKP_243;tsk_02337
tsk_02342;prop_66;book_0949;Cleaning;Check-out Cleaning;2026-03-13;Backlog;GRO_612;HKP_599;
tsk_02343;prop_66;book_0949;Laundry;Linen Management;2026-03-13;On Hold;GRO_612;HKP_810;tsk_02342
tsk_02364;prop_20;book_1005;Cleaning;Check-out Cleaning;2026-03-13;Approved;GRO_612;HKP_518;
tsk_02365;prop_20;book_1005;Laundry;Linen Management;2026-03-13;In Progress;GRO_612;HKP_951;tsk_02364
tsk_02376;prop_42;book_0955;Cleaning;Check-out Cleaning;2026-03-14;Canceled;GRO_831;MNT_904;
tsk_02377;prop_42;book_0955;Laundry;Linen Management;2026-03-14;Backlog;GRO_831;HKP_552;tsk_02376
tsk_02395;prop_15;book_0992;Reactive Maintenance;Appliance Failure Check;2026-03-14;Canceled;GRO_254;HKP_744;null
tsk_02396;prop_3;book_0996;Cleaning;Check-out Cleaning;2026-03-14;Reported;GRO_831;HKP_416;
tsk_02397;prop_3;book_0996;Laundry;Linen Management;2026-03-14;On Hold;GRO_831;HKP_951;tsk_02396
tsk_02398;prop_3;book_0996;Reactive Maintenance;Emergency Lockout Resolution;2026-03-14;Reported;GRO_831;MNT_421;null
tsk_02401;prop_61;book_1009;Cleaning;Check-out Cleaning;2026-03-14;Approved;GRO_831;MNT_157;
tsk_02402;prop_61;book_1009;Laundry;Linen Management;2026-03-14;Approved;GRO_831;HKP_810;tsk_02401
tsk_02435;prop_20;null;Preventive Maintenance;Wall Paint & Baseboard Touch-up;2026-03-15;Invoiced;MNG_482;HKP_865;null
tsk_02443;prop_69;book_0985;Cleaning;Check-out Cleaning;2026-03-16;Verified;GRO_612;HKP_810;
tsk_02444;prop_69;book_0985;Laundry;Linen Management;2026-03-16;Verified;GRO_612;HKP_810;tsk_02443
tsk_02445;prop_69;book_0985;Reactive Maintenance;Emergency Lockout Resolution;2026-03-16;Reported;GRO_612;HKP_134;null
tsk_02448;prop_15;book_0992;Cleaning;Check-out Cleaning;2026-03-16;Reported;GRO_254;HKP_102;
tsk_02449;prop_15;book_0992;Laundry;Linen Management;2026-03-16;On Hold;GRO_254;HKP_518;tsk_02448
tsk_02452;prop_1;book_0997;Cleaning;Check-out Cleaning;2026-03-16;Scheduled;GRO_254;HKP_865;
tsk_02453;prop_1;book_0997;Laundry;Linen Management;2026-03-16;Invoiced;GRO_254;HKP_951;tsk_02452
tsk_02459;prop_3;book_1050;Reactive Maintenance;Emergency Lockout Resolution;2026-03-16;Invoiced;GRO_254;HKP_518;null
tsk_02469;prop_67;null;Preventive Maintenance;Furniture & Joinery Tightening;2026-03-16;Backlog;MNG_482;HKP_810;null
tsk_02472;prop_35;book_0998;Cleaning;Check-out Cleaning;2026-03-17;Approved;GRO_612;HKP_219;
tsk_02473;prop_35;book_0998;Laundry;Linen Management;2026-03-17;Reported;GRO_612;HKP_877;tsk_02472
tsk_02474;prop_31;book_1000;Cleaning;Check-out Cleaning;2026-03-17;Reported;GRO_831;MNT_904;
tsk_02475;prop_31;book_1000;Laundry;Linen Management;2026-03-17;Verified;GRO_831;HKP_219;tsk_02474
tsk_02487;prop_40;book_1029;Cleaning;Check-out Cleaning;2026-03-17;Canceled;GRO_254;HKP_219;
tsk_02488;prop_40;book_1029;Laundry;Linen Management;2026-03-17;Completed;GRO_254;HKP_640;tsk_02487
tsk_02502;prop_20;null;Preventive Maintenance;Silicon Seal Integrity Check;2026-03-17;In Progress;MNG_482;HKP_951;null
tsk_02503;prop_40;null;Preventive Maintenance;Safety Equipment Inspection;2026-03-17;Reported;MNG_482;MNT_904;null
tsk_02506;prop_65;null;Preventive Maintenance;Drain De-scaling & Chemical Treatment;2026-03-17;Reported;MNG_482;HKP_922;null
tsk_02517;prop_66;book_1033;Cleaning;Check-out Cleaning;2026-03-18;Verified;GRO_254;HKP_134;
tsk_02518;prop_66;book_1033;Laundry;Linen Management;2026-03-18;Canceled;GRO_254;HKP_134;tsk_02517
tsk_02521;prop_3;book_1050;Cleaning;Check-out Cleaning;2026-03-18;Verified;GRO_254;HKP_518;
tsk_02522;prop_3;book_1050;Laundry;Linen Management;2026-03-18;Verified;GRO_254;HKP_627;tsk_02521
tsk_02539;prop_31;null;Preventive Maintenance;Safety Equipment Inspection;2026-03-18;Canceled;MNG_482;HKP_305;null
tsk_02543;prop_43;book_1019;Cleaning;Check-out Cleaning;2026-03-19;Invoiced;GRO_612;HKP_305;
tsk_02544;prop_43;book_1019;Laundry;Linen Management;2026-03-19;Invoiced;GRO_612;MNT_904;tsk_02543
tsk_02545;prop_65;book_1020;Cleaning;Check-out Cleaning;2026-03-19;Approved;GRO_390;MNT_157;
tsk_02546;prop_65;book_1020;Laundry;Linen Management;2026-03-19;Invoiced;GRO_390;HKP_599;tsk_02545
tsk_02551;prop_2;book_1027;Cleaning;Check-out Cleaning;2026-03-19;Scheduled;GRO_612;HKP_744;
tsk_02552;prop_2;book_1027;Laundry;Linen Management;2026-03-19;In Progress;GRO_612;HKP_865;tsk_02551
tsk_02555;prop_20;book_1034;Cleaning;Check-out Cleaning;2026-03-19;Approved;GRO_254;HKP_293;
tsk_02556;prop_20;book_1034;Laundry;Linen Management;2026-03-19;In Progress;GRO_254;HKP_865;tsk_02555
tsk_02560;prop_67;book_1038;Cleaning;Check-out Cleaning;2026-03-19;On Hold;GRO_831;HKP_922;
tsk_02561;prop_67;book_1038;Laundry;Linen Management;2026-03-19;Backlog;GRO_831;HKP_134;tsk_02560
tsk_02570;prop_61;book_1054;Cleaning;Check-out Cleaning;2026-03-19;Backlog;GRO_390;HKP_134;
tsk_02571;prop_61;book_1054;Laundry;Linen Management;2026-03-19;Approved;GRO_390;MNT_157;tsk_02570
tsk_02589;prop_1;book_1077;Cleaning;Check-out Cleaning;2026-03-19;In Progress;GRO_390;HKP_865;
tsk_02590;prop_1;book_1077;Laundry;Linen Management;2026-03-19;In Progress;GRO_390;HKP_951;tsk_02589
tsk_02624;prop_40;book_1095;Cleaning;Check-out Cleaning;2026-03-20;Canceled;GRO_390;HKP_703;
tsk_02625;prop_40;book_1095;Laundry;Linen Management;2026-03-20;On Hold;GRO_390;HKP_188;tsk_02624
tsk_02637;prop_2;null;Preventive Maintenance;Battery Replacement Cycle;2026-03-20;Backlog;MNG_482;HKP_339;null
tsk_02639;prop_69;null;Preventive Maintenance;Seasonal HVAC Filter Cleaning;2026-03-20;Approved;MNG_482;HKP_781;null
tsk_02642;prop_42;book_1051;Cleaning;Check-out Cleaning;2026-03-21;In Progress;GRO_390;HKP_305;
tsk_02643;prop_42;book_1051;Laundry;Linen Management;2026-03-21;Backlog;GRO_390;HKP_305;tsk_02642
tsk_02654;prop_66;book_1098;Cleaning;Check-out Cleaning;2026-03-21;Invoiced;GRO_390;HKP_134;
tsk_02655;prop_66;book_1098;Laundry;Linen Management;2026-03-21;Invoiced;GRO_390;HKP_243;tsk_02654
tsk_02663;prop_35;null;Preventive Maintenance;Seasonal HVAC Filter Cleaning;2026-03-21;Reported;MNG_482;HKP_552;null
tsk_02671;prop_69;book_1081;Cleaning;Check-out Cleaning;2026-03-22;Verified;GRO_390;MNT_157;
tsk_02672;prop_69;book_1081;Laundry;Linen Management;2026-03-22;Reported;GRO_390;HKP_599;tsk_02671
tsk_02673;prop_35;book_1090;Reactive Maintenance;Wi-Fi & Network Connectivity Restore;2026-03-22;Invoiced;GRO_612;HKP_305;null
tsk_02674;prop_31;book_1091;Cleaning;Check-out Cleaning;2026-03-22;Completed;GRO_612;HKP_219;
tsk_02675;prop_31;book_1091;Laundry;Linen Management;2026-03-22;Backlog;GRO_612;HKP_552;tsk_02674
tsk_02676;prop_3;book_1100;Cleaning;Check-out Cleaning;2026-03-22;Verified;GRO_831;HKP_951;
tsk_02677;prop_3;book_1100;Laundry;Linen Management;2026-03-22;On Hold;GRO_831;HKP_744;tsk_02676
tsk_02680;prop_20;book_1114;Cleaning;Check-out Cleaning;2026-03-22;In Progress;GRO_390;HKP_865;
tsk_02681;prop_20;book_1114;Laundry;Linen Management;2026-03-22;Invoiced;GRO_390;HKP_951;tsk_02680
tsk_02684;prop_61;book_1123;Cleaning;Check-out Cleaning;2026-03-22;Reported;GRO_254;HKP_599;
tsk_02685;prop_61;book_1123;Laundry;Linen Management;2026-03-22;Completed;GRO_254;MNT_157;tsk_02684
tsk_02686;prop_61;book_1123;Reactive Maintenance;Water Leak Troubleshooting;2026-03-22;Invoiced;GRO_254;MNT_157;null
tsk_02692;prop_3;null;Preventive Maintenance;Drain De-scaling & Chemical Treatment;2026-03-22;Reported;MNG_482;HKP_627;null
tsk_02705;prop_43;book_1111;Cleaning;Check-out Cleaning;2026-03-23;In Progress;GRO_612;HKP_219;
tsk_02706;prop_43;book_1111;Laundry;Linen Management;2026-03-23;In Progress;GRO_612;HKP_305;tsk_02705
tsk_02709;prop_2;book_1129;Cleaning;Check-out Cleaning;2026-03-23;Completed;GRO_831;HKP_951;
tsk_02710;prop_2;book_1129;Laundry;Linen Management;2026-03-23;Approved;GRO_831;HKP_744;tsk_02709
tsk_02727;prop_15;book_1074;Cleaning;Check-out Cleaning;2026-03-24;Approved;GRO_390;HKP_951;
tsk_02728;prop_15;book_1074;Laundry;Linen Management;2026-03-24;In Progress;GRO_390;HKP_102;tsk_02727
tsk_02731;prop_35;book_1090;Cleaning;Check-out Cleaning;2026-03-24;Verified;GRO_612;HKP_552;
tsk_02732;prop_35;book_1090;Laundry;Linen Management;2026-03-24;On Hold;GRO_612;HKP_640;tsk_02731
tsk_02757;prop_3;book_1166;Cleaning;Check-out Cleaning;2026-03-24;Canceled;GRO_390;HKP_416;
tsk_02758;prop_3;book_1166;Laundry;Linen Management;2026-03-24;Verified;GRO_390;HKP_518;tsk_02757
tsk_02760;prop_15;null;Preventive Maintenance;Wall Paint & Baseboard Touch-up;2026-03-24;In Progress;MNG_482;HKP_744;null
tsk_02765;prop_65;book_1113;Cleaning;Check-out Cleaning;2026-03-25;Scheduled;GRO_254;HKP_134;
tsk_02766;prop_65;book_1113;Laundry;Linen Management;2026-03-25;Reported;GRO_254;HKP_466;tsk_02765
tsk_02787;prop_15;null;Preventive Maintenance;Battery Replacement Cycle;2026-03-25;Completed;MNG_482;HKP_518;null
tsk_02794;prop_1;book_1121;Cleaning;Check-out Cleaning;2026-03-26;In Progress;GRO_612;HKP_293;
tsk_02795;prop_1;book_1121;Laundry;Linen Management;2026-03-26;Approved;GRO_612;HKP_627;tsk_02794
tsk_02814;prop_66;book_1154;Cleaning;Check-out Cleaning;2026-03-26;On Hold;GRO_254;HKP_466;
tsk_02815;prop_66;book_1154;Laundry;Linen Management;2026-03-26;Verified;GRO_254;MNT_157;tsk_02814
tsk_02816;prop_66;book_1154;Reactive Maintenance;Minor Plumbing Unclogging;2026-03-26;Approved;GRO_254;HKP_599;null
tsk_02819;prop_42;book_1157;Cleaning;Check-out Cleaning;2026-03-26;Approved;GRO_390;HKP_188;
tsk_02820;prop_42;book_1157;Laundry;Linen Management;2026-03-26;Backlog;GRO_390;HKP_640;tsk_02819
tsk_02836;prop_67;book_1118;Cleaning;Check-out Cleaning;2026-03-27;Canceled;GRO_831;HKP_922;
tsk_02837;prop_67;book_1118;Laundry;Linen Management;2026-03-27;Invoiced;GRO_831;MNT_157;tsk_02836
tsk_02849;prop_40;book_1152;Cleaning;Check-out Cleaning;2026-03-27;Invoiced;GRO_390;HKP_552;
tsk_02850;prop_40;book_1152;Laundry;Linen Management;2026-03-27;Reported;GRO_390;HKP_188;tsk_02849
tsk_02857;prop_15;book_1187;Cleaning;Check-out Cleaning;2026-03-27;Backlog;GRO_612;HKP_293;
tsk_02858;prop_15;book_1187;Laundry;Linen Management;2026-03-27;Completed;GRO_612;HKP_339;tsk_02857
tsk_02859;prop_15;book_1187;Reactive Maintenance;Emergency Lockout Resolution;2026-03-27;In Progress;GRO_612;HKP_293;null
tsk_02861;prop_35;book_1192;Cleaning;Check-out Cleaning;2026-03-27;On Hold;GRO_831;MNT_904;
tsk_02862;prop_35;book_1192;Laundry;Linen Management;2026-03-27;Backlog;GRO_831;HKP_703;tsk_02861
tsk_02869;prop_42;book_1218;Reactive Maintenance;TV & Smart Entertainment Reset;2026-03-27;Approved;GRO_254;MNT_904;null
tsk_02874;prop_20;book_1163;Cleaning;Check-out Cleaning;2026-03-28;Backlog;GRO_390;HKP_951;
tsk_02875;prop_20;book_1163;Laundry;Linen Management;2026-03-28;Invoiced;GRO_390;HKP_627;tsk_02874
tsk_02881;prop_61;book_1169;Cleaning;Check-out Cleaning;2026-03-28;Approved;GRO_254;HKP_599;
tsk_02882;prop_61;book_1169;Laundry;Linen Management;2026-03-28;Backlog;GRO_254;HKP_599;tsk_02881
tsk_02883;prop_31;book_1171;Cleaning;Check-out Cleaning;2026-03-28;Verified;GRO_254;HKP_703;
tsk_02884;prop_31;book_1171;Laundry;Linen Management;2026-03-28;Reported;GRO_254;HKP_552;tsk_02883
tsk_02885;prop_31;book_1171;Reactive Maintenance;Pest Control First Response;2026-03-28;Canceled;GRO_254;HKP_640;null
tsk_02886;prop_2;book_1182;Cleaning;Check-out Cleaning;2026-03-28;Completed;GRO_831;HKP_416;
tsk_02887;prop_2;book_1182;Laundry;Linen Management;2026-03-28;Approved;GRO_831;MNT_421;tsk_02886
tsk_02890;prop_3;book_1190;Cleaning;Check-out Cleaning;2026-03-28;Canceled;GRO_254;HKP_744;
tsk_02891;prop_3;book_1190;Laundry;Linen Management;2026-03-28;Backlog;GRO_254;HKP_744;tsk_02890
tsk_02906;prop_43;null;Preventive Maintenance;Seasonal HVAC Filter Cleaning;2026-03-28;Canceled;MNG_482;HKP_305;null
tsk_02907;prop_61;null;Preventive Maintenance;Safety Equipment Inspection;2026-03-28;Invoiced;MNG_482;HKP_243;null
tsk_02916;prop_65;book_1201;Cleaning;Check-out Cleaning;2026-03-29;Completed;GRO_831;HKP_134;
tsk_02917;prop_65;book_1201;Laundry;Linen Management;2026-03-29;Canceled;GRO_831;HKP_810;tsk_02916
tsk_02918;prop_42;book_1218;Cleaning;Check-out Cleaning;2026-03-29;On Hold;GRO_254;HKP_703;
tsk_02919;prop_42;book_1218;Laundry;Linen Management;2026-03-29;Reported;GRO_254;HKP_188;tsk_02918
tsk_02926;prop_35;book_1239;Cleaning;Check-out Cleaning;2026-03-29;On Hold;GRO_831;HKP_219;
tsk_02927;prop_35;book_1239;Laundry;Linen Management;2026-03-29;On Hold;GRO_831;HKP_877;tsk_02926
tsk_02929;prop_69;book_1170;Cleaning;Check-out Cleaning;2026-03-30;Backlog;GRO_612;HKP_599;
tsk_02930;prop_69;book_1170;Laundry;Linen Management;2026-03-30;Reported;GRO_612;HKP_243;tsk_02929
tsk_02931;prop_69;book_1170;Reactive Maintenance;Minor Plumbing Unclogging;2026-03-30;Backlog;GRO_612;HKP_466;null
tsk_02960;prop_43;book_1174;Cleaning;Check-out Cleaning;2026-03-31;Reported;GRO_612;HKP_640;
tsk_02961;prop_43;book_1174;Laundry;Linen Management;2026-03-31;Canceled;GRO_612;HKP_305;tsk_02960
tsk_02974;prop_67;book_1238;Cleaning;Check-out Cleaning;2026-03-31;Reported;GRO_390;HKP_134;
tsk_02975;prop_67;book_1238;Laundry;Linen Management;2026-03-31;Approved;GRO_390;MNT_157;tsk_02974
tsk_02984;prop_31;book_1255;Cleaning;Check-out Cleaning;2026-03-31;Completed;GRO_254;HKP_703;
tsk_02985;prop_31;book_1255;Laundry;Linen Management;2026-03-31;Canceled;GRO_254;HKP_640;tsk_02984
tsk_03009;prop_15;book_1231;Cleaning;Check-out Cleaning;2026-04-01;Canceled;GRO_831;MNT_421;
tsk_03010;prop_15;book_1231;Laundry;Linen Management;2026-04-01;Invoiced;GRO_831;HKP_865;tsk_03009
tsk_03011;prop_40;book_1243;Cleaning;Check-out Cleaning;2026-04-01;Verified;GRO_390;HKP_552;
tsk_03012;prop_40;book_1243;Laundry;Linen Management;2026-04-01;Reported;GRO_390;HKP_552;tsk_03011
tsk_03013;prop_3;book_1249;Cleaning;Check-out Cleaning;2026-04-01;In Progress;GRO_831;MNT_683;
tsk_03014;prop_3;book_1249;Laundry;Linen Management;2026-04-01;Scheduled;GRO_831;HKP_627;tsk_03013
tsk_03015;prop_61;book_1253;Cleaning;Check-out Cleaning;2026-04-01;Canceled;GRO_254;HKP_134;
tsk_03016;prop_61;book_1253;Laundry;Linen Management;2026-04-01;Approved;GRO_254;HKP_922;tsk_03015
tsk_03017;prop_61;book_1253;Reactive Maintenance;Minor Plumbing Unclogging;2026-04-01;Approved;GRO_254;HKP_134;null
tsk_03018;prop_2;book_1257;Cleaning;Check-out Cleaning;2026-04-01;Scheduled;GRO_390;HKP_627;
tsk_03019;prop_2;book_1257;Laundry;Linen Management;2026-04-01;Completed;GRO_390;HKP_627;tsk_03018
tsk_03020;prop_65;book_1260;Cleaning;Check-out Cleaning;2026-04-01;Approved;GRO_612;HKP_781;
tsk_03021;prop_65;book_1260;Laundry;Linen Management;2026-04-01;In Progress;GRO_612;MNT_157;tsk_03020
tsk_03022;prop_65;book_1260;Reactive Maintenance;Blinds & Curtains Urgent Repair;2026-04-01;Approved;GRO_612;MNT_157;null
tsk_03029;prop_66;book_1212;Cleaning;Check-out Cleaning;2026-04-02;Invoiced;GRO_390;HKP_134;
tsk_03030;prop_66;book_1212;Laundry;Linen Management;2026-04-02;In Progress;GRO_390;HKP_599;tsk_03029
tsk_03045;prop_42;book_1265;Reactive Maintenance;Blinds & Curtains Urgent Repair;2026-04-02;Verified;GRO_254;HKP_877;null
tsk_03056;prop_31;book_1295;Cleaning;Check-out Cleaning;2026-04-02;Backlog;GRO_612;HKP_877;
tsk_03057;prop_31;book_1295;Laundry;Linen Management;2026-04-02;Approved;GRO_612;HKP_640;tsk_03056
tsk_03060;prop_2;null;Preventive Maintenance;Radiator Bleeding & Pressure Check;2026-04-02;Canceled;MNG_482;HKP_339;null
tsk_03066;prop_1;book_1217;Cleaning;Check-out Cleaning;2026-04-03;Canceled;GRO_612;HKP_416;
tsk_03067;prop_1;book_1217;Laundry;Linen Management;2026-04-03;Completed;GRO_612;HKP_865;tsk_03066
tsk_03074;prop_20;book_1246;Cleaning;Check-out Cleaning;2026-04-03;Backlog;GRO_831;HKP_293;
tsk_03075;prop_20;book_1246;Laundry;Linen Management;2026-04-03;Scheduled;GRO_831;MNT_421;tsk_03074
tsk_03082;prop_69;book_1280;Cleaning;Check-out Cleaning;2026-04-03;Canceled;GRO_831;HKP_922;
tsk_03083;prop_69;book_1280;Laundry;Linen Management;2026-04-03;Canceled;GRO_831;HKP_781;tsk_03082
tsk_03105;prop_42;book_1265;Cleaning;Check-out Cleaning;2026-04-04;Completed;GRO_254;HKP_188;
tsk_03106;prop_42;book_1265;Laundry;Linen Management;2026-04-04;Scheduled;GRO_254;HKP_552;tsk_03105
tsk_03107;prop_35;book_1267;Cleaning;Check-out Cleaning;2026-04-04;In Progress;GRO_831;HKP_877;
tsk_03108;prop_35;book_1267;Laundry;Linen Management;2026-04-04;Reported;GRO_831;HKP_305;tsk_03107
tsk_03109;prop_43;book_1286;Cleaning;Check-out Cleaning;2026-04-04;Canceled;GRO_831;HKP_305;
tsk_03110;prop_43;book_1286;Laundry;Linen Management;2026-04-04;Invoiced;GRO_831;HKP_305;tsk_03109
tsk_03121;prop_66;book_1316;Cleaning;Check-out Cleaning;2026-04-04;Canceled;GRO_254;HKP_466;
tsk_03122;prop_66;book_1316;Laundry;Linen Management;2026-04-04;Approved;GRO_254;HKP_599;tsk_03121
tsk_03123;prop_66;book_1316;Reactive Maintenance;Blinds & Curtains Urgent Repair;2026-04-04;Reported;GRO_254;HKP_781;null
tsk_03133;prop_67;book_1290;Cleaning;Check-out Cleaning;2026-04-05;Backlog;GRO_612;HKP_134;
tsk_03134;prop_67;book_1290;Laundry;Linen Management;2026-04-05;Scheduled;GRO_612;HKP_134;tsk_03133
tsk_03137;prop_65;book_1300;Cleaning;Check-out Cleaning;2026-04-05;Canceled;GRO_612;HKP_922;
tsk_03138;prop_65;book_1300;Laundry;Linen Management;2026-04-05;On Hold;GRO_612;HKP_243;tsk_03137
tsk_03152;prop_43;book_1344;Reactive Maintenance;TV & Smart Entertainment Reset;2026-04-05;Canceled;GRO_390;HKP_305;null
tsk_03154;prop_15;null;Preventive Maintenance;Radiator Bleeding & Pressure Check;2026-04-05;Scheduled;MNG_482;HKP_339;null
tsk_03157;prop_61;null;Preventive Maintenance;Drain De-scaling & Chemical Treatment;2026-04-05;Canceled;MNG_482;HKP_781;null
tsk_03171;prop_61;book_1306;Cleaning;Check-out Cleaning;2026-04-06;Scheduled;GRO_390;HKP_810;
tsk_03172;prop_61;book_1306;Laundry;Linen Management;2026-04-06;Verified;GRO_390;HKP_599;tsk_03171
tsk_03173;prop_61;book_1306;Reactive Maintenance;Minor Plumbing Unclogging;2026-04-06;Approved;GRO_390;HKP_810;null
tsk_03184;prop_1;book_1337;Cleaning;Check-out Cleaning;2026-04-06;In Progress;GRO_831;HKP_293;
tsk_03185;prop_1;book_1337;Laundry;Linen Management;2026-04-06;Backlog;GRO_831;HKP_339;tsk_03184
tsk_03186;prop_43;book_1344;Cleaning;Check-out Cleaning;2026-04-06;On Hold;GRO_390;HKP_188;
tsk_03187;prop_43;book_1344;Laundry;Linen Management;2026-04-06;In Progress;GRO_390;HKP_188;tsk_03186
tsk_03206;prop_3;book_1302;Cleaning;Check-out Cleaning;2026-04-07;Verified;GRO_254;HKP_744;
tsk_03207;prop_3;book_1302;Laundry;Linen Management;2026-04-07;Verified;GRO_254;HKP_102;tsk_03206
tsk_03226;prop_20;null;Preventive Maintenance;Wall Paint & Baseboard Touch-up;2026-04-07;Canceled;MNG_482;HKP_518;null
tsk_03235;prop_2;book_1308;Cleaning;Check-out Cleaning;2026-04-08;Scheduled;GRO_254;HKP_627;
tsk_03236;prop_2;book_1308;Laundry;Linen Management;2026-04-08;Backlog;GRO_254;HKP_518;tsk_03235
tsk_03241;prop_40;book_1313;Cleaning;Check-out Cleaning;2026-04-08;Backlog;GRO_831;HKP_703;
tsk_03242;prop_40;book_1313;Laundry;Linen Management;2026-04-08;Scheduled;GRO_831;HKP_877;tsk_03241
tsk_03245;prop_20;book_1332;Reactive Maintenance;TV & Smart Entertainment Reset;2026-04-08;On Hold;GRO_612;HKP_293;null
tsk_03250;prop_69;book_1340;Cleaning;Check-out Cleaning;2026-04-08;Invoiced;GRO_831;HKP_243;
tsk_03251;prop_69;book_1340;Laundry;Linen Management;2026-04-08;Verified;GRO_831;HKP_243;tsk_03250
tsk_03252;prop_66;book_1345;Cleaning;Check-out Cleaning;2026-04-08;Completed;GRO_390;HKP_466;
tsk_03253;prop_66;book_1345;Laundry;Linen Management;2026-04-08;On Hold;GRO_390;HKP_243;tsk_03252
tsk_03256;prop_35;book_1352;Cleaning;Check-out Cleaning;2026-04-08;Completed;GRO_831;HKP_877;
tsk_03257;prop_35;book_1352;Laundry;Linen Management;2026-04-08;Completed;GRO_831;HKP_877;tsk_03256
tsk_03258;prop_65;book_1358;Cleaning;Check-out Cleaning;2026-04-08;Invoiced;GRO_831;HKP_781;
tsk_03259;prop_65;book_1358;Laundry;Linen Management;2026-04-08;Verified;GRO_831;HKP_810;tsk_03258
tsk_03278;prop_15;book_1301;Cleaning;Check-out Cleaning;2026-04-09;On Hold;GRO_390;HKP_416;
tsk_03279;prop_15;book_1301;Laundry;Linen Management;2026-04-09;On Hold;GRO_390;HKP_293;tsk_03278
tsk_03285;prop_31;book_1326;Cleaning;Check-out Cleaning;2026-04-09;Reported;GRO_254;HKP_640;
tsk_03286;prop_31;book_1326;Laundry;Linen Management;2026-04-09;Reported;GRO_254;HKP_877;tsk_03285
tsk_03293;prop_20;book_1332;Cleaning;Check-out Cleaning;2026-04-09;Verified;GRO_612;HKP_293;
tsk_03294;prop_20;book_1332;Laundry;Linen Management;2026-04-09;Backlog;GRO_612;HKP_627;tsk_03293
tsk_03303;prop_61;book_1377;Cleaning;Check-out Cleaning;2026-04-09;Backlog;GRO_831;HKP_810;
tsk_03304;prop_61;book_1377;Laundry;Linen Management;2026-04-09;Backlog;GRO_831;HKP_810;tsk_03303
tsk_03312;prop_31;null;Preventive Maintenance;Safety Equipment Inspection;2026-04-09;Canceled;MNG_482;HKP_305;null
tsk_03335;prop_66;book_1397;Cleaning;Check-out Cleaning;2026-04-10;Canceled;GRO_612;HKP_599;
tsk_03336;prop_66;book_1397;Laundry;Linen Management;2026-04-10;On Hold;GRO_612;HKP_134;tsk_03335
tsk_03339;prop_69;book_1410;Cleaning;Check-out Cleaning;2026-04-10;Backlog;GRO_390;HKP_243;
tsk_03340;prop_69;book_1410;Laundry;Linen Management;2026-04-10;Invoiced;GRO_390;HKP_243;tsk_03339
tsk_03341;prop_2;book_1411;Cleaning;Check-out Cleaning;2026-04-10;Verified;GRO_390;HKP_339;
tsk_03342;prop_2;book_1411;Laundry;Linen Management;2026-04-10;Canceled;GRO_390;HKP_951;tsk_03341
tsk_03345;prop_20;null;Preventive Maintenance;Window & Balcony Safety Audit;2026-04-10;On Hold;MNG_482;HKP_416;null
tsk_03347;prop_67;null;Preventive Maintenance;Silicon Seal Integrity Check;2026-04-10;In Progress;MNG_482;HKP_466;null
tsk_03356;prop_67;book_1362;Cleaning;Check-out Cleaning;2026-04-11;Backlog;GRO_831;HKP_922;
tsk_03357;prop_67;book_1362;Laundry;Linen Management;2026-04-11;In Progress;GRO_831;HKP_466;tsk_03356
tsk_03358;prop_67;book_1362;Reactive Maintenance;Blinds & Curtains Urgent Repair;2026-04-11;Scheduled;GRO_831;HKP_134;null
tsk_03365;prop_43;book_1369;Cleaning;Check-out Cleaning;2026-04-11;Approved;GRO_254;HKP_188;
tsk_03366;prop_43;book_1369;Laundry;Linen Management;2026-04-11;Backlog;GRO_254;HKP_877;tsk_03365
tsk_03373;prop_3;book_1388;Cleaning;Check-out Cleaning;2026-04-11;Approved;GRO_390;HKP_951;
tsk_03374;prop_3;book_1388;Laundry;Linen Management;2026-04-11;Verified;GRO_390;HKP_518;tsk_03373
tsk_03384;prop_20;book_1420;Cleaning;Check-out Cleaning;2026-04-11;Backlog;GRO_831;HKP_293;
tsk_03385;prop_20;book_1420;Laundry;Linen Management;2026-04-11;Verified;GRO_831;MNT_683;tsk_03384
tsk_03386;prop_20;book_1420;Reactive Maintenance;Wi-Fi & Network Connectivity Restore;2026-04-11;Scheduled;GRO_831;HKP_865;null
tsk_03391;prop_66;null;Preventive Maintenance;Wall Paint & Baseboard Touch-up;2026-04-11;Verified;MNG_482;MNT_157;null
tsk_03392;prop_42;book_1351;Cleaning;Check-out Cleaning;2026-04-12;On Hold;GRO_612;HKP_305;
tsk_03393;prop_42;book_1351;Laundry;Linen Management;2026-04-12;Scheduled;GRO_612;HKP_305;tsk_03392
tsk_03405;prop_35;book_1408;Cleaning;Check-out Cleaning;2026-04-12;In Progress;GRO_390;HKP_703;
tsk_03406;prop_35;book_1408;Laundry;Linen Management;2026-04-12;Reported;GRO_390;HKP_188;tsk_03405
tsk_03409;prop_40;book_1415;Cleaning;Check-out Cleaning;2026-04-12;Invoiced;GRO_390;HKP_219;
tsk_03410;prop_40;book_1415;Laundry;Linen Management;2026-04-12;Scheduled;GRO_390;HKP_703;tsk_03409
tsk_03415;prop_69;book_1441;Cleaning;Check-out Cleaning;2026-04-12;Completed;GRO_254;MNT_157;
tsk_03416;prop_69;book_1441;Laundry;Linen Management;2026-04-12;Scheduled;GRO_254;HKP_922;tsk_03415
tsk_03424;prop_1;book_1376;Reactive Maintenance;TV & Smart Entertainment Reset;2026-04-13;Approved;GRO_254;MNT_683;null
tsk_03444;prop_31;book_1427;Cleaning;Check-out Cleaning;2026-04-13;Verified;GRO_612;HKP_640;
tsk_03445;prop_31;book_1427;Laundry;Linen Management;2026-04-13;Scheduled;GRO_612;HKP_703;tsk_03444
tsk_03450;prop_3;book_1453;Cleaning;Check-out Cleaning;2026-04-13;Scheduled;GRO_390;HKP_518;
tsk_03451;prop_3;book_1453;Laundry;Linen Management;2026-04-13;Verified;GRO_390;HKP_951;tsk_03450
tsk_03454;prop_1;book_1376;Cleaning;Check-out Cleaning;2026-04-14;Invoiced;GRO_254;HKP_102;
tsk_03455;prop_1;book_1376;Laundry;Linen Management;2026-04-14;In Progress;GRO_254;HKP_627;tsk_03454
tsk_03460;prop_65;book_1400;Cleaning;Check-out Cleaning;2026-04-14;Canceled;GRO_612;HKP_810;
tsk_03461;prop_65;book_1400;Laundry;Linen Management;2026-04-14;Approved;GRO_612;HKP_922;tsk_03460
tsk_03464;prop_66;book_1431;Cleaning;Check-out Cleaning;2026-04-14;Completed;GRO_254;MNT_157;
tsk_03465;prop_66;book_1431;Laundry;Linen Management;2026-04-14;On Hold;GRO_254;HKP_810;tsk_03464
tsk_03470;prop_2;book_1442;Cleaning;Check-out Cleaning;2026-04-14;In Progress;GRO_831;HKP_339;
tsk_03471;prop_2;book_1442;Laundry;Linen Management;2026-04-14;In Progress;GRO_831;HKP_339;tsk_03470
tsk_03483;prop_15;null;Preventive Maintenance;Furniture & Joinery Tightening;2026-04-14;Completed;MNG_482;HKP_102;null
tsk_03510;prop_43;book_1446;Cleaning;Check-out Cleaning;2026-04-15;Approved;GRO_831;HKP_219;
tsk_03511;prop_43;book_1446;Laundry;Linen Management;2026-04-15;Backlog;GRO_831;HKP_188;tsk_03510
tsk_03514;prop_20;book_1448;Cleaning;Check-out Cleaning;2026-04-15;Reported;GRO_390;HKP_627;
tsk_03515;prop_20;book_1448;Laundry;Linen Management;2026-04-15;Backlog;GRO_390;HKP_416;tsk_03514
tsk_03518;prop_40;book_1471;Cleaning;Check-out Cleaning;2026-04-15;Verified;GRO_254;HKP_877;
tsk_03519;prop_40;book_1471;Laundry;Linen Management;2026-04-15;Reported;GRO_254;HKP_877;tsk_03518
tsk_03523;prop_31;book_1484;Reactive Maintenance;TV & Smart Entertainment Reset;2026-04-15;In Progress;GRO_390;HKP_305;null
tsk_03529;prop_42;null;Preventive Maintenance;Drain De-scaling & Chemical Treatment;2026-04-15;Approved;MNG_482;HKP_552;null
tsk_03532;prop_69;null;Preventive Maintenance;Furniture & Joinery Tightening;2026-04-15;Backlog;MNG_482;HKP_781;null
tsk_03541;prop_15;book_1422;Cleaning;Check-out Cleaning;2026-04-16;Reported;GRO_254;HKP_865;
tsk_03542;prop_15;book_1422;Laundry;Linen Management;2026-04-16;Completed;GRO_254;HKP_951;tsk_03541
tsk_03543;prop_61;book_1425;Cleaning;Check-out Cleaning;2026-04-16;Verified;GRO_612;HKP_810;
tsk_03544;prop_61;book_1425;Laundry;Linen Management;2026-04-16;In Progress;GRO_612;HKP_810;tsk_03543
tsk_03549;prop_42;book_1463;Cleaning;Check-out Cleaning;2026-04-16;Scheduled;GRO_254;MNT_904;
tsk_03550;prop_42;book_1463;Laundry;Linen Management;2026-04-16;Verified;GRO_254;HKP_552;tsk_03549
tsk_03571;prop_42;null;Preventive Maintenance;Drain De-scaling & Chemical Treatment;2026-04-16;Scheduled;MNG_482;HKP_219;null
tsk_03582;prop_35;book_1464;Cleaning;Check-out Cleaning;2026-04-17;Backlog;GRO_831;HKP_552;
tsk_03583;prop_35;book_1464;Laundry;Linen Management;2026-04-17;Reported;GRO_831;HKP_877;tsk_03582
tsk_03590;prop_31;book_1484;Cleaning;Check-out Cleaning;2026-04-17;Reported;GRO_390;HKP_219;
tsk_03591;prop_31;book_1484;Laundry;Linen Management;2026-04-17;Scheduled;GRO_390;HKP_877;tsk_03590
tsk_03592;prop_2;book_1496;Reactive Maintenance;Bulb & Fuse Replacement;2026-04-17;Canceled;GRO_390;MNT_421;null
tsk_03600;prop_2;null;Preventive Maintenance;Seasonal HVAC Filter Cleaning;2026-04-17;Completed;MNG_482;HKP_744;null
tsk_03606;prop_67;book_1452;Cleaning;Check-out Cleaning;2026-04-18;Reported;GRO_612;HKP_810;
tsk_03607;prop_67;book_1452;Laundry;Linen Management;2026-04-18;Verified;GRO_612;HKP_781;tsk_03606
tsk_03615;prop_65;book_1490;Cleaning;Check-out Cleaning;2026-04-18;Reported;GRO_612;HKP_922;
tsk_03616;prop_65;book_1490;Laundry;Linen Management;2026-04-18;Invoiced;GRO_612;HKP_922;tsk_03615
tsk_03617;prop_2;book_1496;Cleaning;Check-out Cleaning;2026-04-18;Scheduled;GRO_390;HKP_744;
tsk_03618;prop_2;book_1496;Laundry;Linen Management;2026-04-18;Reported;GRO_390;HKP_744;tsk_03617
tsk_03625;prop_40;book_1517;Cleaning;Check-out Cleaning;2026-04-18;Approved;GRO_390;HKP_877;
tsk_03626;prop_40;book_1517;Laundry;Linen Management;2026-04-18;On Hold;GRO_390;HKP_703;tsk_03625
tsk_03627;prop_40;book_1517;Reactive Maintenance;Appliance Failure Check;2026-04-18;Canceled;GRO_390;HKP_188;null
tsk_03631;prop_3;null;Preventive Maintenance;Seasonal HVAC Filter Cleaning;2026-04-18;Scheduled;MNG_482;HKP_102;null
tsk_03666;prop_67;null;Preventive Maintenance;Battery Replacement Cycle;2026-04-19;Verified;MNG_482;HKP_243;null
tsk_03670;prop_69;book_1467;Cleaning;Check-out Cleaning;2026-04-20;Canceled;GRO_390;MNT_157;
tsk_03671;prop_69;book_1467;Laundry;Linen Management;2026-04-20;Completed;GRO_390;HKP_466;tsk_03670
tsk_03678;prop_1;book_1494;Cleaning;Check-out Cleaning;2026-04-20;Approved;GRO_831;HKP_293;
tsk_03679;prop_1;book_1494;Laundry;Linen Management;2026-04-20;Scheduled;GRO_831;HKP_518;tsk_03678
tsk_03682;prop_20;book_1505;Cleaning;Check-out Cleaning;2026-04-20;In Progress;GRO_254;HKP_293;
tsk_03683;prop_20;book_1505;Laundry;Linen Management;2026-04-20;Scheduled;GRO_254;MNT_421;tsk_03682
tsk_03690;prop_35;book_1539;Cleaning;Check-out Cleaning;2026-04-20;Scheduled;GRO_390;HKP_552;
tsk_03691;prop_35;book_1539;Laundry;Linen Management;2026-04-20;Invoiced;GRO_390;HKP_188;tsk_03690
tsk_03696;prop_67;book_1551;Reactive Maintenance;Appliance Failure Check;2026-04-20;Reported;GRO_390;HKP_922;null
tsk_03698;prop_40;null;Preventive Maintenance;Wall Paint & Baseboard Touch-up;2026-04-20;Reported;MNG_482;HKP_305;null
tsk_03699;prop_3;book_1476;Cleaning;Check-out Cleaning;2026-04-21;On Hold;GRO_390;HKP_865;
tsk_03700;prop_3;book_1476;Laundry;Linen Management;2026-04-21;Backlog;GRO_390;HKP_627;tsk_03699
tsk_03701;prop_66;book_1489;Cleaning;Check-out Cleaning;2026-04-21;Reported;GRO_390;MNT_157;
tsk_03702;prop_66;book_1489;Laundry;Linen Management;2026-04-21;Scheduled;GRO_390;HKP_810;tsk_03701
tsk_03721;prop_15;book_1523;Cleaning;Check-out Cleaning;2026-04-21;Canceled;GRO_612;HKP_102;
tsk_03722;prop_15;book_1523;Laundry;Linen Management;2026-04-21;Verified;GRO_612;HKP_865;tsk_03721
tsk_03725;prop_31;book_1543;Cleaning;Check-out Cleaning;2026-04-21;Reported;GRO_390;HKP_703;
tsk_03726;prop_31;book_1543;Laundry;Linen Management;2026-04-21;Canceled;GRO_390;HKP_305;tsk_03725
tsk_03732;prop_20;book_1571;Reactive Maintenance;Wi-Fi & Network Connectivity Restore;2026-04-21;Backlog;GRO_390;HKP_416;null
tsk_03755;prop_20;book_1571;Cleaning;Check-out Cleaning;2026-04-22;Backlog;GRO_390;MNT_683;
tsk_03756;prop_20;book_1571;Laundry;Linen Management;2026-04-22;Backlog;GRO_390;HKP_951;tsk_03755
tsk_03768;prop_40;null;Preventive Maintenance;Wall Paint & Baseboard Touch-up;2026-04-22;Approved;MNG_482;HKP_188;null
tsk_03769;prop_43;null;Preventive Maintenance;Drain De-scaling & Chemical Treatment;2026-04-22;Scheduled;MNG_482;HKP_305;null
tsk_03770;prop_43;book_1502;Cleaning;Check-out Cleaning;2026-04-23;Reported;GRO_254;HKP_305;
tsk_03771;prop_43;book_1502;Laundry;Linen Management;2026-04-23;Completed;GRO_254;HKP_703;tsk_03770
tsk_03776;prop_42;book_1527;Cleaning;Check-out Cleaning;2026-04-23;Completed;GRO_254;HKP_640;
tsk_03777;prop_42;book_1527;Laundry;Linen Management;2026-04-23;Approved;GRO_254;HKP_877;tsk_03776
tsk_03778;prop_61;book_1529;Cleaning;Check-out Cleaning;2026-04-23;Invoiced;GRO_831;HKP_599;
tsk_03779;prop_61;book_1529;Laundry;Linen Management;2026-04-23;Canceled;GRO_831;HKP_922;tsk_03778
tsk_03788;prop_67;book_1551;Cleaning;Check-out Cleaning;2026-04-23;Completed;GRO_390;MNT_157;
tsk_03789;prop_67;book_1551;Laundry;Linen Management;2026-04-23;Backlog;GRO_390;HKP_466;tsk_03788
tsk_03790;prop_2;book_1554;Cleaning;Check-out Cleaning;2026-04-23;Reported;GRO_831;HKP_627;
tsk_03791;prop_2;book_1554;Laundry;Linen Management;2026-04-23;Canceled;GRO_831;HKP_518;tsk_03790
tsk_03809;prop_65;book_1548;Reactive Maintenance;Wi-Fi & Network Connectivity Restore;2026-04-24;On Hold;GRO_831;HKP_243;null
tsk_03810;prop_40;book_1558;Cleaning;Check-out Cleaning;2026-04-24;Invoiced;GRO_254;HKP_188;
tsk_03811;prop_40;book_1558;Laundry;Linen Management;2026-04-24;Verified;GRO_254;HKP_188;tsk_03810
tsk_03817;prop_1;book_1577;Reactive Maintenance;Appliance Failure Check;2026-04-24;Verified;GRO_612;HKP_627;null
tsk_03818;prop_69;book_1580;Cleaning;Check-out Cleaning;2026-04-24;Approved;GRO_831;HKP_134;
tsk_03819;prop_69;book_1580;Laundry;Linen Management;2026-04-24;Canceled;GRO_831;HKP_599;tsk_03818
tsk_03822;prop_66;book_1587;Cleaning;Check-out Cleaning;2026-04-24;Reported;GRO_831;MNT_157;
tsk_03823;prop_66;book_1587;Laundry;Linen Management;2026-04-24;Verified;GRO_831;HKP_599;tsk_03822
tsk_03826;prop_3;book_1591;Reactive Maintenance;Water Leak Troubleshooting;2026-04-24;Invoiced;GRO_390;HKP_865;null
tsk_03829;prop_31;book_1596;Cleaning;Check-out Cleaning;2026-04-24;In Progress;GRO_831;HKP_640;
tsk_03830;prop_31;book_1596;Laundry;Linen Management;2026-04-24;Invoiced;GRO_831;HKP_640;tsk_03829
tsk_03840;prop_65;book_1548;Cleaning;Check-out Cleaning;2026-04-25;In Progress;GRO_831;MNT_157;
tsk_03841;prop_65;book_1548;Laundry;Linen Management;2026-04-25;Invoiced;GRO_831;MNT_157;tsk_03840
tsk_03854;prop_3;book_1591;Cleaning;Check-out Cleaning;2026-04-25;Completed;GRO_390;HKP_339;
tsk_03855;prop_3;book_1591;Laundry;Linen Management;2026-04-25;Completed;GRO_390;HKP_416;tsk_03854
tsk_03862;prop_61;book_1620;Cleaning;Check-out Cleaning;2026-04-25;In Progress;GRO_831;HKP_466;
tsk_03863;prop_61;book_1620;Laundry;Linen Management;2026-04-25;On Hold;GRO_831;HKP_781;tsk_03862
tsk_03868;prop_35;null;Preventive Maintenance;Furniture & Joinery Tightening;2026-04-25;Approved;MNG_482;MNT_904;null
tsk_03893;prop_20;book_1601;Cleaning;Check-out Cleaning;2026-04-26;Invoiced;GRO_390;HKP_744;
tsk_03894;prop_20;book_1601;Laundry;Linen Management;2026-04-26;Completed;GRO_390;MNT_683;tsk_03893
tsk_03901;prop_2;book_1623;Reactive Maintenance;Water Leak Troubleshooting;2026-04-26;Invoiced;GRO_254;HKP_865;null
tsk_03904;prop_40;book_1639;Cleaning;Check-out Cleaning;2026-04-26;Reported;GRO_254;HKP_552;
tsk_03905;prop_40;book_1639;Laundry;Linen Management;2026-04-26;Scheduled;GRO_254;HKP_877;tsk_03904
tsk_03914;prop_1;book_1577;Cleaning;Check-out Cleaning;2026-04-27;Backlog;GRO_612;HKP_865;
tsk_03915;prop_1;book_1577;Laundry;Linen Management;2026-04-27;Scheduled;GRO_612;HKP_102;tsk_03914
tsk_03916;prop_35;book_1578;Cleaning;Check-out Cleaning;2026-04-27;Approved;GRO_612;MNT_904;
tsk_03917;prop_35;book_1578;Laundry;Linen Management;2026-04-27;Approved;GRO_612;HKP_552;tsk_03916
tsk_03928;prop_31;book_1637;Cleaning;Check-out Cleaning;2026-04-27;Verified;GRO_831;HKP_219;
tsk_03929;prop_31;book_1637;Laundry;Linen Management;2026-04-27;Canceled;GRO_831;HKP_552;tsk_03928
tsk_03942;prop_15;book_1589;Reactive Maintenance;Bulb & Fuse Replacement;2026-04-28;Reported;GRO_390;HKP_102;null
tsk_03951;prop_2;book_1623;Cleaning;Check-out Cleaning;2026-04-28;Invoiced;GRO_254;HKP_416;
tsk_03952;prop_2;book_1623;Laundry;Linen Management;2026-04-28;In Progress;GRO_254;MNT_421;tsk_03951
tsk_03953;prop_69;book_1636;Cleaning;Check-out Cleaning;2026-04-28;Verified;GRO_831;HKP_243;
tsk_03954;prop_69;book_1636;Laundry;Linen Management;2026-04-28;Reported;GRO_831;MNT_157;tsk_03953
tsk_03963;prop_1;null;Preventive Maintenance;Furniture & Joinery Tightening;2026-04-28;In Progress;MNG_482;HKP_102;null
tsk_03964;prop_65;null;Preventive Maintenance;Battery Replacement Cycle;2026-04-28;Reported;MNG_482;HKP_134;null
tsk_03968;prop_15;book_1589;Cleaning;Check-out Cleaning;2026-04-29;On Hold;GRO_390;MNT_421;
tsk_03969;prop_15;book_1589;Laundry;Linen Management;2026-04-29;Approved;GRO_390;HKP_416;tsk_03968
tsk_03989;prop_65;book_1643;Cleaning;Check-out Cleaning;2026-04-29;Canceled;GRO_612;HKP_599;
tsk_03990;prop_65;book_1643;Laundry;Linen Management;2026-04-29;Backlog;GRO_612;HKP_243;tsk_03989
tsk_03993;prop_3;book_1646;Cleaning;Check-out Cleaning;2026-04-29;On Hold;GRO_831;HKP_293;
tsk_03994;prop_3;book_1646;Laundry;Linen Management;2026-04-29;Verified;GRO_831;MNT_683;tsk_03993
tsk_04006;prop_67;book_1618;Cleaning;Check-out Cleaning;2026-04-30;Backlog;GRO_612;MNT_157;
tsk_04007;prop_67;book_1618;Laundry;Linen Management;2026-04-30;Reported;GRO_612;HKP_466;tsk_04006
tsk_04008;prop_42;book_1619;Cleaning;Check-out Cleaning;2026-04-30;Canceled;GRO_831;HKP_703;
tsk_04009;prop_42;book_1619;Laundry;Linen Management;2026-04-30;Reported;GRO_831;HKP_640;tsk_04008
tsk_04010;prop_42;book_1619;Reactive Maintenance;Pest Control First Response;2026-04-30;On Hold;GRO_831;HKP_640;null
tsk_04013;prop_66;book_1626;Cleaning;Check-out Cleaning;2026-04-30;Canceled;GRO_831;HKP_243;
tsk_04014;prop_66;book_1626;Laundry;Linen Management;2026-04-30;Approved;GRO_831;HKP_134;tsk_04013
tsk_04018;prop_61;book_1648;Cleaning;Check-out Cleaning;2026-04-30;Invoiced;GRO_612;HKP_243;
tsk_04019;prop_61;book_1648;Laundry;Linen Management;2026-04-30;In Progress;GRO_612;HKP_243;tsk_04018
tsk_04028;prop_43;book_1614;Cleaning;Check-out Cleaning;2026-05-01;Verified;GRO_254;HKP_877;
tsk_04029;prop_43;book_1614;Laundry;Linen Management;2026-05-01;Completed;GRO_254;HKP_305;tsk_04028
tsk_04038;prop_20;book_1658;Cleaning;Check-out Cleaning;2026-05-01;Approved;GRO_390;MNT_421;
tsk_04039;prop_20;book_1658;Laundry;Linen Management;2026-05-01;Verified;GRO_390;HKP_627;tsk_04038
tsk_04055;prop_35;book_1675;Reactive Maintenance;Minor Plumbing Unclogging;2026-05-01;Approved;GRO_254;HKP_703;null
tsk_04062;prop_15;book_1701;Cleaning;Check-out Cleaning;2026-05-01;In Progress;GRO_831;HKP_627;
tsk_04063;prop_15;book_1701;Laundry;Linen Management;2026-05-01;Invoiced;GRO_831;HKP_627;tsk_04062
tsk_04073;prop_40;book_1668;Cleaning;Check-out Cleaning;2026-05-02;Reported;GRO_254;HKP_188;
tsk_04074;prop_40;book_1668;Laundry;Linen Management;2026-05-02;Scheduled;GRO_254;HKP_877;tsk_04073
tsk_04077;prop_31;book_1677;Reactive Maintenance;Blinds & Curtains Urgent Repair;2026-05-02;Approved;GRO_390;HKP_552;null
tsk_04097;prop_43;book_1723;Reactive Maintenance;TV & Smart Entertainment Reset;2026-05-02;Verified;GRO_254;MNT_904;null
tsk_04099;prop_2;null;Preventive Maintenance;Wall Paint & Baseboard Touch-up;2026-05-02;Invoiced;MNG_482;HKP_865;null
tsk_04100;prop_15;null;Preventive Maintenance;Window & Balcony Safety Audit;2026-05-02;In Progress;MNG_482;HKP_339;null
tsk_04108;prop_1;book_1674;Cleaning;Check-out Cleaning;2026-05-03;Invoiced;GRO_390;HKP_744;
tsk_04109;prop_1;book_1674;Laundry;Linen Management;2026-05-03;In Progress;GRO_390;HKP_293;tsk_04108
tsk_04110;prop_35;book_1675;Cleaning;Check-out Cleaning;2026-05-03;Reported;GRO_254;MNT_904;
tsk_04111;prop_35;book_1675;Laundry;Linen Management;2026-05-03;Scheduled;GRO_254;HKP_188;tsk_04110
tsk_04117;prop_3;book_1704;Cleaning;Check-out Cleaning;2026-05-03;Verified;GRO_254;HKP_339;
tsk_04118;prop_3;book_1704;Laundry;Linen Management;2026-05-03;Completed;GRO_254;HKP_416;tsk_04117
tsk_04121;prop_66;book_1714;Reactive Maintenance;Emergency Lockout Resolution;2026-05-03;In Progress;GRO_254;MNT_157;null
tsk_04122;prop_67;book_1717;Reactive Maintenance;TV & Smart Entertainment Reset;2026-05-03;Backlog;GRO_612;HKP_134;null
tsk_04123;prop_42;book_1720;Cleaning;Check-out Cleaning;2026-05-03;In Progress;GRO_254;HKP_219;
tsk_04124;prop_42;book_1720;Laundry;Linen Management;2026-05-03;On Hold;GRO_254;HKP_219;tsk_04123
tsk_04131;prop_31;book_1677;Cleaning;Check-out Cleaning;2026-05-04;Approved;GRO_390;HKP_219;
tsk_04132;prop_31;book_1677;Laundry;Linen Management;2026-05-04;Reported;GRO_390;HKP_219;tsk_04131
tsk_04141;prop_2;book_1691;Cleaning;Check-out Cleaning;2026-05-04;In Progress;GRO_254;HKP_416;
tsk_04142;prop_2;book_1691;Laundry;Linen Management;2026-05-04;Approved;GRO_254;HKP_865;tsk_04141
tsk_04159;prop_66;book_1714;Cleaning;Check-out Cleaning;2026-05-04;Backlog;GRO_254;HKP_466;
tsk_04160;prop_66;book_1714;Laundry;Linen Management;2026-05-04;Verified;GRO_254;HKP_810;tsk_04159
tsk_04163;prop_61;book_1721;Reactive Maintenance;Wi-Fi & Network Connectivity Restore;2026-05-04;In Progress;GRO_831;HKP_243;null
tsk_04173;prop_15;null;Preventive Maintenance;Radiator Bleeding & Pressure Check;2026-05-04;On Hold;MNG_482;HKP_865;null
tsk_04186;prop_65;book_1700;Cleaning;Check-out Cleaning;2026-05-05;Reported;GRO_390;MNT_157;
tsk_04187;prop_65;book_1700;Laundry;Linen Management;2026-05-05;Scheduled;GRO_390;HKP_810;tsk_04186
tsk_04192;prop_67;book_1717;Cleaning;Check-out Cleaning;2026-05-05;Reported;GRO_612;HKP_781;
tsk_04193;prop_67;book_1717;Laundry;Linen Management;2026-05-05;Canceled;GRO_612;HKP_599;tsk_04192
tsk_04194;prop_61;book_1721;Cleaning;Check-out Cleaning;2026-05-05;Completed;GRO_831;HKP_466;
tsk_04195;prop_61;book_1721;Laundry;Linen Management;2026-05-05;In Progress;GRO_831;HKP_466;tsk_04194
tsk_04198;prop_43;book_1723;Cleaning;Check-out Cleaning;2026-05-05;On Hold;GRO_254;HKP_552;
tsk_04199;prop_43;book_1723;Laundry;Linen Management;2026-05-05;Invoiced;GRO_254;HKP_188;tsk_04198
tsk_04200;prop_20;book_1724;Cleaning;Check-out Cleaning;2026-05-05;Scheduled;GRO_612;HKP_339;
tsk_04201;prop_20;book_1724;Laundry;Linen Management;2026-05-05;In Progress;GRO_612;HKP_627;tsk_04200
tsk_04210;prop_40;book_1751;Cleaning;Check-out Cleaning;2026-05-05;On Hold;GRO_831;HKP_640;
tsk_04211;prop_40;book_1751;Laundry;Linen Management;2026-05-05;Canceled;GRO_831;HKP_305;tsk_04210
tsk_04212;prop_40;book_1751;Reactive Maintenance;Emergency Lockout Resolution;2026-05-05;In Progress;GRO_831;HKP_552;null
tsk_04217;prop_43;null;Preventive Maintenance;Radiator Bleeding & Pressure Check;2026-05-05;Approved;MNG_482;MNT_904;null
tsk_04220;prop_69;null;Preventive Maintenance;Wall Paint & Baseboard Touch-up;2026-05-05;Scheduled;MNG_482;HKP_781;null
tsk_04221;prop_69;book_1689;Cleaning;Check-out Cleaning;2026-05-06;Reported;GRO_254;MNT_157;
tsk_04222;prop_69;book_1689;Laundry;Linen Management;2026-05-06;In Progress;GRO_254;MNT_157;tsk_04221
tsk_04225;prop_15;book_1725;Cleaning;Check-out Cleaning;2026-05-06;Scheduled;GRO_390;HKP_339;
tsk_04226;prop_15;book_1725;Laundry;Linen Management;2026-05-06;Verified;GRO_390;HKP_744;tsk_04225
tsk_04239;prop_3;book_1757;Cleaning;Check-out Cleaning;2026-05-06;In Progress;GRO_254;HKP_865;
tsk_04240;prop_3;book_1757;Laundry;Linen Management;2026-05-06;Completed;GRO_254;HKP_744;tsk_04239
tsk_04241;prop_42;book_1760;Cleaning;Check-out Cleaning;2026-05-06;Scheduled;GRO_612;MNT_904;
tsk_04242;prop_42;book_1760;Laundry;Linen Management;2026-05-06;Reported;GRO_612;HKP_552;tsk_04241
tsk_04243;prop_43;book_1783;Reactive Maintenance;Bulb & Fuse Replacement;2026-05-06;Completed;GRO_612;HKP_219;null
tsk_04277;prop_1;book_1759;Cleaning;Check-out Cleaning;2026-05-07;Verified;GRO_831;HKP_951;
tsk_04278;prop_1;book_1759;Laundry;Linen Management;2026-05-07;Scheduled;GRO_831;HKP_744;tsk_04277
tsk_04285;prop_2;book_1776;Cleaning;Check-out Cleaning;2026-05-07;Verified;GRO_612;HKP_293;
tsk_04286;prop_2;book_1776;Laundry;Linen Management;2026-05-07;Verified;GRO_612;HKP_951;tsk_04285
tsk_04289;prop_67;book_1791;Cleaning;Check-out Cleaning;2026-05-07;Scheduled;GRO_612;HKP_781;
tsk_04290;prop_67;book_1791;Laundry;Linen Management;2026-05-07;Scheduled;GRO_612;HKP_781;tsk_04289
tsk_04291;prop_61;book_1794;Cleaning;Check-out Cleaning;2026-05-07;Canceled;GRO_612;HKP_134;
tsk_04292;prop_61;book_1794;Laundry;Linen Management;2026-05-07;Reported;GRO_612;HKP_599;tsk_04291
tsk_04293;prop_40;book_1798;Cleaning;Check-out Cleaning;2026-05-07;Verified;GRO_390;MNT_904;
tsk_04294;prop_40;book_1798;Laundry;Linen Management;2026-05-07;Verified;GRO_390;HKP_640;tsk_04293
tsk_04298;prop_31;null;Preventive Maintenance;Drain De-scaling & Chemical Treatment;2026-05-07;Verified;MNG_482;HKP_877;null
tsk_04307;prop_35;book_1761;Cleaning;Check-out Cleaning;2026-05-08;Reported;GRO_612;HKP_188;
tsk_04308;prop_35;book_1761;Laundry;Linen Management;2026-05-08;Scheduled;GRO_612;HKP_305;tsk_04307
tsk_04320;prop_43;book_1783;Cleaning;Check-out Cleaning;2026-05-08;Approved;GRO_612;HKP_188;
tsk_04321;prop_43;book_1783;Laundry;Linen Management;2026-05-08;In Progress;GRO_612;MNT_904;tsk_04320
tsk_04329;prop_2;null;Preventive Maintenance;Drain De-scaling & Chemical Treatment;2026-05-08;Completed;MNG_482;MNT_683;null
tsk_04332;prop_43;null;Preventive Maintenance;Wall Paint & Baseboard Touch-up;2026-05-08;Canceled;MNG_482;HKP_219;null
tsk_04347;prop_31;book_1775;Cleaning;Check-out Cleaning;2026-05-09;Reported;GRO_254;HKP_640;
tsk_04348;prop_31;book_1775;Laundry;Linen Management;2026-05-09;In Progress;GRO_254;HKP_188;tsk_04347
tsk_04353;prop_65;book_1784;Cleaning;Check-out Cleaning;2026-05-09;In Progress;GRO_831;HKP_466;
tsk_04354;prop_65;book_1784;Laundry;Linen Management;2026-05-09;Canceled;GRO_831;MNT_157;tsk_04353
tsk_04374;prop_40;null;Preventive Maintenance;Radiator Bleeding & Pressure Check;2026-05-09;Scheduled;MNG_482;HKP_703;null
tsk_04385;prop_20;book_1785;Cleaning;Check-out Cleaning;2026-05-10;Approved;GRO_612;HKP_951;
tsk_04386;prop_20;book_1785;Laundry;Linen Management;2026-05-10;Canceled;GRO_612;HKP_951;tsk_04385
tsk_04400;prop_61;book_1824;Cleaning;Check-out Cleaning;2026-05-10;Scheduled;GRO_390;HKP_243;
tsk_04401;prop_61;book_1824;Laundry;Linen Management;2026-05-10;Approved;GRO_390;HKP_243;tsk_04400
tsk_04405;prop_2;book_1829;Cleaning;Check-out Cleaning;2026-05-10;Invoiced;GRO_390;MNT_683;
tsk_04406;prop_2;book_1829;Laundry;Linen Management;2026-05-10;Canceled;GRO_390;HKP_627;tsk_04405
tsk_04407;prop_40;book_1831;Cleaning;Check-out Cleaning;2026-05-10;Backlog;GRO_831;HKP_877;
tsk_04408;prop_40;book_1831;Laundry;Linen Management;2026-05-10;Approved;GRO_831;HKP_640;tsk_04407
tsk_04414;prop_61;null;Preventive Maintenance;Safety Equipment Inspection;2026-05-10;Canceled;MNG_482;HKP_810;null
tsk_04415;prop_66;book_1765;Cleaning;Check-out Cleaning;2026-05-11;On Hold;GRO_390;MNT_157;
tsk_04416;prop_66;book_1765;Laundry;Linen Management;2026-05-11;Canceled;GRO_390;HKP_599;tsk_04415
tsk_04423;prop_42;book_1802;Cleaning;Check-out Cleaning;2026-05-11;Approved;GRO_390;HKP_305;
tsk_04424;prop_42;book_1802;Laundry;Linen Management;2026-05-11;Completed;GRO_390;HKP_188;tsk_04423
tsk_04442;prop_61;null;Preventive Maintenance;Drain De-scaling & Chemical Treatment;2026-05-11;Scheduled;MNG_482;MNT_157;null
tsk_04443;prop_66;null;Preventive Maintenance;Battery Replacement Cycle;2026-05-11;Scheduled;MNG_482;HKP_134;null
tsk_04444;prop_66;null;Preventive Maintenance;Silicon Seal Integrity Check;2026-05-11;In Progress;MNG_482;HKP_243;null
tsk_04447;prop_15;book_1799;Cleaning;Check-out Cleaning;2026-05-12;Backlog;GRO_390;HKP_293;
tsk_04448;prop_15;book_1799;Laundry;Linen Management;2026-05-12;Backlog;GRO_390;HKP_744;tsk_04447
tsk_04449;prop_3;book_1801;Cleaning;Check-out Cleaning;2026-05-12;Scheduled;GRO_254;HKP_865;
tsk_04450;prop_3;book_1801;Laundry;Linen Management;2026-05-12;In Progress;GRO_254;HKP_339;tsk_04449
tsk_04451;prop_69;book_1804;Cleaning;Check-out Cleaning;2026-05-12;Reported;GRO_612;HKP_599;
tsk_04452;prop_69;book_1804;Laundry;Linen Management;2026-05-12;Reported;GRO_612;HKP_243;tsk_04451
tsk_04465;prop_1;book_1823;Cleaning;Check-out Cleaning;2026-05-12;Canceled;GRO_390;HKP_102;
tsk_04466;prop_1;book_1823;Laundry;Linen Management;2026-05-12;On Hold;GRO_390;HKP_627;tsk_04465
tsk_04486;prop_1;null;Preventive Maintenance;Radiator Bleeding & Pressure Check;2026-05-12;Invoiced;MNG_482;HKP_865;null
tsk_04487;prop_20;null;Preventive Maintenance;Silicon Seal Integrity Check;2026-05-12;Scheduled;MNG_482;HKP_102;null
tsk_04488;prop_42;null;Preventive Maintenance;Drain De-scaling & Chemical Treatment;2026-05-12;Verified;MNG_482;HKP_219;null
tsk_04493;prop_67;book_1818;Cleaning;Check-out Cleaning;2026-05-13;Backlog;GRO_831;HKP_922;
tsk_04494;prop_67;book_1818;Laundry;Linen Management;2026-05-13;Invoiced;GRO_831;HKP_466;tsk_04493
tsk_04497;prop_43;book_1833;Cleaning;Check-out Cleaning;2026-05-13;Canceled;GRO_390;HKP_219;
tsk_04498;prop_43;book_1833;Laundry;Linen Management;2026-05-13;Completed;GRO_390;HKP_219;tsk_04497
tsk_04501;prop_35;book_1836;Cleaning;Check-out Cleaning;2026-05-13;Invoiced;GRO_612;MNT_904;
tsk_04502;prop_35;book_1836;Laundry;Linen Management;2026-05-13;Canceled;GRO_612;HKP_188;tsk_04501
tsk_04515;prop_20;book_1862;Reactive Maintenance;Appliance Failure Check;2026-05-13;Completed;GRO_254;HKP_518;null
tsk_04517;prop_61;book_1871;Reactive Maintenance;Bulb & Fuse Replacement;2026-05-13;Scheduled;GRO_390;HKP_134;null
tsk_04538;prop_65;book_1848;Cleaning;Check-out Cleaning;2026-05-14;On Hold;GRO_612;HKP_599;
tsk_04539;prop_65;book_1848;Laundry;Linen Management;2026-05-14;In Progress;GRO_612;MNT_157;tsk_04538
tsk_04546;prop_31;book_1857;Cleaning;Check-out Cleaning;2026-05-14;Backlog;GRO_254;HKP_305;
tsk_04547;prop_31;book_1857;Laundry;Linen Management;2026-05-14;In Progress;GRO_254;HKP_188;tsk_04546
tsk_04548;prop_20;book_1862;Cleaning;Check-out Cleaning;2026-05-14;On Hold;GRO_254;MNT_421;
tsk_04549;prop_20;book_1862;Laundry;Linen Management;2026-05-14;Reported;GRO_254;HKP_102;tsk_04548
tsk_04552;prop_40;book_1875;Cleaning;Check-out Cleaning;2026-05-14;Completed;GRO_831;HKP_219;
tsk_04553;prop_40;book_1875;Laundry;Linen Management;2026-05-14;Approved;GRO_831;HKP_305;tsk_04552
tsk_04562;prop_35;null;Preventive Maintenance;Window & Balcony Safety Audit;2026-05-14;Backlog;MNG_482;HKP_219;null
tsk_04574;prop_61;book_1871;Cleaning;Check-out Cleaning;2026-05-15;Reported;GRO_390;HKP_781;
tsk_04575;prop_61;book_1871;Laundry;Linen Management;2026-05-15;Verified;GRO_390;MNT_157;tsk_04574
tsk_04578;prop_2;book_1874;Cleaning;Check-out Cleaning;2026-05-15;Invoiced;GRO_612;HKP_339;
tsk_04579;prop_2;book_1874;Laundry;Linen Management;2026-05-15;Approved;GRO_612;MNT_421;tsk_04578
tsk_04584;prop_42;book_1880;Cleaning;Check-out Cleaning;2026-05-15;Reported;GRO_254;HKP_219;
tsk_04585;prop_42;book_1880;Laundry;Linen Management;2026-05-15;Verified;GRO_254;HKP_219;tsk_04584
tsk_04592;prop_3;book_1897;Cleaning;Check-out Cleaning;2026-05-15;Canceled;GRO_831;HKP_744;
tsk_04593;prop_3;book_1897;Laundry;Linen Management;2026-05-15;Approved;GRO_831;HKP_416;tsk_04592
tsk_04594;prop_69;book_1904;Cleaning;Check-out Cleaning;2026-05-15;Reported;GRO_612;HKP_922;
tsk_04595;prop_69;book_1904;Laundry;Linen Management;2026-05-15;Completed;GRO_612;HKP_781;tsk_04594
tsk_04597;prop_43;book_1908;Cleaning;Check-out Cleaning;2026-05-15;Backlog;GRO_254;HKP_552;
tsk_04598;prop_43;book_1908;Laundry;Linen Management;2026-05-15;Approved;GRO_254;HKP_877;tsk_04597
tsk_04599;prop_43;book_1908;Reactive Maintenance;TV & Smart Entertainment Reset;2026-05-15;Canceled;GRO_254;HKP_188;null
tsk_04620;prop_15;book_1891;Cleaning;Check-out Cleaning;2026-05-16;Backlog;GRO_390;HKP_518;
tsk_04621;prop_15;book_1891;Laundry;Linen Management;2026-05-16;Completed;GRO_390;HKP_293;tsk_04620
tsk_04624;prop_1;book_1899;Cleaning;Check-out Cleaning;2026-05-16;Scheduled;GRO_390;MNT_683;
tsk_04625;prop_1;book_1899;Laundry;Linen Management;2026-05-16;Verified;GRO_390;HKP_627;tsk_04624
tsk_04634;prop_35;book_1914;Cleaning;Check-out Cleaning;2026-05-16;On Hold;GRO_254;HKP_877;
tsk_04635;prop_35;book_1914;Laundry;Linen Management;2026-05-16;Backlog;GRO_254;HKP_305;tsk_04634
tsk_04636;prop_20;book_1926;Cleaning;Check-out Cleaning;2026-05-16;On Hold;GRO_612;MNT_421;
tsk_04637;prop_20;book_1926;Laundry;Linen Management;2026-05-16;Canceled;GRO_612;HKP_627;tsk_04636
tsk_04639;prop_3;null;Preventive Maintenance;Seasonal HVAC Filter Cleaning;2026-05-16;Scheduled;MNG_482;HKP_744;null
tsk_04650;prop_66;book_1878;Cleaning;Check-out Cleaning;2026-05-17;Approved;GRO_390;HKP_134;
tsk_04651;prop_66;book_1878;Laundry;Linen Management;2026-05-17;Backlog;GRO_390;HKP_922;tsk_04650
tsk_04667;prop_67;book_1911;Cleaning;Check-out Cleaning;2026-05-17;In Progress;GRO_254;HKP_134;
tsk_04668;prop_67;book_1911;Laundry;Linen Management;2026-05-17;Completed;GRO_254;HKP_243;tsk_04667
tsk_04681;prop_40;book_1936;Cleaning;Check-out Cleaning;2026-05-17;On Hold;GRO_612;MNT_904;
tsk_04682;prop_40;book_1936;Laundry;Linen Management;2026-05-17;Reported;GRO_612;HKP_640;tsk_04681
tsk_04698;prop_65;book_1925;Cleaning;Check-out Cleaning;2026-05-18;Completed;GRO_390;HKP_134;
tsk_04699;prop_65;book_1925;Laundry;Linen Management;2026-05-18;Canceled;GRO_390;HKP_599;tsk_04698
tsk_04700;prop_43;book_1937;Reactive Maintenance;Wi-Fi & Network Connectivity Restore;2026-05-18;Verified;GRO_390;HKP_640;null
tsk_04705;prop_61;book_1944;Cleaning;Check-out Cleaning;2026-05-18;Invoiced;GRO_254;MNT_157;
tsk_04706;prop_61;book_1944;Laundry;Linen Management;2026-05-18;Backlog;GRO_254;HKP_243;tsk_04705
tsk_04707;prop_2;book_1949;Cleaning;Check-out Cleaning;2026-05-18;Verified;GRO_254;HKP_865;
tsk_04708;prop_2;book_1949;Laundry;Linen Management;2026-05-18;In Progress;GRO_254;HKP_102;tsk_04707
tsk_04714;prop_65;null;Preventive Maintenance;Safety Equipment Inspection;2026-05-18;Completed;MNG_482;HKP_243;null
tsk_04737;prop_3;book_1940;Cleaning;Check-out Cleaning;2026-05-19;Scheduled;GRO_612;HKP_744;
tsk_04738;prop_3;book_1940;Laundry;Linen Management;2026-05-19;Completed;GRO_612;HKP_865;tsk_04737
tsk_04742;prop_69;book_1948;Reactive Maintenance;Bulb & Fuse Replacement;2026-05-19;Approved;GRO_831;HKP_134;null
tsk_04749;prop_35;book_1964;Reactive Maintenance;Water Leak Troubleshooting;2026-05-19;Invoiced;GRO_254;HKP_640;null
tsk_04754;prop_3;null;Preventive Maintenance;Wall Paint & Baseboard Touch-up;2026-05-19;Backlog;MNG_482;HKP_627;null
tsk_04761;prop_43;book_1937;Cleaning;Check-out Cleaning;2026-05-20;Scheduled;GRO_390;HKP_640;
tsk_04762;prop_43;book_1937;Laundry;Linen Management;2026-05-20;On Hold;GRO_390;MNT_904;tsk_04761
tsk_04765;prop_20;book_1957;Cleaning;Check-out Cleaning;2026-05-20;Reported;GRO_254;HKP_416;
tsk_04766;prop_20;book_1957;Laundry;Linen Management;2026-05-20;In Progress;GRO_254;HKP_293;tsk_04765
tsk_04767;prop_20;book_1957;Reactive Maintenance;Emergency Lockout Resolution;2026-05-20;Completed;GRO_254;HKP_416;null
tsk_04770;prop_35;book_1964;Cleaning;Check-out Cleaning;2026-05-20;Approved;GRO_254;HKP_219;
tsk_04771;prop_35;book_1964;Laundry;Linen Management;2026-05-20;In Progress;GRO_254;HKP_703;tsk_04770
tsk_04782;prop_31;book_1935;Cleaning;Check-out Cleaning;2026-05-21;Completed;GRO_254;HKP_305;
tsk_04783;prop_31;book_1935;Laundry;Linen Management;2026-05-21;Canceled;GRO_254;HKP_305;tsk_04782
tsk_04784;prop_42;book_1942;Cleaning;Check-out Cleaning;2026-05-21;Approved;GRO_254;HKP_877;
tsk_04785;prop_42;book_1942;Laundry;Linen Management;2026-05-21;In Progress;GRO_254;HKP_188;tsk_04784
tsk_04790;prop_69;book_1948;Cleaning;Check-out Cleaning;2026-05-21;Backlog;GRO_831;HKP_243;
tsk_04791;prop_69;book_1948;Laundry;Linen Management;2026-05-21;Invoiced;GRO_831;HKP_466;tsk_04790
tsk_04800;prop_1;book_1963;Cleaning;Check-out Cleaning;2026-05-21;Approved;GRO_254;HKP_865;
tsk_04801;prop_1;book_1963;Laundry;Linen Management;2026-05-21;Invoiced;GRO_254;HKP_744;tsk_04800
tsk_04835;prop_15;book_1958;Cleaning;Check-out Cleaning;2026-05-22;Completed;GRO_612;MNT_421;
tsk_04836;prop_15;book_1958;Laundry;Linen Management;2026-05-22;Verified;GRO_612;HKP_293;tsk_04835
tsk_04839;prop_66;book_1970;Cleaning;Check-out Cleaning;2026-05-22;Approved;GRO_390;HKP_134;
tsk_04840;prop_66;book_1970;Laundry;Linen Management;2026-05-22;Approved;GRO_390;HKP_922;tsk_04839
tsk_04843;prop_67;book_1976;Cleaning;Check-out Cleaning;2026-05-22;Approved;GRO_612;HKP_243;
tsk_04844;prop_67;book_1976;Laundry;Linen Management;2026-05-22;Backlog;GRO_612;MNT_157;tsk_04843
tsk_04866;prop_61;book_1995;Cleaning;Check-out Cleaning;2026-05-23;Canceled;GRO_390;HKP_781;
tsk_04867;prop_61;book_1995;Laundry;Linen Management;2026-05-23;Canceled;GRO_390;MNT_157;tsk_04866
tsk_04868;prop_2;book_1997;Cleaning;Check-out Cleaning;2026-05-23;Verified;GRO_390;HKP_865;
tsk_04869;prop_2;book_1997;Laundry;Linen Management;2026-05-23;Approved;GRO_390;HKP_102;tsk_04868
tsk_04882;prop_67;book_2051;Reactive Maintenance;Water Leak Troubleshooting;2026-05-23;Reported;GRO_612;HKP_781;null
tsk_04883;prop_1;null;Preventive Maintenance;Window & Balcony Safety Audit;2026-05-23;Approved;MNG_482;HKP_339;null
tsk_04885;prop_40;book_1987;Cleaning;Check-out Cleaning;2026-05-24;Canceled;GRO_390;MNT_904;
tsk_04886;prop_40;book_1987;Laundry;Linen Management;2026-05-24;In Progress;GRO_390;HKP_188;tsk_04885
tsk_04927;prop_65;book_1990;Cleaning;Check-out Cleaning;2026-05-25;In Progress;GRO_254;HKP_810;
tsk_04928;prop_65;book_1990;Laundry;Linen Management;2026-05-25;Invoiced;GRO_254;HKP_810;tsk_04927
tsk_04941;prop_43;book_2016;Cleaning;Check-out Cleaning;2026-05-25;Backlog;GRO_831;HKP_219;
tsk_04942;prop_43;book_2016;Laundry;Linen Management;2026-05-25;Backlog;GRO_831;HKP_640;tsk_04941
tsk_04943;prop_20;book_2017;Cleaning;Check-out Cleaning;2026-05-25;Verified;GRO_254;HKP_293;
tsk_04944;prop_20;book_2017;Laundry;Linen Management;2026-05-25;Scheduled;GRO_254;HKP_518;tsk_04943
tsk_04945;prop_20;book_2017;Reactive Maintenance;Emergency Lockout Resolution;2026-05-25;Reported;GRO_254;HKP_293;null
tsk_04948;prop_35;book_2020;Cleaning;Check-out Cleaning;2026-05-25;Approved;GRO_831;HKP_552;
tsk_04949;prop_35;book_2020;Laundry;Linen Management;2026-05-25;Completed;GRO_831;HKP_552;tsk_04948
tsk_04956;prop_1;book_2032;Cleaning;Check-out Cleaning;2026-05-25;In Progress;GRO_612;HKP_951;
tsk_04957;prop_1;book_2032;Laundry;Linen Management;2026-05-25;Scheduled;GRO_612;HKP_865;tsk_04956
tsk_04963;prop_31;book_2039;Cleaning;Check-out Cleaning;2026-05-25;Backlog;GRO_390;HKP_703;
tsk_04964;prop_31;book_2039;Laundry;Linen Management;2026-05-25;Reported;GRO_390;HKP_219;tsk_04963
tsk_04965;prop_66;book_2046;Cleaning;Check-out Cleaning;2026-05-25;Scheduled;GRO_390;HKP_922;
tsk_04966;prop_66;book_2046;Laundry;Linen Management;2026-05-25;Reported;GRO_390;HKP_781;tsk_04965
tsk_04975;prop_3;book_2008;Cleaning;Check-out Cleaning;2026-05-26;In Progress;GRO_612;HKP_416;
tsk_04976;prop_3;book_2008;Laundry;Linen Management;2026-05-26;On Hold;GRO_612;HKP_518;tsk_04975
tsk_04983;prop_42;book_2033;Cleaning;Check-out Cleaning;2026-05-26;Reported;GRO_612;HKP_188;
tsk_04984;prop_42;book_2033;Laundry;Linen Management;2026-05-26;On Hold;GRO_612;MNT_904;tsk_04983
tsk_04985;prop_69;book_2038;Cleaning;Check-out Cleaning;2026-05-26;Reported;GRO_831;HKP_922;
tsk_04986;prop_69;book_2038;Laundry;Linen Management;2026-05-26;Approved;GRO_831;HKP_810;tsk_04985
tsk_04991;prop_15;book_2047;Cleaning;Check-out Cleaning;2026-05-26;Scheduled;GRO_831;HKP_416;
tsk_04992;prop_15;book_2047;Laundry;Linen Management;2026-05-26;Scheduled;GRO_831;MNT_683;tsk_04991
tsk_04993;prop_15;book_2047;Reactive Maintenance;Blinds & Curtains Urgent Repair;2026-05-26;On Hold;GRO_831;HKP_102;null
tsk_04996;prop_67;book_2051;Cleaning;Check-out Cleaning;2026-05-26;On Hold;GRO_612;HKP_781;
tsk_04997;prop_67;book_2051;Laundry;Linen Management;2026-05-26;Scheduled;GRO_612;HKP_243;tsk_04996
tsk_05041;prop_20;null;Preventive Maintenance;Safety Equipment Inspection;2026-05-27;Approved;MNG_482;MNT_421;null
tsk_05044;prop_69;null;Preventive Maintenance;Window & Balcony Safety Audit;2026-05-27;Completed;MNG_482;HKP_243;null
tsk_05063;prop_65;book_2092;Cleaning;Check-out Cleaning;2026-05-28;Reported;GRO_254;HKP_599;
tsk_05064;prop_65;book_2092;Laundry;Linen Management;2026-05-28;Reported;GRO_254;HKP_781;tsk_05063
tsk_05083;prop_31;null;Preventive Maintenance;Radiator Bleeding & Pressure Check;2026-05-28;Invoiced;MNG_482;HKP_703;null
tsk_05088;prop_67;null;Preventive Maintenance;Safety Equipment Inspection;2026-05-28;In Progress;MNG_482;MNT_157;null
tsk_05106;prop_42;book_2122;Cleaning;Check-out Cleaning;2026-05-29;Reported;GRO_612;HKP_188;
tsk_05107;prop_42;book_2122;Laundry;Linen Management;2026-05-29;Canceled;GRO_612;MNT_904;tsk_05106
tsk_05111;prop_61;book_2066;Cleaning;Check-out Cleaning;2026-05-30;Verified;GRO_254;HKP_134;
tsk_05112;prop_61;book_2066;Laundry;Linen Management;2026-05-30;Scheduled;GRO_254;HKP_243;tsk_05111
tsk_05113;prop_2;book_2070;Cleaning;Check-out Cleaning;2026-05-30;In Progress;GRO_390;HKP_293;
tsk_05114;prop_2;book_2070;Laundry;Linen Management;2026-05-30;Approved;GRO_390;HKP_865;tsk_05113
tsk_05126;prop_66;book_2091;Cleaning;Check-out Cleaning;2026-05-30;Verified;GRO_831;HKP_922;
tsk_05127;prop_66;book_2091;Laundry;Linen Management;2026-05-30;Backlog;GRO_831;MNT_157;tsk_05126
tsk_05135;prop_31;book_2105;Cleaning;Check-out Cleaning;2026-05-30;Reported;GRO_612;HKP_188;
tsk_05136;prop_31;book_2105;Laundry;Linen Management;2026-05-30;Backlog;GRO_612;MNT_904;tsk_05135
tsk_05156;prop_40;book_2087;Cleaning;Check-out Cleaning;2026-05-31;Canceled;GRO_612;HKP_640;
tsk_05157;prop_40;book_2087;Laundry;Linen Management;2026-05-31;Approved;GRO_612;HKP_188;tsk_05156
tsk_05158;prop_43;book_2090;Cleaning;Check-out Cleaning;2026-05-31;Backlog;GRO_390;HKP_877;
tsk_05159;prop_43;book_2090;Laundry;Linen Management;2026-05-31;Approved;GRO_390;HKP_640;tsk_05158
tsk_05160;prop_20;book_2093;Cleaning;Check-out Cleaning;2026-05-31;Approved;GRO_612;HKP_293;
tsk_05161;prop_20;book_2093;Laundry;Linen Management;2026-05-31;Backlog;GRO_612;HKP_416;tsk_05160
tsk_05164;prop_35;book_2102;Cleaning;Check-out Cleaning;2026-05-31;Invoiced;GRO_831;HKP_552;
tsk_05165;prop_35;book_2102;Laundry;Linen Management;2026-05-31;Backlog;GRO_831;HKP_188;tsk_05164
tsk_05170;prop_15;book_2114;Cleaning;Check-out Cleaning;2026-05-31;Canceled;GRO_612;HKP_416;
tsk_05171;prop_15;book_2114;Laundry;Linen Management;2026-05-31;Approved;GRO_612;HKP_518;tsk_05170
tsk_05174;prop_3;book_2118;Cleaning;Check-out Cleaning;2026-05-31;Backlog;GRO_612;HKP_293;
tsk_05175;prop_3;book_2118;Laundry;Linen Management;2026-05-31;Canceled;GRO_612;HKP_627;tsk_05174
tsk_05192;prop_1;book_2101;Cleaning;Check-out Cleaning;2026-06-01;Backlog;GRO_831;HKP_865;
tsk_05193;prop_1;book_2101;Laundry;Linen Management;2026-06-01;In Progress;GRO_831;HKP_102;tsk_05192
tsk_05196;prop_67;book_2117;Cleaning;Check-out Cleaning;2026-06-01;Approved;GRO_254;HKP_810;
tsk_05197;prop_67;book_2117;Laundry;Linen Management;2026-06-01;Reported;GRO_254;HKP_599;tsk_05196
tsk_05198;prop_69;book_2124;Cleaning;Check-out Cleaning;2026-06-01;Invoiced;GRO_831;HKP_810;
tsk_05199;prop_69;book_2124;Laundry;Linen Management;2026-06-01;Reported;GRO_831;HKP_243;tsk_05198
tsk_05240;prop_65;book_2140;Cleaning;Check-out Cleaning;2026-06-02;Scheduled;GRO_390;HKP_810;
tsk_05241;prop_65;book_2140;Laundry;Linen Management;2026-06-02;Scheduled;GRO_390;HKP_599;tsk_05240
tsk_05246;prop_61;book_2175;Reactive Maintenance;TV & Smart Entertainment Reset;2026-06-02;In Progress;GRO_612;HKP_134;null
tsk_05247;prop_43;book_2182;Reactive Maintenance;TV & Smart Entertainment Reset;2026-06-02;Completed;GRO_612;HKP_552;null
tsk_05251;prop_20;null;Preventive Maintenance;Battery Replacement Cycle;2026-06-02;On Hold;MNG_482;HKP_102;null
tsk_05272;prop_42;book_2158;Cleaning;Check-out Cleaning;2026-06-03;In Progress;GRO_390;HKP_552;
tsk_05273;prop_42;book_2158;Laundry;Linen Management;2026-06-03;Backlog;GRO_390;HKP_877;tsk_05272
tsk_05279;prop_66;book_2165;Cleaning;Check-out Cleaning;2026-06-03;Invoiced;GRO_254;HKP_922;
tsk_05280;prop_66;book_2165;Laundry;Linen Management;2026-06-03;Canceled;GRO_254;MNT_157;tsk_05279
tsk_05283;prop_61;book_2175;Cleaning;Check-out Cleaning;2026-06-03;Backlog;GRO_612;HKP_243;
tsk_05284;prop_61;book_2175;Laundry;Linen Management;2026-06-03;In Progress;GRO_612;HKP_810;tsk_05283
tsk_05289;prop_2;book_2180;Cleaning;Check-out Cleaning;2026-06-03;Verified;GRO_254;HKP_518;
tsk_05290;prop_2;book_2180;Laundry;Linen Management;2026-06-03;Invoiced;GRO_254;HKP_293;tsk_05289
tsk_05301;prop_67;book_2203;Reactive Maintenance;Water Leak Troubleshooting;2026-06-03;Verified;GRO_831;HKP_466;null
tsk_05304;prop_1;book_2206;Reactive Maintenance;Wi-Fi & Network Connectivity Restore;2026-06-03;Backlog;GRO_390;HKP_102;null
tsk_05315;prop_65;null;Preventive Maintenance;Safety Equipment Inspection;2026-06-03;Verified;MNG_482;HKP_466;null
tsk_05334;prop_3;book_2188;Cleaning;Check-out Cleaning;2026-06-04;Verified;GRO_390;HKP_744;
tsk_05335;prop_3;book_2188;Laundry;Linen Management;2026-06-04;Reported;GRO_390;HKP_744;tsk_05334
tsk_05350;prop_43;book_2182;Cleaning;Check-out Cleaning;2026-06-05;Invoiced;GRO_612;HKP_552;
tsk_05351;prop_43;book_2182;Laundry;Linen Management;2026-06-05;Scheduled;GRO_612;HKP_703;tsk_05350
tsk_05354;prop_35;book_2191;Cleaning;Check-out Cleaning;2026-06-05;In Progress;GRO_831;MNT_904;
tsk_05355;prop_35;book_2191;Laundry;Linen Management;2026-06-05;Completed;GRO_831;HKP_305;tsk_05354
tsk_05369;prop_65;book_2219;Reactive Maintenance;Bulb & Fuse Replacement;2026-06-05;Invoiced;GRO_254;HKP_134;null
tsk_05385;prop_31;book_2179;Cleaning;Check-out Cleaning;2026-06-06;Completed;GRO_254;HKP_188;
tsk_05386;prop_31;book_2179;Laundry;Linen Management;2026-06-06;Completed;GRO_254;HKP_552;tsk_05385
tsk_05390;prop_15;book_2185;Cleaning;Check-out Cleaning;2026-06-06;Approved;GRO_831;HKP_865;
tsk_05391;prop_15;book_2185;Laundry;Linen Management;2026-06-06;Scheduled;GRO_831;HKP_744;tsk_05390
tsk_05392;prop_40;book_2197;Cleaning;Check-out Cleaning;2026-06-06;Canceled;GRO_612;HKP_219;
tsk_05393;prop_40;book_2197;Laundry;Linen Management;2026-06-06;Verified;GRO_612;HKP_552;tsk_05392
tsk_05398;prop_67;book_2203;Cleaning;Check-out Cleaning;2026-06-06;Canceled;GRO_831;HKP_134;
tsk_05399;prop_67;book_2203;Laundry;Linen Management;2026-06-06;Canceled;GRO_831;HKP_599;tsk_05398
tsk_05402;prop_1;book_2206;Cleaning;Check-out Cleaning;2026-06-06;Backlog;GRO_390;MNT_683;
tsk_05403;prop_1;book_2206;Laundry;Linen Management;2026-06-06;Invoiced;GRO_390;HKP_339;tsk_05402
tsk_05408;prop_65;book_2219;Cleaning;Check-out Cleaning;2026-06-06;Completed;GRO_254;HKP_243;
tsk_05409;prop_65;book_2219;Laundry;Linen Management;2026-06-06;Reported;GRO_254;MNT_157;tsk_05408
tsk_05414;prop_61;book_2235;Cleaning;Check-out Cleaning;2026-06-06;Reported;GRO_254;HKP_466;
tsk_05415;prop_61;book_2235;Laundry;Linen Management;2026-06-06;Approved;GRO_254;HKP_243;tsk_05414
tsk_05421;prop_65;book_2279;Reactive Maintenance;Wi-Fi & Network Connectivity Restore;2026-06-06;In Progress;GRO_254;HKP_781;null
tsk_05424;prop_20;book_2184;Cleaning;Check-out Cleaning;2026-06-07;Approved;GRO_254;HKP_627;
tsk_05425;prop_20;book_2184;Laundry;Linen Management;2026-06-07;Backlog;GRO_254;HKP_102;tsk_05424
tsk_05432;prop_42;book_2231;Cleaning;Check-out Cleaning;2026-06-07;Scheduled;GRO_831;HKP_552;
tsk_05433;prop_42;book_2231;Laundry;Linen Management;2026-06-07;Backlog;GRO_831;HKP_877;tsk_05432
tsk_05441;prop_2;book_2243;Cleaning;Check-out Cleaning;2026-06-07;On Hold;GRO_390;MNT_421;
tsk_05442;prop_2;book_2243;Laundry;Linen Management;2026-06-07;Backlog;GRO_390;HKP_627;tsk_05441
tsk_05448;prop_40;null;Preventive Maintenance;Safety Equipment Inspection;2026-06-07;Scheduled;MNG_482;HKP_640;null
tsk_05449;prop_43;null;Preventive Maintenance;Battery Replacement Cycle;2026-06-07;Completed;MNG_482;HKP_219;null
tsk_05450;prop_69;book_2208;Cleaning;Check-out Cleaning;2026-06-08;Invoiced;GRO_831;HKP_466;
tsk_05451;prop_69;book_2208;Laundry;Linen Management;2026-06-08;Approved;GRO_831;HKP_810;tsk_05450
tsk_05474;prop_67;book_2283;Cleaning;Check-out Cleaning;2026-06-08;Canceled;GRO_612;HKP_599;
tsk_05475;prop_67;book_2283;Laundry;Linen Management;2026-06-08;Reported;GRO_612;HKP_466;tsk_05474
tsk_05479;prop_40;book_2292;Reactive Maintenance;Minor Plumbing Unclogging;2026-06-08;Verified;GRO_831;HKP_188;null
tsk_05481;prop_15;null;Preventive Maintenance;Drain De-scaling & Chemical Treatment;2026-06-08;On Hold;MNG_482;HKP_627;null
tsk_05487;prop_66;book_2225;Cleaning;Check-out Cleaning;2026-06-09;Scheduled;GRO_390;HKP_466;
tsk_05488;prop_66;book_2225;Laundry;Linen Management;2026-06-09;Backlog;GRO_390;HKP_922;tsk_05487
tsk_05511;prop_43;book_2261;Cleaning;Check-out Cleaning;2026-06-09;Reported;GRO_831;MNT_904;
tsk_05512;prop_43;book_2261;Laundry;Linen Management;2026-06-09;Backlog;GRO_831;HKP_640;tsk_05511
tsk_05517;prop_35;book_2269;Cleaning;Check-out Cleaning;2026-06-09;Scheduled;GRO_390;HKP_219;
tsk_05518;prop_35;book_2269;Laundry;Linen Management;2026-06-09;Verified;GRO_390;HKP_219;tsk_05517
tsk_05524;prop_61;book_2286;Cleaning;Check-out Cleaning;2026-06-09;Invoiced;GRO_831;HKP_599;
tsk_05525;prop_61;book_2286;Laundry;Linen Management;2026-06-09;Completed;GRO_831;HKP_134;tsk_05524
tsk_05526;prop_61;book_2286;Reactive Maintenance;Bulb & Fuse Replacement;2026-06-09;Verified;GRO_831;HKP_134;null
tsk_05536;prop_3;book_2254;Cleaning;Check-out Cleaning;2026-06-10;Verified;GRO_831;HKP_339;
tsk_05537;prop_3;book_2254;Laundry;Linen Management;2026-06-10;In Progress;GRO_831;HKP_627;tsk_05536
tsk_05548;prop_65;book_2279;Cleaning;Check-out Cleaning;2026-06-10;Approved;GRO_254;HKP_810;
tsk_05549;prop_65;book_2279;Laundry;Linen Management;2026-06-10;Backlog;GRO_254;HKP_466;tsk_05548
tsk_05552;prop_31;book_2289;Cleaning;Check-out Cleaning;2026-06-10;Scheduled;GRO_612;HKP_188;
tsk_05553;prop_31;book_2289;Laundry;Linen Management;2026-06-10;Backlog;GRO_612;HKP_552;tsk_05552
tsk_05554;prop_31;book_2289;Reactive Maintenance;Emergency Lockout Resolution;2026-06-10;In Progress;GRO_612;HKP_640;null
tsk_05555;prop_40;book_2292;Cleaning;Check-out Cleaning;2026-06-10;On Hold;GRO_831;HKP_219;
tsk_05556;prop_40;book_2292;Laundry;Linen Management;2026-06-10;On Hold;GRO_831;HKP_219;tsk_05555
tsk_05569;prop_69;book_2312;Cleaning;Check-out Cleaning;2026-06-10;Approved;GRO_254;HKP_781;
tsk_05570;prop_69;book_2312;Laundry;Linen Management;2026-06-10;Scheduled;GRO_254;HKP_922;tsk_05569
tsk_05571;prop_69;book_2312;Reactive Maintenance;TV & Smart Entertainment Reset;2026-06-10;Verified;GRO_254;HKP_781;null
tsk_05576;prop_2;null;Preventive Maintenance;Safety Equipment Inspection;2026-06-10;Reported;MNG_482;HKP_865;null
tsk_05583;prop_15;book_2280;Cleaning;Check-out Cleaning;2026-06-11;Verified;GRO_390;HKP_102;
tsk_05584;prop_15;book_2280;Laundry;Linen Management;2026-06-11;Invoiced;GRO_390;HKP_416;tsk_05583
tsk_05585;prop_1;book_2285;Cleaning;Check-out Cleaning;2026-06-11;Backlog;GRO_612;HKP_416;
tsk_05586;prop_1;book_2285;Laundry;Linen Management;2026-06-11;On Hold;GRO_612;MNT_421;tsk_05585
tsk_05600;prop_67;book_2309;Reactive Maintenance;Pest Control First Response;2026-06-11;Backlog;GRO_254;HKP_466;null
tsk_05605;prop_35;book_2331;Cleaning;Check-out Cleaning;2026-06-11;Scheduled;GRO_612;HKP_305;
tsk_05606;prop_35;book_2331;Laundry;Linen Management;2026-06-11;Backlog;GRO_612;MNT_904;tsk_05605
tsk_05607;prop_3;null;Preventive Maintenance;Silicon Seal Integrity Check;2026-06-11;In Progress;MNG_482;HKP_627;null
tsk_05629;prop_2;book_2305;Cleaning;Check-out Cleaning;2026-06-12;Backlog;GRO_831;HKP_865;
tsk_05630;prop_2;book_2305;Laundry;Linen Management;2026-06-12;Canceled;GRO_831;MNT_683;tsk_05629
tsk_05633;prop_66;book_2322;Cleaning;Check-out Cleaning;2026-06-12;Reported;GRO_390;HKP_134;
tsk_05634;prop_66;book_2322;Laundry;Linen Management;2026-06-12;Invoiced;GRO_390;HKP_781;tsk_05633
tsk_05642;prop_65;book_2344;Reactive Maintenance;Blinds & Curtains Urgent Repair;2026-06-12;In Progress;GRO_612;HKP_243;null
tsk_05643;prop_3;book_2349;Cleaning;Check-out Cleaning;2026-06-12;Verified;GRO_254;HKP_293;
tsk_05644;prop_3;book_2349;Laundry;Linen Management;2026-06-12;Canceled;GRO_254;HKP_416;tsk_05643
tsk_05649;prop_67;null;Preventive Maintenance;Window & Balcony Safety Audit;2026-06-12;Invoiced;MNG_482;HKP_134;null
tsk_05653;prop_67;book_2309;Cleaning;Check-out Cleaning;2026-06-13;Approved;GRO_254;HKP_922;
tsk_05654;prop_67;book_2309;Laundry;Linen Management;2026-06-13;In Progress;GRO_254;HKP_810;tsk_05653
tsk_05672;prop_65;book_2344;Cleaning;Check-out Cleaning;2026-06-13;Completed;GRO_612;HKP_243;
tsk_05673;prop_65;book_2344;Laundry;Linen Management;2026-06-13;Completed;GRO_612;HKP_781;tsk_05672
tsk_05686;prop_66;null;Preventive Maintenance;Seasonal HVAC Filter Cleaning;2026-06-13;On Hold;MNG_482;HKP_243;null
tsk_05687;prop_20;book_2295;Cleaning;Check-out Cleaning;2026-06-14;Invoiced;GRO_831;HKP_744;
tsk_05688;prop_20;book_2295;Laundry;Linen Management;2026-06-14;Canceled;GRO_831;HKP_951;tsk_05687
tsk_05691;prop_42;book_2300;Cleaning;Check-out Cleaning;2026-06-14;Backlog;GRO_831;HKP_552;
tsk_05692;prop_42;book_2300;Laundry;Linen Management;2026-06-14;Canceled;GRO_831;MNT_904;tsk_05691
tsk_05703;prop_61;book_2333;Reactive Maintenance;Pest Control First Response;2026-06-14;Verified;GRO_831;HKP_134;null
tsk_05717;prop_35;null;Preventive Maintenance;Silicon Seal Integrity Check;2026-06-14;Invoiced;MNG_482;HKP_305;null
tsk_05722;prop_43;book_2321;Cleaning;Check-out Cleaning;2026-06-15;Reported;GRO_831;MNT_904;
tsk_05723;prop_43;book_2321;Laundry;Linen Management;2026-06-15;Invoiced;GRO_831;HKP_305;tsk_05722
tsk_05727;prop_61;book_2333;Cleaning;Check-out Cleaning;2026-06-15;Canceled;GRO_831;HKP_134;
tsk_05728;prop_61;book_2333;Laundry;Linen Management;2026-06-15;Verified;GRO_831;HKP_810;tsk_05727
tsk_05746;prop_69;book_2352;Cleaning;Check-out Cleaning;2026-06-15;Invoiced;GRO_612;HKP_810;
tsk_05747;prop_69;book_2352;Laundry;Linen Management;2026-06-15;Completed;GRO_612;MNT_157;tsk_05746
tsk_05752;prop_40;book_2356;Cleaning;Check-out Cleaning;2026-06-15;Completed;GRO_612;HKP_188;
tsk_05753;prop_40;book_2356;Laundry;Linen Management;2026-06-15;On Hold;GRO_612;HKP_552;tsk_05752
tsk_05754;prop_15;book_2360;Cleaning;Check-out Cleaning;2026-06-15;Backlog;GRO_254;HKP_293;
tsk_05755;prop_15;book_2360;Laundry;Linen Management;2026-06-15;Backlog;GRO_254;HKP_865;tsk_05754
tsk_05761;prop_1;book_2366;Cleaning;Check-out Cleaning;2026-06-15;Completed;GRO_390;HKP_518;
tsk_05762;prop_1;book_2366;Laundry;Linen Management;2026-06-15;Backlog;GRO_390;HKP_951;tsk_05761
tsk_05764;prop_66;book_2372;Cleaning;Check-out Cleaning;2026-06-15;Scheduled;GRO_254;HKP_466;
tsk_05765;prop_66;book_2372;Laundry;Linen Management;2026-06-15;Canceled;GRO_254;HKP_781;tsk_05764
tsk_05769;prop_2;book_2380;Cleaning;Check-out Cleaning;2026-06-15;Approved;GRO_390;HKP_627;
tsk_05770;prop_2;book_2380;Laundry;Linen Management;2026-06-15;Canceled;GRO_390;HKP_744;tsk_05769
tsk_05771;prop_2;book_2380;Reactive Maintenance;Wi-Fi & Network Connectivity Restore;2026-06-15;Backlog;GRO_390;HKP_951;null
tsk_05786;prop_35;book_2367;Cleaning;Check-out Cleaning;2026-06-16;Scheduled;GRO_612;MNT_904;
tsk_05787;prop_35;book_2367;Laundry;Linen Management;2026-06-16;Approved;GRO_612;HKP_640;tsk_05786
tsk_05800;prop_31;null;Preventive Maintenance;Furniture & Joinery Tightening;2026-06-16;Invoiced;MNG_482;HKP_877;null
tsk_05802;prop_42;null;Preventive Maintenance;Drain De-scaling & Chemical Treatment;2026-06-16;Reported;MNG_482;MNT_904;null
tsk_05803;prop_61;null;Preventive Maintenance;Safety Equipment Inspection;2026-06-16;On Hold;MNG_482;HKP_922;null
tsk_05806;prop_31;book_2353;Cleaning;Check-out Cleaning;2026-06-17;Completed;GRO_254;HKP_703;
tsk_05807;prop_31;book_2353;Laundry;Linen Management;2026-06-17;Verified;GRO_254;HKP_640;tsk_05806
tsk_05814;prop_3;book_2374;Cleaning;Check-out Cleaning;2026-06-17;Approved;GRO_254;MNT_683;
tsk_05815;prop_3;book_2374;Laundry;Linen Management;2026-06-17;Completed;GRO_254;HKP_518;tsk_05814
tsk_05839;prop_61;book_2427;Cleaning;Check-out Cleaning;2026-06-17;Backlog;GRO_390;HKP_599;
tsk_05840;prop_61;book_2427;Laundry;Linen Management;2026-06-17;Verified;GRO_390;HKP_781;tsk_05839
tsk_05845;prop_42;null;Preventive Maintenance;Safety Equipment Inspection;2026-06-17;Verified;MNG_482;MNT_904;null
tsk_05851;prop_67;book_2390;Cleaning;Check-out Cleaning;2026-06-18;Scheduled;GRO_390;HKP_599;
tsk_05852;prop_67;book_2390;Laundry;Linen Management;2026-06-18;Invoiced;GRO_390;HKP_810;tsk_05851
tsk_05873;prop_65;book_2386;Cleaning;Check-out Cleaning;2026-06-19;Verified;GRO_831;HKP_243;
tsk_05874;prop_65;book_2386;Laundry;Linen Management;2026-06-19;On Hold;GRO_831;HKP_466;tsk_05873
tsk_05881;prop_20;book_2400;Cleaning;Check-out Cleaning;2026-06-19;Approved;GRO_254;HKP_744;
tsk_05882;prop_20;book_2400;Laundry;Linen Management;2026-06-19;Invoiced;GRO_254;MNT_421;tsk_05881
tsk_05889;prop_43;book_2412;Cleaning;Check-out Cleaning;2026-06-19;Scheduled;GRO_254;HKP_552;
tsk_05890;prop_43;book_2412;Laundry;Linen Management;2026-06-19;Backlog;GRO_254;MNT_904;tsk_05889
tsk_05898;prop_1;book_2425;Cleaning;Check-out Cleaning;2026-06-19;Scheduled;GRO_390;HKP_627;
tsk_05899;prop_1;book_2425;Laundry;Linen Management;2026-06-19;Invoiced;GRO_390;MNT_421;tsk_05898
tsk_05900;prop_69;book_2431;Cleaning;Check-out Cleaning;2026-06-19;Approved;GRO_612;HKP_599;
tsk_05901;prop_69;book_2431;Laundry;Linen Management;2026-06-19;In Progress;GRO_612;MNT_157;tsk_05900
tsk_05908;prop_31;null;Preventive Maintenance;Safety Equipment Inspection;2026-06-19;In Progress;MNG_482;HKP_640;null
tsk_05925;prop_2;book_2433;Cleaning;Check-out Cleaning;2026-06-20;Approved;GRO_831;HKP_102;
tsk_05926;prop_2;book_2433;Laundry;Linen Management;2026-06-20;On Hold;GRO_831;HKP_102;tsk_05925
tsk_05927;prop_40;book_2437;Cleaning;Check-out Cleaning;2026-06-20;Completed;GRO_831;HKP_305;
tsk_05928;prop_40;book_2437;Laundry;Linen Management;2026-06-20;On Hold;GRO_831;HKP_305;tsk_05927
tsk_05935;prop_35;book_2443;Cleaning;Check-out Cleaning;2026-06-20;On Hold;GRO_612;MNT_904;
tsk_05936;prop_35;book_2443;Laundry;Linen Management;2026-06-20;Scheduled;GRO_612;HKP_305;tsk_05935
tsk_05944;prop_66;null;Preventive Maintenance;Radiator Bleeding & Pressure Check;2026-06-20;Backlog;MNG_482;HKP_922;null
tsk_05945;prop_42;book_2403;Cleaning;Check-out Cleaning;2026-06-21;Reported;GRO_390;HKP_640;
tsk_05946;prop_42;book_2403;Laundry;Linen Management;2026-06-21;Approved;GRO_390;HKP_552;tsk_05945
tsk_05964;prop_3;book_2452;Cleaning;Check-out Cleaning;2026-06-21;Reported;GRO_390;MNT_421;
tsk_05965;prop_3;book_2452;Laundry;Linen Management;2026-06-21;Verified;GRO_390;HKP_627;tsk_05964
tsk_05968;prop_61;book_2455;Cleaning;Check-out Cleaning;2026-06-21;Canceled;GRO_390;MNT_157;
tsk_05969;prop_61;book_2455;Laundry;Linen Management;2026-06-21;Reported;GRO_390;MNT_157;tsk_05968
tsk_05982;prop_20;book_2476;Cleaning;Check-out Cleaning;2026-06-21;Verified;GRO_390;MNT_683;
tsk_05983;prop_20;book_2476;Laundry;Linen Management;2026-06-21;In Progress;GRO_390;HKP_416;tsk_05982
tsk_05986;prop_65;null;Preventive Maintenance;Wall Paint & Baseboard Touch-up;2026-06-21;Invoiced;MNG_482;HKP_810;null
tsk_05987;prop_66;book_2414;Cleaning;Check-out Cleaning;2026-06-22;On Hold;GRO_254;HKP_810;
tsk_05988;prop_66;book_2414;Laundry;Linen Management;2026-06-22;Approved;GRO_254;HKP_781;tsk_05987
tsk_05989;prop_15;book_2417;Cleaning;Check-out Cleaning;2026-06-22;Verified;GRO_254;HKP_865;
tsk_05990;prop_15;book_2417;Laundry;Linen Management;2026-06-22;Reported;GRO_254;HKP_518;tsk_05989
tsk_06012;prop_43;book_2472;Cleaning;Check-out Cleaning;2026-06-22;Approved;GRO_254;HKP_188;
tsk_06013;prop_43;book_2472;Laundry;Linen Management;2026-06-22;Approved;GRO_254;HKP_219;tsk_06012
tsk_06017;prop_69;book_2485;Reactive Maintenance;Water Leak Troubleshooting;2026-06-22;Completed;GRO_390;HKP_466;null
tsk_06022;prop_3;null;Preventive Maintenance;Wall Paint & Baseboard Touch-up;2026-06-22;Canceled;MNG_482;MNT_683;null
tsk_06026;prop_31;book_2458;Cleaning;Check-out Cleaning;2026-06-23;Canceled;GRO_612;HKP_703;
tsk_06027;prop_31;book_2458;Laundry;Linen Management;2026-06-23;Verified;GRO_612;HKP_703;tsk_06026
tsk_06034;prop_65;book_2475;Cleaning;Check-out Cleaning;2026-06-23;Approved;GRO_612;HKP_810;
tsk_06035;prop_65;book_2475;Laundry;Linen Management;2026-06-23;Invoiced;GRO_612;HKP_781;tsk_06034
tsk_06040;prop_1;book_2482;Cleaning;Check-out Cleaning;2026-06-23;Completed;GRO_612;HKP_518;
tsk_06041;prop_1;book_2482;Laundry;Linen Management;2026-06-23;On Hold;GRO_612;HKP_627;tsk_06040
tsk_06050;prop_3;book_2509;Cleaning;Check-out Cleaning;2026-06-23;Invoiced;GRO_390;MNT_421;
tsk_06051;prop_3;book_2509;Laundry;Linen Management;2026-06-23;Canceled;GRO_390;HKP_518;tsk_06050
tsk_06053;prop_61;book_2514;Cleaning;Check-out Cleaning;2026-06-23;Backlog;GRO_390;HKP_134;
tsk_06054;prop_61;book_2514;Laundry;Linen Management;2026-06-23;Verified;GRO_390;HKP_134;tsk_06053
tsk_06074;prop_69;book_2485;Cleaning;Check-out Cleaning;2026-06-24;In Progress;GRO_390;HKP_810;
tsk_06075;prop_69;book_2485;Laundry;Linen Management;2026-06-24;Canceled;GRO_390;HKP_781;tsk_06074
tsk_06080;prop_35;book_2497;Cleaning;Check-out Cleaning;2026-06-24;Scheduled;GRO_612;HKP_305;
tsk_06081;prop_35;book_2497;Laundry;Linen Management;2026-06-24;In Progress;GRO_612;MNT_904;tsk_06080
tsk_06082;prop_35;book_2497;Reactive Maintenance;TV & Smart Entertainment Reset;2026-06-24;Verified;GRO_612;HKP_877;null
tsk_06083;prop_2;book_2501;Cleaning;Check-out Cleaning;2026-06-24;Canceled;GRO_390;MNT_683;
tsk_06084;prop_2;book_2501;Laundry;Linen Management;2026-06-24;Completed;GRO_390;HKP_339;tsk_06083
tsk_06093;prop_67;book_2464;Cleaning;Check-out Cleaning;2026-06-25;Verified;GRO_254;HKP_781;
tsk_06094;prop_67;book_2464;Laundry;Linen Management;2026-06-25;Verified;GRO_254;HKP_134;tsk_06093
tsk_06107;prop_40;book_2503;Cleaning;Check-out Cleaning;2026-06-25;Canceled;GRO_831;MNT_904;
tsk_06108;prop_40;book_2503;Laundry;Linen Management;2026-06-25;Scheduled;GRO_831;HKP_188;tsk_06107
tsk_06109;prop_20;book_2507;Cleaning;Check-out Cleaning;2026-06-25;Approved;GRO_831;HKP_865;
tsk_06110;prop_20;book_2507;Laundry;Linen Management;2026-06-25;Approved;GRO_831;HKP_102;tsk_06109
tsk_06111;prop_42;book_2511;Cleaning;Check-out Cleaning;2026-06-25;Approved;GRO_254;HKP_703;
tsk_06112;prop_42;book_2511;Laundry;Linen Management;2026-06-25;Backlog;GRO_254;HKP_640;tsk_06111
tsk_06155;prop_15;book_2528;Cleaning;Check-out Cleaning;2026-06-26;Invoiced;GRO_390;HKP_865;
tsk_06156;prop_15;book_2528;Laundry;Linen Management;2026-06-26;Scheduled;GRO_390;HKP_102;tsk_06155
tsk_06164;prop_31;book_2550;Cleaning;Check-out Cleaning;2026-06-26;Backlog;GRO_612;HKP_188;
tsk_06165;prop_31;book_2550;Laundry;Linen Management;2026-06-26;Scheduled;GRO_612;HKP_703;tsk_06164
tsk_06168;prop_20;book_2568;Reactive Maintenance;Blinds & Curtains Urgent Repair;2026-06-26;Reported;GRO_254;HKP_102;null
tsk_06169;prop_2;null;Preventive Maintenance;Window & Balcony Safety Audit;2026-06-26;Verified;MNG_482;HKP_518;null
tsk_06173;prop_35;null;Preventive Maintenance;Furniture & Joinery Tightening;2026-06-26;On Hold;MNG_482;HKP_219;null
tsk_06207;prop_66;book_2527;Cleaning;Check-out Cleaning;2026-06-28;Verified;GRO_254;MNT_157;
tsk_06208;prop_66;book_2527;Laundry;Linen Management;2026-06-28;In Progress;GRO_254;HKP_781;tsk_06207
tsk_06209;prop_66;book_2527;Reactive Maintenance;Wi-Fi & Network Connectivity Restore;2026-06-28;Approved;GRO_254;HKP_922;null
tsk_06217;prop_3;book_2545;Cleaning;Check-out Cleaning;2026-06-28;Completed;GRO_831;HKP_951;
tsk_06218;prop_3;book_2545;Laundry;Linen Management;2026-06-28;Canceled;GRO_831;MNT_421;tsk_06217
tsk_06219;prop_61;book_2548;Reactive Maintenance;TV & Smart Entertainment Reset;2026-06-28;In Progress;GRO_254;HKP_134;null
tsk_06233;prop_1;null;Preventive Maintenance;Drain De-scaling & Chemical Treatment;2026-06-28;Reported;MNG_482;MNT_683;null
tsk_06235;prop_43;null;Preventive Maintenance;Silicon Seal Integrity Check;2026-06-28;Scheduled;MNG_482;HKP_219;null
tsk_06238;prop_69;null;Preventive Maintenance;Seasonal HVAC Filter Cleaning;2026-06-28;Backlog;MNG_482;HKP_810;null
tsk_06239;prop_43;book_2526;Cleaning;Check-out Cleaning;2026-06-29;Completed;GRO_612;HKP_640;
tsk_06240;prop_43;book_2526;Laundry;Linen Management;2026-06-29;Backlog;GRO_612;HKP_640;tsk_06239
tsk_06243;prop_65;book_2540;Cleaning;Check-out Cleaning;2026-06-29;Completed;GRO_831;HKP_810;
tsk_06244;prop_65;book_2540;Laundry;Linen Management;2026-06-29;In Progress;GRO_831;HKP_134;tsk_06243
tsk_06247;prop_1;book_2547;Cleaning;Check-out Cleaning;2026-06-29;Scheduled;GRO_831;HKP_416;
tsk_06248;prop_1;book_2547;Laundry;Linen Management;2026-06-29;Scheduled;GRO_831;HKP_865;tsk_06247
tsk_06253;prop_35;book_2559;Cleaning;Check-out Cleaning;2026-06-29;Invoiced;GRO_254;HKP_188;
tsk_06254;prop_35;book_2559;Laundry;Linen Management;2026-06-29;Verified;GRO_254;HKP_640;tsk_06253
tsk_06257;prop_20;book_2568;Cleaning;Check-out Cleaning;2026-06-29;Invoiced;GRO_254;HKP_293;
tsk_06258;prop_20;book_2568;Laundry;Linen Management;2026-06-29;Completed;GRO_254;MNT_683;tsk_06257
tsk_06265;prop_40;book_2584;Cleaning;Check-out Cleaning;2026-06-29;Completed;GRO_831;HKP_877;
tsk_06266;prop_40;book_2584;Laundry;Linen Management;2026-06-29;Scheduled;GRO_831;HKP_552;tsk_06265
tsk_06267;prop_40;book_2584;Reactive Maintenance;Emergency Lockout Resolution;2026-06-29;Canceled;GRO_831;HKP_552;null
tsk_06279;prop_61;book_2548;Cleaning;Check-out Cleaning;2026-06-30;Invoiced;GRO_254;HKP_466;
tsk_06280;prop_61;book_2548;Laundry;Linen Management;2026-06-30;Backlog;GRO_254;MNT_157;tsk_06279
tsk_06287;prop_69;book_2562;Cleaning;Check-out Cleaning;2026-06-30;In Progress;GRO_390;HKP_243;
tsk_06288;prop_69;book_2562;Laundry;Linen Management;2026-06-30;Completed;GRO_390;HKP_243;tsk_06287
tsk_06289;prop_2;book_2564;Cleaning;Check-out Cleaning;2026-06-30;Backlog;GRO_390;HKP_416;
tsk_06290;prop_2;book_2564;Laundry;Linen Management;2026-06-30;Invoiced;GRO_390;HKP_744;tsk_06289
tsk_06295;prop_67;book_2572;Cleaning;Check-out Cleaning;2026-06-30;Invoiced;GRO_612;HKP_466;
tsk_06296;prop_67;book_2572;Laundry;Linen Management;2026-06-30;In Progress;GRO_612;HKP_781;tsk_06295
tsk_06299;prop_42;book_2574;Cleaning;Check-out Cleaning;2026-06-30;Canceled;GRO_390;HKP_552;
tsk_06300;prop_42;book_2574;Laundry;Linen Management;2026-06-30;Backlog;GRO_390;HKP_640;tsk_06299
tsk_06301;prop_42;book_2574;Reactive Maintenance;Bulb & Fuse Replacement;2026-06-30;Completed;GRO_390;MNT_904;null
tsk_06324;prop_3;book_2617;Cleaning;Check-out Cleaning;2026-06-30;Verified;GRO_390;HKP_293;
tsk_06325;prop_3;book_2617;Laundry;Linen Management;2026-06-30;On Hold;GRO_390;HKP_951;tsk_06324
tsk_06334;prop_31;book_2596;Cleaning;Check-out Cleaning;2026-07-01;Approved;GRO_390;HKP_219;
tsk_06335;prop_31;book_2596;Laundry;Linen Management;2026-07-01;Canceled;GRO_390;HKP_877;tsk_06334
tsk_06356;prop_15;book_2591;Cleaning;Check-out Cleaning;2026-07-02;On Hold;GRO_831;MNT_683;
tsk_06357;prop_15;book_2591;Laundry;Linen Management;2026-07-02;On Hold;GRO_831;HKP_518;tsk_06356
tsk_06374;prop_65;book_2625;Cleaning;Check-out Cleaning;2026-07-02;Scheduled;GRO_831;HKP_243;
tsk_06375;prop_65;book_2625;Laundry;Linen Management;2026-07-02;Reported;GRO_831;HKP_922;tsk_06374
tsk_06396;prop_65;book_2675;Reactive Maintenance;Minor Plumbing Unclogging;2026-07-02;Approved;GRO_831;HKP_781;null
tsk_06411;prop_43;book_2624;Cleaning;Check-out Cleaning;2026-07-03;In Progress;GRO_612;HKP_219;
tsk_06412;prop_43;book_2624;Laundry;Linen Management;2026-07-03;Completed;GRO_612;MNT_904;tsk_06411
tsk_06415;prop_1;book_2631;Cleaning;Check-out Cleaning;2026-07-03;Completed;GRO_254;HKP_627;
tsk_06416;prop_1;book_2631;Laundry;Linen Management;2026-07-03;Verified;GRO_254;HKP_518;tsk_06415
tsk_06419;prop_40;book_2638;Cleaning;Check-out Cleaning;2026-07-03;Verified;GRO_831;HKP_877;
tsk_06420;prop_40;book_2638;Laundry;Linen Management;2026-07-03;Invoiced;GRO_831;HKP_703;tsk_06419
tsk_06423;prop_42;book_2651;Cleaning;Check-out Cleaning;2026-07-03;Completed;GRO_390;HKP_703;
tsk_06424;prop_42;book_2651;Laundry;Linen Management;2026-07-03;In Progress;GRO_390;HKP_703;tsk_06423
tsk_06425;prop_2;book_2657;Cleaning;Check-out Cleaning;2026-07-03;Invoiced;GRO_831;MNT_683;
tsk_06426;prop_2;book_2657;Laundry;Linen Management;2026-07-03;Completed;GRO_831;HKP_865;tsk_06425
tsk_06434;prop_67;null;Preventive Maintenance;Safety Equipment Inspection;2026-07-03;Reported;MNG_482;HKP_466;null
tsk_06439;prop_66;book_2612;Cleaning;Check-out Cleaning;2026-07-04;Invoiced;GRO_254;HKP_599;
tsk_06440;prop_66;book_2612;Laundry;Linen Management;2026-07-04;In Progress;GRO_254;HKP_466;tsk_06439
tsk_06441;prop_20;book_2626;Cleaning;Check-out Cleaning;2026-07-04;On Hold;GRO_612;HKP_102;
tsk_06442;prop_20;book_2626;Laundry;Linen Management;2026-07-04;Canceled;GRO_612;MNT_683;tsk_06441
tsk_06445;prop_35;book_2633;Cleaning;Check-out Cleaning;2026-07-04;Approved;GRO_254;HKP_640;
tsk_06446;prop_35;book_2633;Laundry;Linen Management;2026-07-04;Invoiced;GRO_254;HKP_703;tsk_06445
tsk_06449;prop_67;book_2646;Cleaning;Check-out Cleaning;2026-07-04;Canceled;GRO_390;HKP_466;
tsk_06450;prop_67;book_2646;Laundry;Linen Management;2026-07-04;In Progress;GRO_390;HKP_243;tsk_06449
tsk_06453;prop_69;book_2656;Cleaning;Check-out Cleaning;2026-07-04;In Progress;GRO_254;HKP_243;
tsk_06454;prop_69;book_2656;Laundry;Linen Management;2026-07-04;Reported;GRO_254;MNT_157;tsk_06453
tsk_06465;prop_31;book_2668;Cleaning;Check-out Cleaning;2026-07-04;Scheduled;GRO_390;HKP_552;
tsk_06466;prop_31;book_2668;Laundry;Linen Management;2026-07-04;On Hold;GRO_390;HKP_640;tsk_06465
tsk_06470;prop_35;null;Preventive Maintenance;Furniture & Joinery Tightening;2026-07-04;Invoiced;MNG_482;HKP_552;null
tsk_06472;prop_66;null;Preventive Maintenance;Safety Equipment Inspection;2026-07-04;Reported;MNG_482;MNT_157;null
tsk_06489;prop_15;book_2677;Cleaning;Check-out Cleaning;2026-07-05;Approved;GRO_612;HKP_339;
tsk_06490;prop_15;book_2677;Laundry;Linen Management;2026-07-05;Canceled;GRO_612;MNT_421;tsk_06489
tsk_06493;prop_31;book_2721;Reactive Maintenance;Bulb & Fuse Replacement;2026-07-05;Completed;GRO_831;HKP_703;null
tsk_06494;prop_31;null;Preventive Maintenance;Drain De-scaling & Chemical Treatment;2026-07-05;Scheduled;MNG_482;HKP_219;null
tsk_06496;prop_43;null;Preventive Maintenance;Drain De-scaling & Chemical Treatment;2026-07-05;Backlog;MNG_482;MNT_904;null
tsk_06515;prop_65;book_2675;Cleaning;Check-out Cleaning;2026-07-06;Reported;GRO_831;HKP_781;
tsk_06516;prop_65;book_2675;Laundry;Linen Management;2026-07-06;In Progress;GRO_831;HKP_134;tsk_06515
tsk_06527;prop_42;book_2698;Cleaning;Check-out Cleaning;2026-07-06;Approved;GRO_390;HKP_703;
tsk_06528;prop_42;book_2698;Laundry;Linen Management;2026-07-06;On Hold;GRO_390;HKP_877;tsk_06527
tsk_06531;prop_2;book_2702;Cleaning;Check-out Cleaning;2026-07-06;Invoiced;GRO_390;HKP_518;
tsk_06532;prop_2;book_2702;Laundry;Linen Management;2026-07-06;Scheduled;GRO_390;HKP_951;tsk_06531
tsk_06537;prop_1;null;Preventive Maintenance;Window & Balcony Safety Audit;2026-07-06;Canceled;MNG_482;HKP_416;null
tsk_06541;prop_3;book_2647;Cleaning;Check-out Cleaning;2026-07-07;Scheduled;GRO_831;HKP_518;
tsk_06542;prop_3;book_2647;Laundry;Linen Management;2026-07-07;Backlog;GRO_831;HKP_627;tsk_06541
tsk_06543;prop_61;book_2653;Cleaning;Check-out Cleaning;2026-07-07;Backlog;GRO_831;HKP_134;
tsk_06544;prop_61;book_2653;Laundry;Linen Management;2026-07-07;Invoiced;GRO_831;HKP_134;tsk_06543
tsk_06564;prop_1;book_2697;Cleaning;Check-out Cleaning;2026-07-07;Reported;GRO_612;HKP_865;
tsk_06565;prop_1;book_2697;Laundry;Linen Management;2026-07-07;Verified;GRO_612;HKP_627;tsk_06564
tsk_06576;prop_67;book_2716;Cleaning;Check-out Cleaning;2026-07-07;Completed;GRO_612;HKP_243;
tsk_06577;prop_67;book_2716;Laundry;Linen Management;2026-07-07;Canceled;GRO_612;HKP_922;tsk_06576
tsk_06582;prop_35;null;Preventive Maintenance;Seasonal HVAC Filter Cleaning;2026-07-07;On Hold;MNG_482;HKP_877;null
tsk_06596;prop_43;book_2694;Cleaning;Check-out Cleaning;2026-07-08;Backlog;GRO_390;HKP_219;
tsk_06597;prop_43;book_2694;Laundry;Linen Management;2026-07-08;Reported;GRO_390;HKP_877;tsk_06596
tsk_06600;prop_40;book_2706;Reactive Maintenance;Minor Plumbing Unclogging;2026-07-08;Canceled;GRO_390;HKP_219;null
tsk_06615;prop_69;book_2720;Cleaning;Check-out Cleaning;2026-07-08;In Progress;GRO_612;HKP_466;
tsk_06616;prop_69;book_2720;Laundry;Linen Management;2026-07-08;On Hold;GRO_612;HKP_922;tsk_06615
tsk_06617;prop_31;book_2721;Cleaning;Check-out Cleaning;2026-07-08;Invoiced;GRO_831;HKP_640;
tsk_06618;prop_31;book_2721;Laundry;Linen Management;2026-07-08;Verified;GRO_831;MNT_904;tsk_06617
tsk_06621;prop_15;book_2726;Reactive Maintenance;Pest Control First Response;2026-07-08;Backlog;GRO_254;HKP_102;null
tsk_06625;prop_2;null;Preventive Maintenance;Seasonal HVAC Filter Cleaning;2026-07-08;Scheduled;MNG_482;HKP_102;null
tsk_06626;prop_15;null;Preventive Maintenance;Window & Balcony Safety Audit;2026-07-08;Approved;MNG_482;HKP_339;null
tsk_06629;prop_69;null;Preventive Maintenance;Window & Balcony Safety Audit;2026-07-08;Canceled;MNG_482;HKP_922;null
tsk_06630;prop_40;book_2706;Cleaning;Check-out Cleaning;2026-07-09;Completed;GRO_390;HKP_877;
tsk_06631;prop_40;book_2706;Laundry;Linen Management;2026-07-09;Approved;GRO_390;HKP_305;tsk_06630
tsk_06632;prop_20;book_2711;Cleaning;Check-out Cleaning;2026-07-09;Completed;GRO_612;HKP_865;
tsk_06633;prop_20;book_2711;Laundry;Linen Management;2026-07-09;In Progress;GRO_612;HKP_293;tsk_06632
tsk_06634;prop_35;book_2718;Cleaning;Check-out Cleaning;2026-07-09;Approved;GRO_831;HKP_188;
tsk_06635;prop_35;book_2718;Laundry;Linen Management;2026-07-09;Scheduled;GRO_831;HKP_305;tsk_06634
tsk_06651;prop_2;book_2749;Reactive Maintenance;Water Leak Troubleshooting;2026-07-09;Canceled;GRO_831;HKP_518;null
tsk_06661;prop_40;null;Preventive Maintenance;Battery Replacement Cycle;2026-07-09;Backlog;MNG_482;HKP_552;null
tsk_06662;prop_42;null;Preventive Maintenance;Furniture & Joinery Tightening;2026-07-09;Approved;MNG_482;HKP_188;null
tsk_06663;prop_42;null;Preventive Maintenance;Drain De-scaling & Chemical Treatment;2026-07-09;Reported;MNG_482;HKP_877;null
tsk_06664;prop_61;null;Preventive Maintenance;Battery Replacement Cycle;2026-07-09;Canceled;MNG_482;HKP_781;null
tsk_06665;prop_66;book_2709;Cleaning;Check-out Cleaning;2026-07-10;Approved;GRO_390;HKP_243;
tsk_06666;prop_66;book_2709;Laundry;Linen Management;2026-07-10;Invoiced;GRO_390;HKP_810;tsk_06665
tsk_06671;prop_15;book_2726;Cleaning;Check-out Cleaning;2026-07-10;Verified;GRO_254;HKP_293;
tsk_06672;prop_15;book_2726;Laundry;Linen Management;2026-07-10;Backlog;GRO_254;HKP_627;tsk_06671
tsk_06692;prop_2;book_2749;Cleaning;Check-out Cleaning;2026-07-10;In Progress;GRO_831;HKP_951;
tsk_06693;prop_2;book_2749;Laundry;Linen Management;2026-07-10;In Progress;GRO_831;HKP_416;tsk_06692
tsk_06696;prop_67;book_2755;Reactive Maintenance;Wi-Fi & Network Connectivity Restore;2026-07-10;Backlog;GRO_831;HKP_599;null
tsk_06724;prop_1;book_2758;Cleaning;Check-out Cleaning;2026-07-11;Verified;GRO_254;HKP_339;
tsk_06725;prop_1;book_2758;Laundry;Linen Management;2026-07-11;Backlog;GRO_254;HKP_518;tsk_06724
tsk_06726;prop_61;book_2759;Cleaning;Check-out Cleaning;2026-07-11;On Hold;GRO_390;HKP_810;
tsk_06727;prop_61;book_2759;Laundry;Linen Management;2026-07-11;Scheduled;GRO_390;HKP_922;tsk_06726
tsk_06740;prop_69;book_2784;Cleaning;Check-out Cleaning;2026-07-11;Backlog;GRO_254;HKP_466;
tsk_06741;prop_69;book_2784;Laundry;Linen Management;2026-07-11;On Hold;GRO_254;HKP_922;tsk_06740
tsk_06745;prop_20;book_2791;Reactive Maintenance;Pest Control First Response;2026-07-11;Approved;GRO_831;HKP_416;null
tsk_06747;prop_15;book_2804;Reactive Maintenance;Blinds & Curtains Urgent Repair;2026-07-11;Scheduled;GRO_612;HKP_416;null
tsk_06750;prop_65;book_2737;Cleaning;Check-out Cleaning;2026-07-12;Completed;GRO_254;HKP_599;
tsk_06751;prop_65;book_2737;Laundry;Linen Management;2026-07-12;Canceled;GRO_254;HKP_599;tsk_06750
tsk_06752;prop_65;book_2737;Reactive Maintenance;TV & Smart Entertainment Reset;2026-07-12;Completed;GRO_254;HKP_243;null
tsk_06753;prop_42;book_2745;Cleaning;Check-out Cleaning;2026-07-12;Canceled;GRO_390;MNT_904;
tsk_06754;prop_42;book_2745;Laundry;Linen Management;2026-07-12;Scheduled;GRO_390;HKP_877;tsk_06753
tsk_06770;prop_31;book_2785;Cleaning;Check-out Cleaning;2026-07-12;Scheduled;GRO_254;HKP_219;
tsk_06771;prop_31;book_2785;Laundry;Linen Management;2026-07-12;Reported;GRO_254;HKP_219;tsk_06770
tsk_06785;prop_67;book_2755;Cleaning;Check-out Cleaning;2026-07-13;Invoiced;GRO_831;MNT_157;
tsk_06786;prop_67;book_2755;Laundry;Linen Management;2026-07-13;Backlog;GRO_831;HKP_599;tsk_06785
tsk_06787;prop_3;book_2756;Cleaning;Check-out Cleaning;2026-07-13;Canceled;GRO_390;HKP_339;
tsk_06788;prop_3;book_2756;Laundry;Linen Management;2026-07-13;Canceled;GRO_390;HKP_951;tsk_06787
tsk_06804;prop_35;book_2794;Cleaning;Check-out Cleaning;2026-07-13;Scheduled;GRO_390;MNT_904;
tsk_06805;prop_35;book_2794;Laundry;Linen Management;2026-07-13;Invoiced;GRO_390;HKP_188;tsk_06804
tsk_06817;prop_35;book_2856;Reactive Maintenance;Pest Control First Response;2026-07-13;Backlog;GRO_612;MNT_904;null
tsk_06821;prop_65;null;Preventive Maintenance;Radiator Bleeding & Pressure Check;2026-07-13;In Progress;MNG_482;MNT_157;null
tsk_06824;prop_43;book_2773;Cleaning;Check-out Cleaning;2026-07-14;Canceled;GRO_831;HKP_877;
tsk_06825;prop_43;book_2773;Laundry;Linen Management;2026-07-14;On Hold;GRO_831;HKP_219;tsk_06824
tsk_06835;prop_20;book_2791;Cleaning;Check-out Cleaning;2026-07-14;Reported;GRO_831;HKP_951;
tsk_06836;prop_20;book_2791;Laundry;Linen Management;2026-07-14;Backlog;GRO_831;HKP_293;tsk_06835
tsk_06839;prop_40;book_2798;Cleaning;Check-out Cleaning;2026-07-14;In Progress;GRO_254;HKP_703;
tsk_06840;prop_40;book_2798;Laundry;Linen Management;2026-07-14;Backlog;GRO_254;MNT_904;tsk_06839
tsk_06843;prop_66;book_2802;Cleaning;Check-out Cleaning;2026-07-14;Invoiced;GRO_831;HKP_243;
tsk_06844;prop_66;book_2802;Laundry;Linen Management;2026-07-14;On Hold;GRO_831;HKP_134;tsk_06843
tsk_06858;prop_61;book_2825;Cleaning;Check-out Cleaning;2026-07-14;Canceled;GRO_612;HKP_134;
tsk_06859;prop_61;book_2825;Laundry;Linen Management;2026-07-14;In Progress;GRO_612;HKP_466;tsk_06858
tsk_06867;prop_69;null;Preventive Maintenance;Drain De-scaling & Chemical Treatment;2026-07-14;Scheduled;MNG_482;HKP_810;null
tsk_06872;prop_15;book_2804;Cleaning;Check-out Cleaning;2026-07-15;Verified;GRO_612;HKP_102;
tsk_06873;prop_15;book_2804;Laundry;Linen Management;2026-07-15;Verified;GRO_612;HKP_744;tsk_06872
tsk_06903;prop_2;null;Preventive Maintenance;Window & Balcony Safety Audit;2026-07-15;Scheduled;MNG_482;MNT_421;null
tsk_06904;prop_3;null;Preventive Maintenance;Drain De-scaling & Chemical Treatment;2026-07-15;Reported;MNG_482;HKP_518;null
tsk_06912;prop_2;book_2814;Cleaning;Check-out Cleaning;2026-07-16;Canceled;GRO_390;HKP_744;
tsk_06913;prop_2;book_2814;Laundry;Linen Management;2026-07-16;Backlog;GRO_390;HKP_102;tsk_06912
tsk_06921;prop_69;book_2829;Cleaning;Check-out Cleaning;2026-07-16;Reported;GRO_831;HKP_599;
tsk_06922;prop_69;book_2829;Laundry;Linen Management;2026-07-16;Verified;GRO_831;HKP_134;tsk_06921
tsk_06927;prop_65;book_2836;Cleaning;Check-out Cleaning;2026-07-16;Approved;GRO_254;HKP_599;
tsk_06928;prop_65;book_2836;Laundry;Linen Management;2026-07-16;Approved;GRO_254;HKP_243;tsk_06927
tsk_06929;prop_42;book_2839;Cleaning;Check-out Cleaning;2026-07-16;Completed;GRO_254;HKP_703;
tsk_06930;prop_42;book_2839;Laundry;Linen Management;2026-07-16;Canceled;GRO_254;HKP_305;tsk_06929
tsk_06931;prop_42;book_2839;Reactive Maintenance;Water Leak Troubleshooting;2026-07-16;Invoiced;GRO_254;HKP_552;null
tsk_06953;prop_66;null;Preventive Maintenance;Furniture & Joinery Tightening;2026-07-16;Completed;MNG_482;HKP_243;null
tsk_06954;prop_67;null;Preventive Maintenance;Wall Paint & Baseboard Touch-up;2026-07-16;On Hold;MNG_482;HKP_466;null
tsk_06957;prop_1;book_2823;Cleaning;Check-out Cleaning;2026-07-17;Invoiced;GRO_254;MNT_421;
tsk_06958;prop_1;book_2823;Laundry;Linen Management;2026-07-17;Approved;GRO_254;HKP_518;tsk_06957
tsk_06965;prop_31;book_2842;Cleaning;Check-out Cleaning;2026-07-17;Backlog;GRO_254;HKP_188;
tsk_06966;prop_31;book_2842;Laundry;Linen Management;2026-07-17;In Progress;GRO_254;HKP_703;tsk_06965
tsk_06971;prop_67;book_2853;Cleaning;Check-out Cleaning;2026-07-17;Invoiced;GRO_254;HKP_922;
tsk_06972;prop_67;book_2853;Laundry;Linen Management;2026-07-17;Scheduled;GRO_254;HKP_243;tsk_06971
tsk_06987;prop_61;null;Preventive Maintenance;Seasonal HVAC Filter Cleaning;2026-07-17;Canceled;MNG_482;HKP_466;null
tsk_06990;prop_35;book_2856;Cleaning;Check-out Cleaning;2026-07-18;In Progress;GRO_612;HKP_703;
tsk_06991;prop_35;book_2856;Laundry;Linen Management;2026-07-18;Verified;GRO_612;HKP_305;tsk_06990
tsk_06992;prop_20;book_2865;Cleaning;Check-out Cleaning;2026-07-18;Canceled;GRO_254;HKP_627;
tsk_06993;prop_20;book_2865;Laundry;Linen Management;2026-07-18;Invoiced;GRO_254;MNT_683;tsk_06992
tsk_07002;prop_40;book_2878;Cleaning;Check-out Cleaning;2026-07-18;Verified;GRO_612;MNT_904;
tsk_07003;prop_40;book_2878;Laundry;Linen Management;2026-07-18;Completed;GRO_612;MNT_904;tsk_07002
tsk_07011;prop_31;null;Preventive Maintenance;Wall Paint & Baseboard Touch-up;2026-07-18;In Progress;MNG_482;HKP_552;null
tsk_07014;prop_3;book_2854;Cleaning;Check-out Cleaning;2026-07-19;Scheduled;GRO_390;HKP_416;
tsk_07015;prop_3;book_2854;Laundry;Linen Management;2026-07-19;Verified;GRO_390;HKP_102;tsk_07014
tsk_07018;prop_43;book_2863;Cleaning;Check-out Cleaning;2026-07-19;Canceled;GRO_254;HKP_552;
tsk_07019;prop_43;book_2863;Laundry;Linen Management;2026-07-19;Canceled;GRO_254;HKP_640;tsk_07018
tsk_07024;prop_61;book_2875;Cleaning;Check-out Cleaning;2026-07-19;Completed;GRO_831;HKP_599;
tsk_07025;prop_61;book_2875;Laundry;Linen Management;2026-07-19;Invoiced;GRO_831;HKP_466;tsk_07024
tsk_07043;prop_15;null;Preventive Maintenance;Drain De-scaling & Chemical Treatment;2026-07-19;Reported;MNG_482;MNT_421;null
tsk_07050;prop_66;book_2864;Cleaning;Check-out Cleaning;2026-07-20;Canceled;GRO_612;HKP_243;
tsk_07051;prop_66;book_2864;Laundry;Linen Management;2026-07-20;Completed;GRO_612;HKP_599;tsk_07050
tsk_07076;prop_65;book_2900;Cleaning;Check-out Cleaning;2026-07-20;On Hold;GRO_390;MNT_157;
tsk_07077;prop_65;book_2900;Laundry;Linen Management;2026-07-20;In Progress;GRO_390;MNT_157;tsk_07076
tsk_07080;prop_42;book_2905;Cleaning;Check-out Cleaning;2026-07-20;Approved;GRO_254;HKP_219;
tsk_07081;prop_42;book_2905;Laundry;Linen Management;2026-07-20;Reported;GRO_254;HKP_640;tsk_07080
tsk_07083;prop_35;book_2935;Reactive Maintenance;Pest Control First Response;2026-07-20;Canceled;GRO_390;HKP_188;null
tsk_07084;prop_40;book_2936;Reactive Maintenance;Pest Control First Response;2026-07-20;Reported;GRO_612;HKP_877;null
tsk_07085;prop_20;null;Preventive Maintenance;Furniture & Joinery Tightening;2026-07-20;On Hold;MNG_482;HKP_339;null
tsk_07087;prop_65;null;Preventive Maintenance;Furniture & Joinery Tightening;2026-07-20;Verified;MNG_482;HKP_243;null
tsk_07088;prop_15;book_2884;Cleaning;Check-out Cleaning;2026-07-21;Reported;GRO_390;HKP_293;
tsk_07089;prop_15;book_2884;Laundry;Linen Management;2026-07-21;Canceled;GRO_390;HKP_744;tsk_07088
tsk_07104;prop_2;book_2909;Cleaning;Check-out Cleaning;2026-07-21;Invoiced;GRO_831;HKP_339;
tsk_07105;prop_2;book_2909;Laundry;Linen Management;2026-07-21;Scheduled;GRO_831;HKP_744;tsk_07104
tsk_07106;prop_2;book_2909;Reactive Maintenance;Pest Control First Response;2026-07-21;Scheduled;GRO_831;HKP_627;null
tsk_07115;prop_67;book_2917;Cleaning;Check-out Cleaning;2026-07-21;Approved;GRO_612;HKP_599;
tsk_07116;prop_67;book_2917;Laundry;Linen Management;2026-07-21;On Hold;GRO_612;HKP_243;tsk_07115
tsk_07123;prop_31;book_2924;Cleaning;Check-out Cleaning;2026-07-21;In Progress;GRO_390;HKP_877;
tsk_07124;prop_31;book_2924;Laundry;Linen Management;2026-07-21;Canceled;GRO_390;HKP_877;tsk_07123
tsk_07137;prop_69;book_2907;Cleaning;Check-out Cleaning;2026-07-22;Scheduled;GRO_390;HKP_810;
tsk_07138;prop_69;book_2907;Laundry;Linen Management;2026-07-22;Reported;GRO_390;HKP_134;tsk_07137
tsk_07145;prop_1;book_2919;Cleaning;Check-out Cleaning;2026-07-22;Reported;GRO_254;MNT_683;
tsk_07146;prop_1;book_2919;Laundry;Linen Management;2026-07-22;Completed;GRO_254;HKP_627;tsk_07145
tsk_07151;prop_20;book_2929;Cleaning;Check-out Cleaning;2026-07-22;Invoiced;GRO_612;HKP_951;
tsk_07152;prop_20;book_2929;Laundry;Linen Management;2026-07-22;Scheduled;GRO_612;HKP_744;tsk_07151
tsk_07172;prop_35;book_2935;Cleaning;Check-out Cleaning;2026-07-23;On Hold;GRO_390;HKP_188;
tsk_07173;prop_35;book_2935;Laundry;Linen Management;2026-07-23;Invoiced;GRO_390;HKP_219;tsk_07172
tsk_07174;prop_40;book_2936;Cleaning;Check-out Cleaning;2026-07-23;Backlog;GRO_612;HKP_219;
tsk_07175;prop_40;book_2936;Laundry;Linen Management;2026-07-23;Completed;GRO_612;HKP_877;tsk_07174
tsk_07176;prop_43;book_2940;Cleaning;Check-out Cleaning;2026-07-23;Scheduled;GRO_390;HKP_640;
tsk_07177;prop_43;book_2940;Laundry;Linen Management;2026-07-23;Backlog;GRO_390;HKP_188;tsk_07176
tsk_07184;prop_61;book_2947;Cleaning;Check-out Cleaning;2026-07-23;Completed;GRO_612;HKP_134;
tsk_07185;prop_61;book_2947;Laundry;Linen Management;2026-07-23;Verified;GRO_612;HKP_134;tsk_07184
tsk_07209;prop_15;book_2973;Cleaning;Check-out Cleaning;2026-07-24;In Progress;GRO_390;HKP_339;
tsk_07210;prop_15;book_2973;Laundry;Linen Management;2026-07-24;Approved;GRO_390;HKP_293;tsk_07209
tsk_07229;prop_3;book_2945;Cleaning;Check-out Cleaning;2026-07-25;In Progress;GRO_254;HKP_865;
tsk_07230;prop_3;book_2945;Laundry;Linen Management;2026-07-25;Verified;GRO_254;HKP_518;tsk_07229
tsk_07231;prop_3;book_2945;Reactive Maintenance;Blinds & Curtains Urgent Repair;2026-07-25;In Progress;GRO_254;HKP_293;null
tsk_07234;prop_66;book_2955;Cleaning;Check-out Cleaning;2026-07-25;On Hold;GRO_831;HKP_466;
tsk_07235;prop_66;book_2955;Laundry;Linen Management;2026-07-25;Canceled;GRO_831;HKP_599;tsk_07234
tsk_07242;prop_42;book_2962;Cleaning;Check-out Cleaning;2026-07-25;Canceled;GRO_831;HKP_188;
tsk_07243;prop_42;book_2962;Laundry;Linen Management;2026-07-25;Completed;GRO_831;HKP_552;tsk_07242
tsk_07254;prop_67;book_2976;Cleaning;Check-out Cleaning;2026-07-25;Canceled;GRO_254;HKP_781;
tsk_07255;prop_67;book_2976;Laundry;Linen Management;2026-07-25;Completed;GRO_254;HKP_134;tsk_07254
tsk_07270;prop_1;book_2995;Cleaning;Check-out Cleaning;2026-07-25;Canceled;GRO_254;HKP_518;
tsk_07271;prop_1;book_2995;Laundry;Linen Management;2026-07-25;Scheduled;GRO_254;MNT_683;tsk_07270
tsk_07272;prop_1;book_2995;Reactive Maintenance;Blinds & Curtains Urgent Repair;2026-07-25;On Hold;GRO_254;HKP_865;null
tsk_07280;prop_43;null;Preventive Maintenance;Radiator Bleeding & Pressure Check;2026-07-25;Invoiced;MNG_482;MNT_904;null
tsk_07283;prop_65;book_2956;Cleaning;Check-out Cleaning;2026-07-26;On Hold;GRO_831;HKP_599;
tsk_07284;prop_65;book_2956;Laundry;Linen Management;2026-07-26;Canceled;GRO_831;HKP_466;tsk_07283
tsk_07291;prop_31;book_2981;Cleaning;Check-out Cleaning;2026-07-26;In Progress;GRO_831;MNT_904;
tsk_07292;prop_31;book_2981;Laundry;Linen Management;2026-07-26;Approved;GRO_831;HKP_188;tsk_07291
tsk_07293;prop_2;book_2982;Cleaning;Check-out Cleaning;2026-07-26;Completed;GRO_254;MNT_421;
tsk_07294;prop_2;book_2982;Laundry;Linen Management;2026-07-26;Invoiced;GRO_254;HKP_416;tsk_07293
tsk_07300;prop_69;book_2998;Cleaning;Check-out Cleaning;2026-07-26;Scheduled;GRO_254;MNT_157;
tsk_07301;prop_69;book_2998;Laundry;Linen Management;2026-07-26;Canceled;GRO_254;HKP_243;tsk_07300
tsk_07329;prop_20;book_2991;Cleaning;Check-out Cleaning;2026-07-27;Verified;GRO_254;HKP_627;
tsk_07330;prop_20;book_2991;Laundry;Linen Management;2026-07-27;Reported;GRO_254;HKP_416;tsk_07329
tsk_07339;prop_35;book_3011;Cleaning;Check-out Cleaning;2026-07-27;Verified;GRO_612;HKP_877;
tsk_07340;prop_35;book_3011;Laundry;Linen Management;2026-07-27;In Progress;GRO_612;HKP_305;tsk_07339
tsk_07343;prop_40;book_3015;Cleaning;Check-out Cleaning;2026-07-27;Invoiced;GRO_254;MNT_904;
tsk_07344;prop_40;book_3015;Laundry;Linen Management;2026-07-27;Canceled;GRO_254;HKP_188;tsk_07343
tsk_07345;prop_40;book_3015;Reactive Maintenance;Water Leak Troubleshooting;2026-07-27;Canceled;GRO_254;HKP_188;null
tsk_07348;prop_67;book_3036;Reactive Maintenance;TV & Smart Entertainment Reset;2026-07-27;Approved;GRO_831;HKP_781;null
tsk_07350;prop_31;book_3063;Reactive Maintenance;Bulb & Fuse Replacement;2026-07-27;Canceled;GRO_612;HKP_188;null
tsk_07352;prop_1;null;Preventive Maintenance;Safety Equipment Inspection;2026-07-27;Canceled;MNG_482;HKP_865;null
tsk_07364;prop_61;book_3012;Cleaning;Check-out Cleaning;2026-07-28;Invoiced;GRO_831;HKP_781;
tsk_07365;prop_61;book_3012;Laundry;Linen Management;2026-07-28;On Hold;GRO_831;MNT_157;tsk_07364
tsk_07394;prop_43;book_3003;Cleaning;Check-out Cleaning;2026-07-29;Completed;GRO_831;HKP_640;
tsk_07395;prop_43;book_3003;Laundry;Linen Management;2026-07-29;Invoiced;GRO_831;HKP_552;tsk_07394
tsk_07399;prop_15;book_3018;Cleaning;Check-out Cleaning;2026-07-29;Scheduled;GRO_612;MNT_421;
tsk_07400;prop_15;book_3018;Laundry;Linen Management;2026-07-29;Canceled;GRO_612;HKP_951;tsk_07399
tsk_07411;prop_42;book_3040;Cleaning;Check-out Cleaning;2026-07-29;In Progress;GRO_612;HKP_219;
tsk_07412;prop_42;book_3040;Laundry;Linen Management;2026-07-29;Verified;GRO_612;HKP_188;tsk_07411
tsk_07425;prop_69;book_3062;Cleaning;Check-out Cleaning;2026-07-29;Canceled;GRO_831;MNT_157;
tsk_07426;prop_69;book_3062;Laundry;Linen Management;2026-07-29;Approved;GRO_831;HKP_134;tsk_07425
tsk_07431;prop_66;book_3030;Cleaning;Check-out Cleaning;2026-07-30;Completed;GRO_254;HKP_134;
tsk_07432;prop_66;book_3030;Laundry;Linen Management;2026-07-30;In Progress;GRO_254;MNT_157;tsk_07431
tsk_07437;prop_3;book_3037;Cleaning;Check-out Cleaning;2026-07-30;Completed;GRO_390;HKP_744;
tsk_07438;prop_3;book_3037;Laundry;Linen Management;2026-07-30;Backlog;GRO_390;MNT_683;tsk_07437
tsk_07439;prop_1;book_3039;Cleaning;Check-out Cleaning;2026-07-30;Scheduled;GRO_831;HKP_339;
tsk_07440;prop_1;book_3039;Laundry;Linen Management;2026-07-30;In Progress;GRO_831;HKP_518;tsk_07439
tsk_07449;prop_31;book_3063;Cleaning;Check-out Cleaning;2026-07-30;On Hold;GRO_612;HKP_640;
tsk_07450;prop_31;book_3063;Laundry;Linen Management;2026-07-30;Completed;GRO_612;HKP_305;tsk_07449
tsk_07460;prop_40;book_3078;Cleaning;Check-out Cleaning;2026-07-30;Approved;GRO_254;HKP_305;
tsk_07461;prop_40;book_3078;Laundry;Linen Management;2026-07-30;Scheduled;GRO_254;MNT_904;tsk_07460
tsk_07465;prop_67;book_3036;Cleaning;Check-out Cleaning;2026-07-31;In Progress;GRO_831;MNT_157;
tsk_07466;prop_67;book_3036;Laundry;Linen Management;2026-07-31;Reported;GRO_831;HKP_922;tsk_07465
tsk_07479;prop_35;book_3074;Cleaning;Check-out Cleaning;2026-07-31;Backlog;GRO_254;HKP_640;
tsk_07480;prop_35;book_3074;Laundry;Linen Management;2026-07-31;Scheduled;GRO_254;MNT_904;tsk_07479
tsk_07498;prop_43;book_3098;Reactive Maintenance;Pest Control First Response;2026-07-31;Invoiced;GRO_831;HKP_703;null
tsk_07501;prop_65;book_3056;Cleaning;Check-out Cleaning;2026-08-01;Invoiced;GRO_390;HKP_922;
tsk_07502;prop_65;book_3056;Laundry;Linen Management;2026-08-01;In Progress;GRO_390;HKP_922;tsk_07501
tsk_07507;prop_2;book_3065;Cleaning;Check-out Cleaning;2026-08-01;Scheduled;GRO_612;HKP_744;
tsk_07508;prop_2;book_3065;Laundry;Linen Management;2026-08-01;Approved;GRO_612;MNT_683;tsk_07507
tsk_07513;prop_20;book_3070;Cleaning;Check-out Cleaning;2026-08-01;Reported;GRO_831;HKP_744;
tsk_07514;prop_20;book_3070;Laundry;Linen Management;2026-08-01;Scheduled;GRO_831;HKP_102;tsk_07513
tsk_07523;prop_61;book_3088;Cleaning;Check-out Cleaning;2026-08-01;Canceled;GRO_390;MNT_157;
tsk_07524;prop_61;book_3088;Laundry;Linen Management;2026-08-01;Reported;GRO_390;MNT_157;tsk_07523
tsk_07529;prop_69;book_3109;Cleaning;Check-out Cleaning;2026-08-01;Approved;GRO_831;HKP_134;
tsk_07530;prop_69;book_3109;Laundry;Linen Management;2026-08-01;Completed;GRO_831;HKP_922;tsk_07529
tsk_07533;prop_31;null;Preventive Maintenance;Radiator Bleeding & Pressure Check;2026-08-01;Verified;MNG_482;HKP_703;null
tsk_07552;prop_42;book_3104;Cleaning;Check-out Cleaning;2026-08-02;Invoiced;GRO_831;HKP_703;
tsk_07553;prop_42;book_3104;Laundry;Linen Management;2026-08-02;On Hold;GRO_831;HKP_703;tsk_07552
tsk_07555;prop_66;book_3113;Cleaning;Check-out Cleaning;2026-08-02;Invoiced;GRO_390;HKP_134;
tsk_07556;prop_66;book_3113;Laundry;Linen Management;2026-08-02;Approved;GRO_390;MNT_157;tsk_07555
tsk_07559;prop_3;book_3120;Cleaning;Check-out Cleaning;2026-08-02;Completed;GRO_390;HKP_102;
tsk_07560;prop_3;book_3120;Laundry;Linen Management;2026-08-02;Reported;GRO_390;HKP_518;tsk_07559
tsk_07561;prop_3;book_3120;Reactive Maintenance;Minor Plumbing Unclogging;2026-08-02;Scheduled;GRO_390;HKP_293;null
tsk_07570;prop_61;null;Preventive Maintenance;Radiator Bleeding & Pressure Check;2026-08-02;Approved;MNG_482;HKP_922;null
tsk_07571;prop_69;null;Preventive Maintenance;Drain De-scaling & Chemical Treatment;2026-08-02;Invoiced;MNG_482;HKP_810;null
tsk_07587;prop_1;book_3123;Cleaning;Check-out Cleaning;2026-08-03;Scheduled;GRO_390;MNT_683;
tsk_07588;prop_1;book_3123;Laundry;Linen Management;2026-08-03;Completed;GRO_390;HKP_744;tsk_07587
tsk_07589;prop_31;book_3127;Cleaning;Check-out Cleaning;2026-08-03;Approved;GRO_831;HKP_305;
tsk_07590;prop_31;book_3127;Laundry;Linen Management;2026-08-03;Invoiced;GRO_831;HKP_305;tsk_07589
tsk_07593;prop_40;book_3129;Cleaning;Check-out Cleaning;2026-08-03;Completed;GRO_612;HKP_640;
tsk_07594;prop_40;book_3129;Laundry;Linen Management;2026-08-03;Invoiced;GRO_612;HKP_877;tsk_07593
tsk_07597;prop_35;book_3138;Cleaning;Check-out Cleaning;2026-08-03;Reported;GRO_254;HKP_305;
tsk_07598;prop_35;book_3138;Laundry;Linen Management;2026-08-03;Completed;GRO_254;HKP_703;tsk_07597
tsk_07604;prop_35;book_3180;Reactive Maintenance;TV & Smart Entertainment Reset;2026-08-03;Approved;GRO_612;HKP_305;null
tsk_07611;prop_43;book_3098;Cleaning;Check-out Cleaning;2026-08-04;On Hold;GRO_831;HKP_703;
tsk_07612;prop_43;book_3098;Laundry;Linen Management;2026-08-04;Completed;GRO_831;HKP_640;tsk_07611
tsk_07615;prop_15;book_3100;Cleaning;Check-out Cleaning;2026-08-04;Scheduled;GRO_254;HKP_102;
tsk_07616;prop_15;book_3100;Laundry;Linen Management;2026-08-04;Backlog;GRO_254;HKP_951;tsk_07615
tsk_07639;prop_67;book_3137;Reactive Maintenance;Bulb & Fuse Replacement;2026-08-04;Invoiced;GRO_254;HKP_781;null
tsk_07646;prop_65;book_3149;Reactive Maintenance;Wi-Fi & Network Connectivity Restore;2026-08-04;Reported;GRO_390;HKP_810;null
tsk_07652;prop_2;book_3158;Reactive Maintenance;Appliance Failure Check;2026-08-04;Scheduled;GRO_254;HKP_518;null
tsk_07656;prop_1;book_3179;Reactive Maintenance;Water Leak Troubleshooting;2026-08-04;Backlog;GRO_390;HKP_518;null
tsk_07676;prop_65;book_3149;Cleaning;Check-out Cleaning;2026-08-05;Completed;GRO_390;HKP_599;
tsk_07677;prop_65;book_3149;Laundry;Linen Management;2026-08-05;On Hold;GRO_390;HKP_922;tsk_07676
tsk_07680;prop_61;book_3155;Cleaning;Check-out Cleaning;2026-08-05;On Hold;GRO_390;HKP_134;
tsk_07681;prop_61;book_3155;Laundry;Linen Management;2026-08-05;Backlog;GRO_390;HKP_599;tsk_07680
tsk_07684;prop_69;book_3157;Cleaning;Check-out Cleaning;2026-08-05;Reported;GRO_390;HKP_134;
tsk_07685;prop_69;book_3157;Laundry;Linen Management;2026-08-05;Verified;GRO_390;HKP_922;tsk_07684
tsk_07686;prop_2;book_3158;Cleaning;Check-out Cleaning;2026-08-05;Canceled;GRO_254;HKP_102;
tsk_07687;prop_2;book_3158;Laundry;Linen Management;2026-08-05;Completed;GRO_254;HKP_744;tsk_07686
tsk_07694;prop_40;book_3187;Reactive Maintenance;Bulb & Fuse Replacement;2026-08-05;On Hold;GRO_390;HKP_552;null
tsk_07697;prop_3;null;Preventive Maintenance;Seasonal HVAC Filter Cleaning;2026-08-05;Verified;MNG_482;HKP_339;null
tsk_07698;prop_42;null;Preventive Maintenance;Battery Replacement Cycle;2026-08-05;Invoiced;MNG_482;HKP_188;null
tsk_07704;prop_67;book_3137;Cleaning;Check-out Cleaning;2026-08-06;On Hold;GRO_254;HKP_781;
tsk_07705;prop_67;book_3137;Laundry;Linen Management;2026-08-06;Backlog;GRO_254;HKP_599;tsk_07704
tsk_07716;prop_66;book_3162;Cleaning;Check-out Cleaning;2026-08-06;Invoiced;GRO_390;HKP_466;
tsk_07717;prop_66;book_3162;Laundry;Linen Management;2026-08-06;On Hold;GRO_390;HKP_781;tsk_07716
tsk_07724;prop_1;book_3179;Cleaning;Check-out Cleaning;2026-08-06;On Hold;GRO_390;HKP_518;
tsk_07725;prop_1;book_3179;Laundry;Linen Management;2026-08-06;Completed;GRO_390;HKP_339;tsk_07724
tsk_07730;prop_1;null;Preventive Maintenance;Window & Balcony Safety Audit;2026-08-06;Canceled;MNG_482;HKP_744;null
tsk_07731;prop_3;null;Preventive Maintenance;Drain De-scaling & Chemical Treatment;2026-08-06;Invoiced;MNG_482;HKP_518;null
tsk_07734;prop_35;null;Preventive Maintenance;Battery Replacement Cycle;2026-08-06;Approved;MNG_482;MNT_904;null
tsk_07737;prop_69;null;Preventive Maintenance;Radiator Bleeding & Pressure Check;2026-08-06;Canceled;MNG_482;HKP_243;null
tsk_07738;prop_20;book_3150;Cleaning;Check-out Cleaning;2026-08-07;Reported;GRO_254;HKP_339;
tsk_07739;prop_20;book_3150;Laundry;Linen Management;2026-08-07;Approved;GRO_254;HKP_951;tsk_07738
tsk_07746;prop_35;book_3180;Cleaning;Check-out Cleaning;2026-08-07;Completed;GRO_612;HKP_703;
tsk_07747;prop_35;book_3180;Laundry;Linen Management;2026-08-07;In Progress;GRO_612;HKP_188;tsk_07746
tsk_07748;prop_31;book_3183;Cleaning;Check-out Cleaning;2026-08-07;Reported;GRO_612;HKP_188;
tsk_07749;prop_31;book_3183;Laundry;Linen Management;2026-08-07;Scheduled;GRO_612;HKP_305;tsk_07748
tsk_07762;prop_69;book_3221;Reactive Maintenance;Minor Plumbing Unclogging;2026-08-07;In Progress;GRO_831;HKP_599;null
tsk_07764;prop_1;book_3234;Reactive Maintenance;Appliance Failure Check;2026-08-07;Scheduled;GRO_254;HKP_102;null
tsk_07767;prop_40;null;Preventive Maintenance;Radiator Bleeding & Pressure Check;2026-08-07;Canceled;MNG_482;HKP_640;null
tsk_07773;prop_67;null;Preventive Maintenance;Safety Equipment Inspection;2026-08-07;In Progress;MNG_482;MNT_157;null
tsk_07778;prop_3;book_3170;Cleaning;Check-out Cleaning;2026-08-08;In Progress;GRO_254;HKP_339;
tsk_07779;prop_3;book_3170;Laundry;Linen Management;2026-08-08;Backlog;GRO_254;HKP_339;tsk_07778
tsk_07780;prop_42;book_3171;Cleaning;Check-out Cleaning;2026-08-08;Scheduled;GRO_390;HKP_305;
tsk_07781;prop_42;book_3171;Laundry;Linen Management;2026-08-08;Reported;GRO_390;HKP_640;tsk_07780
tsk_07823;prop_40;book_3187;Cleaning;Check-out Cleaning;2026-08-09;Backlog;GRO_390;MNT_904;
tsk_07824;prop_40;book_3187;Laundry;Linen Management;2026-08-09;Approved;GRO_390;HKP_188;tsk_07823
tsk_07827;prop_43;book_3191;Cleaning;Check-out Cleaning;2026-08-09;Approved;GRO_254;HKP_188;
tsk_07828;prop_43;book_3191;Laundry;Linen Management;2026-08-09;Verified;GRO_254;HKP_305;tsk_07827
tsk_07829;prop_15;book_3194;Cleaning;Check-out Cleaning;2026-08-09;In Progress;GRO_612;HKP_416;
tsk_07830;prop_15;book_3194;Laundry;Linen Management;2026-08-09;In Progress;GRO_612;HKP_951;tsk_07829
tsk_07843;prop_69;book_3221;Cleaning;Check-out Cleaning;2026-08-09;Completed;GRO_831;HKP_922;
tsk_07844;prop_69;book_3221;Laundry;Linen Management;2026-08-09;Verified;GRO_831;HKP_134;tsk_07843
tsk_07845;prop_66;book_3227;Cleaning;Check-out Cleaning;2026-08-09;Reported;GRO_831;HKP_922;
tsk_07846;prop_66;book_3227;Laundry;Linen Management;2026-08-09;Verified;GRO_831;MNT_157;tsk_07845
tsk_07850;prop_43;null;Preventive Maintenance;Safety Equipment Inspection;2026-08-09;Completed;MNG_482;HKP_640;null
tsk_07876;prop_1;book_3234;Cleaning;Check-out Cleaning;2026-08-10;Invoiced;GRO_254;HKP_416;
tsk_07877;prop_1;book_3234;Laundry;Linen Management;2026-08-10;Invoiced;GRO_254;HKP_518;tsk_07876
tsk_07883;prop_15;null;Preventive Maintenance;Seasonal HVAC Filter Cleaning;2026-08-10;Approved;MNG_482;HKP_293;null
tsk_07885;prop_65;book_3213;Cleaning;Check-out Cleaning;2026-08-11;Reported;GRO_254;MNT_157;
tsk_07886;prop_65;book_3213;Laundry;Linen Management;2026-08-11;In Progress;GRO_254;HKP_922;tsk_07885
tsk_07887;prop_61;book_3218;Cleaning;Check-out Cleaning;2026-08-11;Verified;GRO_612;HKP_781;
tsk_07888;prop_61;book_3218;Laundry;Linen Management;2026-08-11;Invoiced;GRO_612;HKP_243;tsk_07887
tsk_07891;prop_2;book_3222;Cleaning;Check-out Cleaning;2026-08-11;On Hold;GRO_390;HKP_518;
tsk_07892;prop_2;book_3222;Laundry;Linen Management;2026-08-11;Invoiced;GRO_390;HKP_339;tsk_07891
tsk_07899;prop_67;book_3232;Cleaning;Check-out Cleaning;2026-08-11;Backlog;GRO_831;HKP_134;
tsk_07900;prop_67;book_3232;Laundry;Linen Management;2026-08-11;Reported;GRO_831;MNT_157;tsk_07899
tsk_07901;prop_67;book_3232;Reactive Maintenance;Emergency Lockout Resolution;2026-08-11;Completed;GRO_831;HKP_781;null
tsk_07908;prop_35;book_3245;Cleaning;Check-out Cleaning;2026-08-11;Canceled;GRO_390;MNT_904;
tsk_07909;prop_35;book_3245;Laundry;Linen Management;2026-08-11;Completed;GRO_390;HKP_552;tsk_07908
tsk_07915;prop_15;book_3272;Reactive Maintenance;Appliance Failure Check;2026-08-11;Approved;GRO_612;HKP_416;null
tsk_07917;prop_2;null;Preventive Maintenance;Seasonal HVAC Filter Cleaning;2026-08-11;Verified;MNG_482;HKP_293;null
tsk_07922;prop_65;null;Preventive Maintenance;Drain De-scaling & Chemical Treatment;2026-08-11;Approved;MNG_482;HKP_134;null
tsk_07923;prop_66;null;Preventive Maintenance;Furniture & Joinery Tightening;2026-08-11;Verified;MNG_482;HKP_134;null
tsk_07932;prop_31;book_3248;Cleaning;Check-out Cleaning;2026-08-12;On Hold;GRO_254;MNT_904;
tsk_07933;prop_31;book_3248;Laundry;Linen Management;2026-08-12;In Progress;GRO_254;HKP_552;tsk_07932
tsk_07937;prop_42;book_3262;Cleaning;Check-out Cleaning;2026-08-12;In Progress;GRO_831;HKP_552;
tsk_07938;prop_42;book_3262;Laundry;Linen Management;2026-08-12;Approved;GRO_831;HKP_552;tsk_07937
tsk_07939;prop_42;book_3262;Reactive Maintenance;Minor Plumbing Unclogging;2026-08-12;Verified;GRO_831;HKP_640;null
tsk_07946;prop_43;book_3269;Cleaning;Check-out Cleaning;2026-08-12;Approved;GRO_254;HKP_703;
tsk_07947;prop_43;book_3269;Laundry;Linen Management;2026-08-12;On Hold;GRO_254;HKP_305;tsk_07946
tsk_07948;prop_40;book_3284;Cleaning;Check-out Cleaning;2026-08-12;Completed;GRO_612;HKP_552;
tsk_07949;prop_40;book_3284;Laundry;Linen Management;2026-08-12;Approved;GRO_612;HKP_305;tsk_07948
tsk_07954;prop_20;book_3241;Cleaning;Check-out Cleaning;2026-08-13;Scheduled;GRO_254;HKP_627;
tsk_07955;prop_20;book_3241;Laundry;Linen Management;2026-08-13;Scheduled;GRO_254;HKP_518;tsk_07954
tsk_07965;prop_3;book_3259;Cleaning;Check-out Cleaning;2026-08-13;Backlog;GRO_831;HKP_865;
tsk_07966;prop_3;book_3259;Laundry;Linen Management;2026-08-13;Canceled;GRO_831;HKP_627;tsk_07965
tsk_07973;prop_66;book_3270;Cleaning;Check-out Cleaning;2026-08-13;On Hold;GRO_390;MNT_157;
tsk_07974;prop_66;book_3270;Laundry;Linen Management;2026-08-13;Completed;GRO_390;HKP_466;tsk_07973
tsk_07977;prop_15;book_3272;Cleaning;Check-out Cleaning;2026-08-13;Approved;GRO_612;MNT_683;
tsk_07978;prop_15;book_3272;Laundry;Linen Management;2026-08-13;On Hold;GRO_612;HKP_102;tsk_07977
tsk_07987;prop_69;book_3281;Cleaning;Check-out Cleaning;2026-08-13;Scheduled;GRO_612;HKP_922;
tsk_07988;prop_69;book_3281;Laundry;Linen Management;2026-08-13;Approved;GRO_612;HKP_134;tsk_07987
tsk_07998;prop_31;book_3319;Reactive Maintenance;Bulb & Fuse Replacement;2026-08-13;Backlog;GRO_612;HKP_640;null
tsk_08037;prop_2;book_3310;Cleaning;Check-out Cleaning;2026-08-14;Backlog;GRO_831;HKP_865;
tsk_08038;prop_2;book_3310;Laundry;Linen Management;2026-08-14;Completed;GRO_831;HKP_518;tsk_08037
tsk_08044;prop_40;book_3324;Reactive Maintenance;TV & Smart Entertainment Reset;2026-08-14;Approved;GRO_390;HKP_188;null
tsk_08046;prop_61;null;Preventive Maintenance;Window & Balcony Safety Audit;2026-08-14;Canceled;MNG_482;HKP_781;null
tsk_08047;prop_66;null;Preventive Maintenance;Wall Paint & Baseboard Touch-up;2026-08-14;Approved;MNG_482;HKP_243;null
tsk_08062;prop_61;book_3307;Cleaning;Check-out Cleaning;2026-08-15;In Progress;GRO_254;HKP_922;
tsk_08063;prop_61;book_3307;Laundry;Linen Management;2026-08-15;Approved;GRO_254;HKP_781;tsk_08062
tsk_08066;prop_42;book_3315;Cleaning;Check-out Cleaning;2026-08-15;Canceled;GRO_612;HKP_219;
tsk_08067;prop_42;book_3315;Laundry;Linen Management;2026-08-15;Invoiced;GRO_612;HKP_640;tsk_08066
tsk_08078;prop_20;null;Preventive Maintenance;Drain De-scaling & Chemical Treatment;2026-08-15;Reported;MNG_482;HKP_293;null
tsk_08080;prop_1;book_3293;Cleaning;Check-out Cleaning;2026-08-16;In Progress;GRO_390;HKP_865;
tsk_08081;prop_1;book_3293;Laundry;Linen Management;2026-08-16;Scheduled;GRO_390;HKP_339;tsk_08080
tsk_08082;prop_65;book_3301;Cleaning;Check-out Cleaning;2026-08-16;Scheduled;GRO_254;HKP_599;
tsk_08083;prop_65;book_3301;Laundry;Linen Management;2026-08-16;On Hold;GRO_254;HKP_922;tsk_08082
tsk_08086;prop_35;book_3306;Cleaning;Check-out Cleaning;2026-08-16;Scheduled;GRO_390;HKP_188;
tsk_08087;prop_35;book_3306;Laundry;Linen Management;2026-08-16;Verified;GRO_390;HKP_877;tsk_08086
tsk_08092;prop_43;book_3314;Cleaning;Check-out Cleaning;2026-08-16;Backlog;GRO_831;HKP_219;
tsk_08093;prop_43;book_3314;Laundry;Linen Management;2026-08-16;Completed;GRO_831;HKP_640;tsk_08092
tsk_08094;prop_31;book_3319;Cleaning;Check-out Cleaning;2026-08-16;Backlog;GRO_612;HKP_219;
tsk_08095;prop_31;book_3319;Laundry;Linen Management;2026-08-16;Invoiced;GRO_612;HKP_877;tsk_08094
tsk_08096;prop_40;book_3324;Cleaning;Check-out Cleaning;2026-08-16;Backlog;GRO_390;MNT_904;
tsk_08097;prop_40;book_3324;Laundry;Linen Management;2026-08-16;Approved;GRO_390;HKP_219;tsk_08096
tsk_08106;prop_3;book_3335;Cleaning;Check-out Cleaning;2026-08-16;Approved;GRO_831;HKP_865;
tsk_08107;prop_3;book_3335;Laundry;Linen Management;2026-08-16;Invoiced;GRO_831;HKP_102;tsk_08106
tsk_08108;prop_3;book_3335;Reactive Maintenance;Pest Control First Response;2026-08-16;On Hold;GRO_831;HKP_518;null
tsk_08116;prop_67;null;Preventive Maintenance;Window & Balcony Safety Audit;2026-08-16;Backlog;MNG_482;HKP_243;null
tsk_08121;prop_67;book_3304;Cleaning;Check-out Cleaning;2026-08-17;Canceled;GRO_831;HKP_810;
tsk_08122;prop_67;book_3304;Laundry;Linen Management;2026-08-17;In Progress;GRO_831;MNT_157;tsk_08121
tsk_08138;prop_69;book_3341;Cleaning;Check-out Cleaning;2026-08-17;Verified;GRO_612;HKP_922;
tsk_08139;prop_69;book_3341;Laundry;Linen Management;2026-08-17;Scheduled;GRO_612;HKP_599;tsk_08138
tsk_08154;prop_42;null;Preventive Maintenance;Window & Balcony Safety Audit;2026-08-17;Approved;MNG_482;HKP_640;null
tsk_08158;prop_66;book_3327;Cleaning;Check-out Cleaning;2026-08-18;Backlog;GRO_831;HKP_922;
tsk_08159;prop_66;book_3327;Laundry;Linen Management;2026-08-18;Verified;GRO_831;HKP_134;tsk_08158
tsk_08160;prop_15;book_3332;Cleaning;Check-out Cleaning;2026-08-18;In Progress;GRO_254;HKP_951;
tsk_08161;prop_15;book_3332;Laundry;Linen Management;2026-08-18;Reported;GRO_254;HKP_102;tsk_08160
tsk_08181;prop_2;book_3362;Cleaning;Check-out Cleaning;2026-08-18;Backlog;GRO_831;HKP_744;
tsk_08182;prop_2;book_3362;Laundry;Linen Management;2026-08-18;On Hold;GRO_831;MNT_683;tsk_08181
tsk_08192;prop_20;book_3331;Cleaning;Check-out Cleaning;2026-08-19;On Hold;GRO_831;HKP_416;
tsk_08193;prop_20;book_3331;Laundry;Linen Management;2026-08-19;Invoiced;GRO_831;HKP_865;tsk_08192
tsk_08214;prop_35;book_3390;Reactive Maintenance;Bulb & Fuse Replacement;2026-08-19;In Progress;GRO_254;HKP_219;null
tsk_08217;prop_31;book_3392;Cleaning;Check-out Cleaning;2026-08-19;Backlog;GRO_831;HKP_219;
tsk_08218;prop_31;book_3392;Laundry;Linen Management;2026-08-19;Reported;GRO_831;HKP_877;tsk_08217
tsk_08258;prop_15;book_3416;Reactive Maintenance;TV & Smart Entertainment Reset;2026-08-20;Approved;GRO_254;HKP_951;null
tsk_08261;prop_20;null;Preventive Maintenance;Safety Equipment Inspection;2026-08-20;Approved;MNG_482;HKP_416;null
tsk_08265;prop_42;book_3371;Cleaning;Check-out Cleaning;2026-08-21;Invoiced;GRO_254;HKP_552;
tsk_08266;prop_42;book_3371;Laundry;Linen Management;2026-08-21;Reported;GRO_254;HKP_219;tsk_08265
tsk_08267;prop_61;book_3374;Cleaning;Check-out Cleaning;2026-08-21;Backlog;GRO_612;HKP_922;
tsk_08268;prop_61;book_3374;Laundry;Linen Management;2026-08-21;Canceled;GRO_612;HKP_599;tsk_08267
tsk_08271;prop_65;book_3384;Cleaning;Check-out Cleaning;2026-08-21;Approved;GRO_831;HKP_134;
tsk_08272;prop_65;book_3384;Laundry;Linen Management;2026-08-21;Scheduled;GRO_831;HKP_466;tsk_08271
tsk_08273;prop_3;book_3387;Cleaning;Check-out Cleaning;2026-08-21;On Hold;GRO_831;HKP_102;
tsk_08274;prop_3;book_3387;Laundry;Linen Management;2026-08-21;Canceled;GRO_831;HKP_416;tsk_08273
tsk_08275;prop_1;book_3389;Cleaning;Check-out Cleaning;2026-08-21;Completed;GRO_612;HKP_951;
tsk_08276;prop_1;book_3389;Laundry;Linen Management;2026-08-21;On Hold;GRO_612;HKP_416;tsk_08275
tsk_08277;prop_35;book_3390;Cleaning;Check-out Cleaning;2026-08-21;Scheduled;GRO_254;HKP_552;
tsk_08278;prop_35;book_3390;Laundry;Linen Management;2026-08-21;Invoiced;GRO_254;HKP_219;tsk_08277
tsk_08285;prop_67;book_3399;Cleaning;Check-out Cleaning;2026-08-21;Scheduled;GRO_390;HKP_599;
tsk_08286;prop_67;book_3399;Laundry;Linen Management;2026-08-21;Backlog;GRO_390;HKP_599;tsk_08285
tsk_08314;prop_43;book_3380;Cleaning;Check-out Cleaning;2026-08-22;Reported;GRO_390;MNT_904;
tsk_08315;prop_43;book_3380;Laundry;Linen Management;2026-08-22;Completed;GRO_390;HKP_877;tsk_08314
tsk_08318;prop_40;book_3394;Cleaning;Check-out Cleaning;2026-08-22;Completed;GRO_390;HKP_877;
tsk_08319;prop_40;book_3394;Laundry;Linen Management;2026-08-22;Canceled;GRO_390;HKP_703;tsk_08318
tsk_08324;prop_69;book_3405;Cleaning;Check-out Cleaning;2026-08-22;Canceled;GRO_831;HKP_134;
tsk_08325;prop_69;book_3405;Laundry;Linen Management;2026-08-22;Scheduled;GRO_831;HKP_781;tsk_08324
tsk_08328;prop_15;book_3416;Cleaning;Check-out Cleaning;2026-08-22;Backlog;GRO_254;HKP_744;
tsk_08329;prop_15;book_3416;Laundry;Linen Management;2026-08-22;Approved;GRO_254;HKP_951;tsk_08328
tsk_08332;prop_2;book_3421;Reactive Maintenance;Appliance Failure Check;2026-08-22;Scheduled;GRO_390;HKP_416;null
tsk_08335;prop_20;book_3428;Cleaning;Check-out Cleaning;2026-08-22;Scheduled;GRO_612;HKP_518;
tsk_08336;prop_20;book_3428;Laundry;Linen Management;2026-08-22;On Hold;GRO_612;HKP_627;tsk_08335
tsk_08346;prop_66;book_3414;Cleaning;Check-out Cleaning;2026-08-23;Reported;GRO_612;MNT_157;
tsk_08347;prop_66;book_3414;Laundry;Linen Management;2026-08-23;On Hold;GRO_612;HKP_599;tsk_08346
tsk_08369;prop_2;book_3421;Cleaning;Check-out Cleaning;2026-08-24;Backlog;GRO_390;HKP_627;
tsk_08370;prop_2;book_3421;Laundry;Linen Management;2026-08-24;On Hold;GRO_390;HKP_744;tsk_08369
tsk_08380;prop_31;book_3438;Cleaning;Check-out Cleaning;2026-08-24;Completed;GRO_831;HKP_703;
tsk_08381;prop_31;book_3438;Laundry;Linen Management;2026-08-24;Backlog;GRO_831;HKP_305;tsk_08380
tsk_08382;prop_31;book_3438;Reactive Maintenance;Appliance Failure Check;2026-08-24;Reported;GRO_831;HKP_305;null
tsk_08399;prop_42;book_3468;Reactive Maintenance;Water Leak Troubleshooting;2026-08-24;Backlog;GRO_390;HKP_188;null
tsk_08400;prop_35;book_3469;Cleaning;Check-out Cleaning;2026-08-24;Backlog;GRO_254;HKP_305;
tsk_08401;prop_35;book_3469;Laundry;Linen Management;2026-08-24;Scheduled;GRO_254;HKP_188;tsk_08400
tsk_08425;prop_3;book_3463;Cleaning;Check-out Cleaning;2026-08-25;In Progress;GRO_390;HKP_518;
tsk_08426;prop_3;book_3463;Laundry;Linen Management;2026-08-25;Reported;GRO_390;HKP_951;tsk_08425
tsk_08430;prop_1;book_3467;Cleaning;Check-out Cleaning;2026-08-25;Completed;GRO_390;HKP_518;
tsk_08431;prop_1;book_3467;Laundry;Linen Management;2026-08-25;Verified;GRO_390;HKP_627;tsk_08430
tsk_08440;prop_15;null;Preventive Maintenance;Furniture & Joinery Tightening;2026-08-25;Reported;MNG_482;HKP_744;null
tsk_08452;prop_65;book_3459;Cleaning;Check-out Cleaning;2026-08-26;Scheduled;GRO_831;HKP_781;
tsk_08453;prop_65;book_3459;Laundry;Linen Management;2026-08-26;Invoiced;GRO_831;HKP_922;tsk_08452
tsk_08456;prop_67;book_3462;Cleaning;Check-out Cleaning;2026-08-26;Reported;GRO_390;HKP_781;
tsk_08457;prop_67;book_3462;Laundry;Linen Management;2026-08-26;Verified;GRO_390;HKP_466;tsk_08456
tsk_08462;prop_42;book_3468;Cleaning;Check-out Cleaning;2026-08-26;Invoiced;GRO_390;HKP_188;
tsk_08463;prop_42;book_3468;Laundry;Linen Management;2026-08-26;Canceled;GRO_390;MNT_904;tsk_08462
tsk_08464;prop_61;book_3470;Cleaning;Check-out Cleaning;2026-08-26;Verified;GRO_254;HKP_781;
tsk_08465;prop_61;book_3470;Laundry;Linen Management;2026-08-26;Completed;GRO_254;HKP_922;tsk_08464
tsk_08474;prop_20;book_3482;Cleaning;Check-out Cleaning;2026-08-26;Approved;GRO_612;HKP_518;
tsk_08475;prop_20;book_3482;Laundry;Linen Management;2026-08-26;On Hold;GRO_612;MNT_683;tsk_08474
tsk_08482;prop_40;book_3490;Cleaning;Check-out Cleaning;2026-08-26;In Progress;GRO_254;HKP_188;
tsk_08483;prop_40;book_3490;Laundry;Linen Management;2026-08-26;Reported;GRO_254;HKP_640;tsk_08482
tsk_08491;prop_1;book_3528;Reactive Maintenance;Appliance Failure Check;2026-08-26;In Progress;GRO_254;HKP_416;null
tsk_08493;prop_2;null;Preventive Maintenance;Window & Balcony Safety Audit;2026-08-26;Completed;MNG_482;HKP_627;null
tsk_08501;prop_15;book_3483;Cleaning;Check-out Cleaning;2026-08-27;On Hold;GRO_612;HKP_744;
tsk_08502;prop_15;book_3483;Laundry;Linen Management;2026-08-27;Canceled;GRO_612;HKP_339;tsk_08501
tsk_08503;prop_69;book_3487;Cleaning;Check-out Cleaning;2026-08-27;Invoiced;GRO_390;HKP_243;
tsk_08504;prop_69;book_3487;Laundry;Linen Management;2026-08-27;Approved;GRO_390;HKP_243;tsk_08503
tsk_08518;prop_31;book_3512;Cleaning;Check-out Cleaning;2026-08-27;Canceled;GRO_254;HKP_305;
tsk_08519;prop_31;book_3512;Laundry;Linen Management;2026-08-27;Verified;GRO_254;HKP_640;tsk_08518
tsk_08534;prop_43;book_3480;Cleaning;Check-out Cleaning;2026-08-28;In Progress;GRO_390;HKP_877;
tsk_08535;prop_43;book_3480;Laundry;Linen Management;2026-08-28;Approved;GRO_390;HKP_188;tsk_08534
tsk_08540;prop_66;book_3492;Cleaning;Check-out Cleaning;2026-08-28;Completed;GRO_831;HKP_134;
tsk_08541;prop_66;book_3492;Laundry;Linen Management;2026-08-28;Approved;GRO_831;HKP_599;tsk_08540
tsk_08553;prop_2;book_3515;Cleaning;Check-out Cleaning;2026-08-28;In Progress;GRO_831;HKP_627;
tsk_08554;prop_2;book_3515;Laundry;Linen Management;2026-08-28;Scheduled;GRO_831;HKP_416;tsk_08553
tsk_08573;prop_35;book_3507;Cleaning;Check-out Cleaning;2026-08-29;On Hold;GRO_831;HKP_188;
tsk_08574;prop_35;book_3507;Laundry;Linen Management;2026-08-29;Invoiced;GRO_831;HKP_305;tsk_08573
tsk_08585;prop_3;book_3525;Cleaning;Check-out Cleaning;2026-08-29;Approved;GRO_831;HKP_416;
tsk_08586;prop_3;book_3525;Laundry;Linen Management;2026-08-29;Verified;GRO_831;MNT_421;tsk_08585
tsk_08589;prop_1;book_3528;Cleaning;Check-out Cleaning;2026-08-29;Canceled;GRO_254;HKP_339;
tsk_08590;prop_1;book_3528;Laundry;Linen Management;2026-08-29;Canceled;GRO_254;HKP_102;tsk_08589
tsk_08599;prop_42;book_3546;Cleaning;Check-out Cleaning;2026-08-29;Completed;GRO_612;HKP_640;
tsk_08600;prop_42;book_3546;Laundry;Linen Management;2026-08-29;Backlog;GRO_612;HKP_305;tsk_08599
tsk_08605;prop_69;book_3562;Reactive Maintenance;Appliance Failure Check;2026-08-29;Scheduled;GRO_612;HKP_466;null
tsk_08614;prop_20;book_3538;Cleaning;Check-out Cleaning;2026-08-30;Canceled;GRO_831;MNT_683;
tsk_08615;prop_20;book_3538;Laundry;Linen Management;2026-08-30;In Progress;GRO_831;HKP_339;tsk_08614
tsk_08616;prop_67;book_3542;Cleaning;Check-out Cleaning;2026-08-30;Completed;GRO_254;HKP_466;
tsk_08617;prop_67;book_3542;Laundry;Linen Management;2026-08-30;Verified;GRO_254;HKP_466;tsk_08616
tsk_08620;prop_61;book_3548;Cleaning;Check-out Cleaning;2026-08-30;Invoiced;GRO_831;HKP_922;
tsk_08621;prop_61;book_3548;Laundry;Linen Management;2026-08-30;Canceled;GRO_831;HKP_599;tsk_08620
tsk_08627;prop_15;book_3557;Cleaning;Check-out Cleaning;2026-08-30;Verified;GRO_390;HKP_102;
tsk_08628;prop_15;book_3557;Laundry;Linen Management;2026-08-30;Canceled;GRO_390;HKP_865;tsk_08627
tsk_08646;prop_40;book_3553;Reactive Maintenance;TV & Smart Entertainment Reset;2026-08-31;In Progress;GRO_254;HKP_877;null
tsk_08653;prop_31;book_3563;Cleaning;Check-out Cleaning;2026-08-31;Canceled;GRO_390;HKP_640;
tsk_08654;prop_31;book_3563;Laundry;Linen Management;2026-08-31;On Hold;GRO_390;HKP_188;tsk_08653
tsk_08662;prop_15;book_3606;Reactive Maintenance;Pest Control First Response;2026-08-31;Backlog;GRO_612;HKP_293;null
tsk_08664;prop_65;book_3537;Cleaning;Check-out Cleaning;2026-09-01;Approved;GRO_831;HKP_243;
tsk_08665;prop_65;book_3537;Laundry;Linen Management;2026-09-01;On Hold;GRO_831;HKP_922;tsk_08664
tsk_08676;prop_40;book_3553;Cleaning;Check-out Cleaning;2026-09-01;Backlog;GRO_254;MNT_904;
tsk_08677;prop_40;book_3553;Laundry;Linen Management;2026-09-01;Invoiced;GRO_254;HKP_552;tsk_08676
tsk_08680;prop_69;book_3562;Cleaning;Check-out Cleaning;2026-09-01;Scheduled;GRO_612;HKP_599;
tsk_08681;prop_69;book_3562;Laundry;Linen Management;2026-09-01;Verified;GRO_612;HKP_243;tsk_08680
tsk_08692;prop_3;book_3589;Cleaning;Check-out Cleaning;2026-09-01;Verified;GRO_390;HKP_744;
tsk_08693;prop_3;book_3589;Laundry;Linen Management;2026-09-01;On Hold;GRO_390;HKP_951;tsk_08692
tsk_08706;prop_65;null;Preventive Maintenance;Drain De-scaling & Chemical Treatment;2026-09-01;Reported;MNG_482;MNT_157;null
tsk_08711;prop_43;book_3572;Cleaning;Check-out Cleaning;2026-09-02;Scheduled;GRO_612;HKP_188;
tsk_08712;prop_43;book_3572;Laundry;Linen Management;2026-09-02;Scheduled;GRO_612;HKP_188;tsk_08711
tsk_08722;prop_1;book_3592;Cleaning;Check-out Cleaning;2026-09-02;Canceled;GRO_612;MNT_421;
tsk_08723;prop_1;book_3592;Laundry;Linen Management;2026-09-02;On Hold;GRO_612;MNT_421;tsk_08722
tsk_08724;prop_42;book_3593;Cleaning;Check-out Cleaning;2026-09-02;Approved;GRO_254;HKP_188;
tsk_08725;prop_42;book_3593;Laundry;Linen Management;2026-09-02;Canceled;GRO_254;HKP_703;tsk_08724
tsk_08726;prop_35;book_3594;Cleaning;Check-out Cleaning;2026-09-02;Backlog;GRO_390;HKP_877;
tsk_08727;prop_35;book_3594;Laundry;Linen Management;2026-09-02;On Hold;GRO_390;HKP_703;tsk_08726
tsk_08731;prop_67;book_3608;Cleaning;Check-out Cleaning;2026-09-02;Backlog;GRO_831;HKP_922;
tsk_08732;prop_67;book_3608;Laundry;Linen Management;2026-09-02;Scheduled;GRO_831;HKP_922;tsk_08731
tsk_08740;prop_66;book_3573;Cleaning;Check-out Cleaning;2026-09-03;Verified;GRO_390;HKP_466;
tsk_08741;prop_66;book_3573;Laundry;Linen Management;2026-09-03;Reported;GRO_390;MNT_157;tsk_08740
tsk_08746;prop_2;book_3580;Cleaning;Check-out Cleaning;2026-09-03;On Hold;GRO_612;HKP_339;
tsk_08747;prop_2;book_3580;Laundry;Linen Management;2026-09-03;Verified;GRO_612;HKP_416;tsk_08746
tsk_08771;prop_20;book_3605;Cleaning;Check-out Cleaning;2026-09-03;Approved;GRO_612;HKP_293;
tsk_08772;prop_20;book_3605;Laundry;Linen Management;2026-09-03;Verified;GRO_612;HKP_339;tsk_08771
tsk_08778;prop_1;null;Preventive Maintenance;Wall Paint & Baseboard Touch-up;2026-09-03;Canceled;MNG_482;HKP_627;null
tsk_08779;prop_3;null;Preventive Maintenance;Seasonal HVAC Filter Cleaning;2026-09-03;Verified;MNG_482;HKP_102;null
tsk_08781;prop_20;null;Preventive Maintenance;Silicon Seal Integrity Check;2026-09-03;Canceled;MNG_482;MNT_421;null
tsk_08787;prop_61;book_3610;Cleaning;Check-out Cleaning;2026-09-04;In Progress;GRO_254;HKP_781;
tsk_08788;prop_61;book_3610;Laundry;Linen Management;2026-09-04;Invoiced;GRO_254;HKP_599;tsk_08787
tsk_08803;prop_3;book_3631;Cleaning;Check-out Cleaning;2026-09-04;Approved;GRO_254;MNT_683;
tsk_08804;prop_3;book_3631;Laundry;Linen Management;2026-09-04;Verified;GRO_254;HKP_951;tsk_08803
tsk_08811;prop_69;book_3639;Cleaning;Check-out Cleaning;2026-09-04;On Hold;GRO_254;HKP_781;
tsk_08812;prop_69;book_3639;Laundry;Linen Management;2026-09-04;Scheduled;GRO_254;HKP_781;tsk_08811
tsk_08820;prop_42;null;Preventive Maintenance;Wall Paint & Baseboard Touch-up;2026-09-04;On Hold;MNG_482;HKP_877;null
tsk_08822;prop_15;book_3606;Cleaning;Check-out Cleaning;2026-09-05;Completed;GRO_612;HKP_744;
tsk_08823;prop_15;book_3606;Laundry;Linen Management;2026-09-05;Scheduled;GRO_612;HKP_627;tsk_08822
tsk_08834;prop_31;book_3624;Cleaning;Check-out Cleaning;2026-09-05;Backlog;GRO_831;HKP_877;
tsk_08835;prop_31;book_3624;Laundry;Linen Management;2026-09-05;Reported;GRO_831;HKP_305;tsk_08834
tsk_08838;prop_65;book_3628;Cleaning;Check-out Cleaning;2026-09-05;Canceled;GRO_612;HKP_810;
tsk_08839;prop_65;book_3628;Laundry;Linen Management;2026-09-05;Verified;GRO_612;HKP_466;tsk_08838
tsk_08846;prop_40;book_3646;Cleaning;Check-out Cleaning;2026-09-05;Completed;GRO_254;HKP_188;
tsk_08847;prop_40;book_3646;Laundry;Linen Management;2026-09-05;Verified;GRO_254;HKP_188;tsk_08846
tsk_08864;prop_43;book_3647;Cleaning;Check-out Cleaning;2026-09-06;In Progress;GRO_612;HKP_188;
tsk_08865;prop_43;book_3647;Laundry;Linen Management;2026-09-06;In Progress;GRO_612;HKP_552;tsk_08864
tsk_08868;prop_1;book_3656;Cleaning;Check-out Cleaning;2026-09-06;Approved;GRO_254;HKP_744;
tsk_08869;prop_1;book_3656;Laundry;Linen Management;2026-09-06;Canceled;GRO_254;MNT_683;tsk_08868
tsk_08870;prop_35;book_3658;Cleaning;Check-out Cleaning;2026-09-06;Invoiced;GRO_254;HKP_188;
tsk_08871;prop_35;book_3658;Laundry;Linen Management;2026-09-06;In Progress;GRO_254;HKP_552;tsk_08870
tsk_08878;prop_2;book_3676;Cleaning;Check-out Cleaning;2026-09-06;Approved;GRO_612;HKP_951;
tsk_08879;prop_2;book_3676;Laundry;Linen Management;2026-09-06;Invoiced;GRO_612;HKP_293;tsk_08878
tsk_08886;prop_67;null;Preventive Maintenance;Radiator Bleeding & Pressure Check;2026-09-06;On Hold;MNG_482;MNT_157;null
tsk_08893;prop_67;book_3652;Cleaning;Check-out Cleaning;2026-09-07;Reported;GRO_390;MNT_157;
tsk_08894;prop_67;book_3652;Laundry;Linen Management;2026-09-07;Reported;GRO_390;HKP_243;tsk_08893
tsk_08899;prop_20;book_3666;Reactive Maintenance;Emergency Lockout Resolution;2026-09-07;Backlog;GRO_254;HKP_951;null
tsk_08910;prop_61;book_3688;Cleaning;Check-out Cleaning;2026-09-07;Verified;GRO_612;HKP_243;
tsk_08911;prop_61;book_3688;Laundry;Linen Management;2026-09-07;Approved;GRO_612;MNT_157;tsk_08910
tsk_08917;prop_31;book_3705;Cleaning;Check-out Cleaning;2026-09-07;Scheduled;GRO_390;HKP_640;
tsk_08918;prop_31;book_3705;Laundry;Linen Management;2026-09-07;On Hold;GRO_390;HKP_703;tsk_08917
tsk_08919;prop_35;book_3720;Reactive Maintenance;Pest Control First Response;2026-09-07;Verified;GRO_612;HKP_640;null
tsk_08922;prop_66;null;Preventive Maintenance;Battery Replacement Cycle;2026-09-07;Reported;MNG_482;HKP_810;null
tsk_08933;prop_42;book_3657;Cleaning;Check-out Cleaning;2026-09-08;Verified;GRO_390;HKP_703;
tsk_08934;prop_42;book_3657;Laundry;Linen Management;2026-09-08;Approved;GRO_390;HKP_640;tsk_08933
tsk_08935;prop_66;book_3663;Cleaning;Check-out Cleaning;2026-09-08;Scheduled;GRO_831;HKP_466;
tsk_08936;prop_66;book_3663;Laundry;Linen Management;2026-09-08;Scheduled;GRO_831;MNT_157;tsk_08935
tsk_08939;prop_20;book_3666;Cleaning;Check-out Cleaning;2026-09-08;In Progress;GRO_254;HKP_102;
tsk_08940;prop_20;book_3666;Laundry;Linen Management;2026-09-08;Scheduled;GRO_254;HKP_293;tsk_08939
tsk_08952;prop_3;book_3683;Cleaning;Check-out Cleaning;2026-09-08;Verified;GRO_390;HKP_416;
tsk_08953;prop_3;book_3683;Laundry;Linen Management;2026-09-08;Canceled;GRO_390;MNT_683;tsk_08952
tsk_08957;prop_69;book_3690;Cleaning;Check-out Cleaning;2026-09-08;On Hold;GRO_254;HKP_243;
tsk_08958;prop_69;book_3690;Laundry;Linen Management;2026-09-08;Completed;GRO_254;MNT_157;tsk_08957
tsk_08995;prop_40;book_3710;Cleaning;Check-out Cleaning;2026-09-09;Backlog;GRO_254;HKP_703;
tsk_08996;prop_40;book_3710;Laundry;Linen Management;2026-09-09;Verified;GRO_254;HKP_219;tsk_08995
tsk_08997;prop_43;book_3712;Cleaning;Check-out Cleaning;2026-09-09;Backlog;GRO_831;HKP_305;
tsk_08998;prop_43;book_3712;Laundry;Linen Management;2026-09-09;Backlog;GRO_831;HKP_552;tsk_08997
tsk_09010;prop_65;book_3696;Cleaning;Check-out Cleaning;2026-09-10;On Hold;GRO_254;HKP_781;
tsk_09011;prop_65;book_3696;Laundry;Linen Management;2026-09-10;Canceled;GRO_254;HKP_810;tsk_09010
tsk_09020;prop_35;book_3720;Cleaning;Check-out Cleaning;2026-09-10;Canceled;GRO_612;MNT_904;
tsk_09021;prop_35;book_3720;Laundry;Linen Management;2026-09-10;Invoiced;GRO_612;HKP_640;tsk_09020
tsk_09022;prop_2;book_3722;Cleaning;Check-out Cleaning;2026-09-10;Scheduled;GRO_390;MNT_683;
tsk_09023;prop_2;book_3722;Laundry;Linen Management;2026-09-10;Canceled;GRO_390;HKP_744;tsk_09022
tsk_09028;prop_3;book_3751;Cleaning;Check-out Cleaning;2026-09-10;Scheduled;GRO_831;HKP_339;
tsk_09029;prop_3;book_3751;Laundry;Linen Management;2026-09-10;Scheduled;GRO_831;HKP_518;tsk_09028
tsk_09035;prop_15;book_3697;Cleaning;Check-out Cleaning;2026-09-11;Backlog;GRO_831;HKP_416;
tsk_09036;prop_15;book_3697;Laundry;Linen Management;2026-09-11;Backlog;GRO_831;HKP_102;tsk_09035
tsk_09041;prop_1;book_3718;Cleaning;Check-out Cleaning;2026-09-11;Completed;GRO_390;HKP_416;
tsk_09042;prop_1;book_3718;Laundry;Linen Management;2026-09-11;Canceled;GRO_390;HKP_627;tsk_09041
tsk_09047;prop_61;book_3732;Reactive Maintenance;Minor Plumbing Unclogging;2026-09-11;Backlog;GRO_390;HKP_599;null
tsk_09056;prop_66;book_3742;Cleaning;Check-out Cleaning;2026-09-11;Backlog;GRO_390;HKP_466;
tsk_09057;prop_66;book_3742;Laundry;Linen Management;2026-09-11;Approved;GRO_390;HKP_466;tsk_09056
tsk_09058;prop_20;book_3745;Reactive Maintenance;Pest Control First Response;2026-09-11;In Progress;GRO_254;HKP_865;null
tsk_09073;prop_69;null;Preventive Maintenance;Seasonal HVAC Filter Cleaning;2026-09-11;In Progress;MNG_482;HKP_599;null
tsk_09082;prop_67;book_3728;Cleaning;Check-out Cleaning;2026-09-12;Approved;GRO_390;HKP_599;
tsk_09083;prop_67;book_3728;Laundry;Linen Management;2026-09-12;On Hold;GRO_390;HKP_781;tsk_09082
tsk_09088;prop_61;book_3732;Cleaning;Check-out Cleaning;2026-09-12;Invoiced;GRO_390;HKP_134;
tsk_09089;prop_61;book_3732;Laundry;Linen Management;2026-09-12;Reported;GRO_390;HKP_243;tsk_09088
tsk_09092;prop_31;book_3734;Cleaning;Check-out Cleaning;2026-09-12;Backlog;GRO_254;HKP_219;
tsk_09093;prop_31;book_3734;Laundry;Linen Management;2026-09-12;Reported;GRO_254;HKP_703;tsk_09092
tsk_09096;prop_20;book_3745;Cleaning;Check-out Cleaning;2026-09-12;Approved;GRO_254;HKP_518;
tsk_09097;prop_20;book_3745;Laundry;Linen Management;2026-09-12;Approved;GRO_254;HKP_951;tsk_09096
tsk_09108;prop_43;book_3761;Cleaning;Check-out Cleaning;2026-09-12;Reported;GRO_390;MNT_904;
tsk_09109;prop_43;book_3761;Laundry;Linen Management;2026-09-12;Scheduled;GRO_390;HKP_552;tsk_09108
tsk_09121;prop_15;null;Preventive Maintenance;Wall Paint & Baseboard Touch-up;2026-09-12;Verified;MNG_482;HKP_518;null
tsk_09122;prop_43;null;Preventive Maintenance;Window & Balcony Safety Audit;2026-09-12;Scheduled;MNG_482;HKP_552;null
tsk_09130;prop_42;book_3753;Cleaning;Check-out Cleaning;2026-09-13;Verified;GRO_612;HKP_877;
tsk_09131;prop_42;book_3753;Laundry;Linen Management;2026-09-13;Canceled;GRO_612;HKP_219;tsk_09130
tsk_09134;prop_69;book_3758;Cleaning;Check-out Cleaning;2026-09-13;Backlog;GRO_831;HKP_243;
tsk_09135;prop_69;book_3758;Laundry;Linen Management;2026-09-13;Invoiced;GRO_831;HKP_134;tsk_09134
tsk_09181;prop_40;book_3773;Cleaning;Check-out Cleaning;2026-09-14;Completed;GRO_390;HKP_703;
tsk_09182;prop_40;book_3773;Laundry;Linen Management;2026-09-14;Reported;GRO_390;HKP_703;tsk_09181
tsk_09183;prop_15;book_3790;Reactive Maintenance;TV & Smart Entertainment Reset;2026-09-14;Canceled;GRO_831;HKP_293;null
tsk_09184;prop_1;book_3796;Cleaning;Check-out Cleaning;2026-09-14;In Progress;GRO_390;HKP_339;
tsk_09185;prop_1;book_3796;Laundry;Linen Management;2026-09-14;Invoiced;GRO_390;HKP_518;tsk_09184
tsk_09191;prop_67;null;Preventive Maintenance;Wall Paint & Baseboard Touch-up;2026-09-14;Verified;MNG_482;HKP_781;null
tsk_09200;prop_65;book_3779;Cleaning;Check-out Cleaning;2026-09-15;Approved;GRO_390;HKP_781;
tsk_09201;prop_65;book_3779;Laundry;Linen Management;2026-09-15;Backlog;GRO_390;HKP_243;tsk_09200
tsk_09202;prop_3;book_3782;Cleaning;Check-out Cleaning;2026-09-15;Scheduled;GRO_831;HKP_293;
tsk_09203;prop_3;book_3782;Laundry;Linen Management;2026-09-15;Completed;GRO_831;HKP_951;tsk_09202
tsk_09204;prop_3;book_3782;Reactive Maintenance;Bulb & Fuse Replacement;2026-09-15;Verified;GRO_831;HKP_951;null
tsk_09205;prop_35;book_3783;Cleaning;Check-out Cleaning;2026-09-15;Backlog;GRO_254;HKP_877;
tsk_09206;prop_35;book_3783;Laundry;Linen Management;2026-09-15;Completed;GRO_254;HKP_703;tsk_09205
tsk_09219;prop_20;book_3806;Cleaning;Check-out Cleaning;2026-09-15;Verified;GRO_612;HKP_293;
tsk_09220;prop_20;book_3806;Laundry;Linen Management;2026-09-15;In Progress;GRO_612;HKP_416;tsk_09219
tsk_09222;prop_67;book_3813;Cleaning;Check-out Cleaning;2026-09-15;Invoiced;GRO_612;HKP_922;
tsk_09223;prop_67;book_3813;Laundry;Linen Management;2026-09-15;In Progress;GRO_612;HKP_466;tsk_09222
tsk_09228;prop_69;book_3835;Cleaning;Check-out Cleaning;2026-09-15;Backlog;GRO_254;HKP_810;
tsk_09229;prop_69;book_3835;Laundry;Linen Management;2026-09-15;In Progress;GRO_254;HKP_810;tsk_09228
tsk_09234;prop_43;null;Preventive Maintenance;Wall Paint & Baseboard Touch-up;2026-09-15;Scheduled;MNG_482;HKP_188;null
tsk_09235;prop_2;book_3786;Cleaning;Check-out Cleaning;2026-09-16;Verified;GRO_612;HKP_518;
tsk_09236;prop_2;book_3786;Laundry;Linen Management;2026-09-16;In Progress;GRO_612;HKP_744;tsk_09235
tsk_09239;prop_15;book_3790;Cleaning;Check-out Cleaning;2026-09-16;Invoiced;GRO_831;HKP_518;
tsk_09240;prop_15;book_3790;Laundry;Linen Management;2026-09-16;Invoiced;GRO_831;MNT_421;tsk_09239
tsk_09251;prop_31;book_3822;Cleaning;Check-out Cleaning;2026-09-16;Canceled;GRO_831;HKP_552;
tsk_09252;prop_31;book_3822;Laundry;Linen Management;2026-09-16;Backlog;GRO_831;HKP_305;tsk_09251
tsk_09265;prop_69;book_3861;Reactive Maintenance;Water Leak Troubleshooting;2026-09-16;Backlog;GRO_390;HKP_781;null
tsk_09270;prop_15;null;Preventive Maintenance;Wall Paint & Baseboard Touch-up;2026-09-16;Completed;MNG_482;HKP_339;null
tsk_09274;prop_66;book_3789;Reactive Maintenance;Appliance Failure Check;2026-09-17;Canceled;GRO_390;MNT_157;null
tsk_09281;prop_43;book_3803;Cleaning;Check-out Cleaning;2026-09-17;Completed;GRO_612;HKP_640;
tsk_09282;prop_43;book_3803;Laundry;Linen Management;2026-09-17;On Hold;GRO_612;HKP_305;tsk_09281
tsk_09287;prop_61;book_3818;Cleaning;Check-out Cleaning;2026-09-17;Approved;GRO_390;MNT_157;
tsk_09288;prop_61;book_3818;Laundry;Linen Management;2026-09-17;Backlog;GRO_390;HKP_134;tsk_09287
tsk_09303;prop_69;book_3861;Cleaning;Check-out Cleaning;2026-09-17;Canceled;GRO_390;HKP_922;
tsk_09304;prop_69;book_3861;Laundry;Linen Management;2026-09-17;In Progress;GRO_390;HKP_781;tsk_09303
tsk_09309;prop_66;book_3789;Cleaning;Check-out Cleaning;2026-09-18;Verified;GRO_390;HKP_466;
tsk_09310;prop_66;book_3789;Laundry;Linen Management;2026-09-18;Approved;GRO_390;HKP_922;tsk_09309
tsk_09331;prop_42;book_3830;Cleaning;Check-out Cleaning;2026-09-18;In Progress;GRO_254;HKP_552;
tsk_09332;prop_42;book_3830;Laundry;Linen Management;2026-09-18;Reported;GRO_254;HKP_219;tsk_09331
tsk_09337;prop_20;book_3853;Cleaning;Check-out Cleaning;2026-09-18;Backlog;GRO_254;MNT_421;
tsk_09338;prop_20;book_3853;Laundry;Linen Management;2026-09-18;Scheduled;GRO_254;HKP_102;tsk_09337
tsk_09339;prop_67;book_3854;Cleaning;Check-out Cleaning;2026-09-18;Completed;GRO_612;HKP_599;
tsk_09340;prop_67;book_3854;Laundry;Linen Management;2026-09-18;On Hold;GRO_612;HKP_599;tsk_09339
tsk_09355;prop_42;null;Preventive Maintenance;Furniture & Joinery Tightening;2026-09-18;On Hold;MNG_482;MNT_904;null
tsk_09370;prop_35;book_3858;Cleaning;Check-out Cleaning;2026-09-19;Verified;GRO_254;HKP_877;
tsk_09371;prop_35;book_3858;Laundry;Linen Management;2026-09-19;Scheduled;GRO_254;HKP_552;tsk_09370
tsk_09381;prop_35;null;Preventive Maintenance;Drain De-scaling & Chemical Treatment;2026-09-19;Backlog;MNG_482;HKP_703;null
tsk_09383;prop_1;book_3841;Cleaning;Check-out Cleaning;2026-09-20;Approved;GRO_612;HKP_865;
tsk_09384;prop_1;book_3841;Laundry;Linen Management;2026-09-20;Backlog;GRO_612;HKP_744;tsk_09383
tsk_09387;prop_40;book_3848;Cleaning;Check-out Cleaning;2026-09-20;On Hold;GRO_254;HKP_219;
tsk_09388;prop_40;book_3848;Laundry;Linen Management;2026-09-20;Scheduled;GRO_254;HKP_703;tsk_09387
tsk_09397;prop_15;book_3870;Cleaning;Check-out Cleaning;2026-09-20;Reported;GRO_831;HKP_518;
tsk_09398;prop_15;book_3870;Laundry;Linen Management;2026-09-20;Reported;GRO_831;HKP_102;tsk_09397
tsk_09404;prop_2;book_3878;Reactive Maintenance;Minor Plumbing Unclogging;2026-09-20;Backlog;GRO_254;HKP_627;null
tsk_09414;prop_31;null;Preventive Maintenance;Seasonal HVAC Filter Cleaning;2026-09-20;Canceled;MNG_482;HKP_188;null
tsk_09421;prop_65;book_3852;Cleaning;Check-out Cleaning;2026-09-21;Backlog;GRO_612;HKP_781;
tsk_09422;prop_65;book_3852;Laundry;Linen Management;2026-09-21;Completed;GRO_612;HKP_922;tsk_09421
tsk_09440;prop_61;book_3892;Reactive Maintenance;TV & Smart Entertainment Reset;2026-09-21;In Progress;GRO_254;HKP_599;null
tsk_09447;prop_1;null;Preventive Maintenance;Safety Equipment Inspection;2026-09-21;Completed;MNG_482;HKP_518;null
tsk_09448;prop_2;null;Preventive Maintenance;Drain De-scaling & Chemical Treatment;2026-09-21;Reported;MNG_482;HKP_951;null
tsk_09451;prop_3;book_3855;Cleaning;Check-out Cleaning;2026-09-22;Completed;GRO_831;HKP_744;
tsk_09452;prop_3;book_3855;Laundry;Linen Management;2026-09-22;On Hold;GRO_831;HKP_102;tsk_09451
tsk_09459;prop_31;book_3877;Cleaning;Check-out Cleaning;2026-09-22;On Hold;GRO_612;HKP_552;
tsk_09460;prop_31;book_3877;Laundry;Linen Management;2026-09-22;On Hold;GRO_612;MNT_904;tsk_09459
tsk_09461;prop_2;book_3878;Cleaning;Check-out Cleaning;2026-09-22;Scheduled;GRO_254;HKP_518;
tsk_09462;prop_2;book_3878;Laundry;Linen Management;2026-09-22;Canceled;GRO_254;MNT_421;tsk_09461
tsk_09463;prop_43;book_3882;Cleaning;Check-out Cleaning;2026-09-22;Backlog;GRO_254;HKP_219;
tsk_09464;prop_43;book_3882;Laundry;Linen Management;2026-09-22;Canceled;GRO_254;HKP_640;tsk_09463
tsk_09471;prop_61;book_3892;Cleaning;Check-out Cleaning;2026-09-22;Approved;GRO_254;HKP_466;
tsk_09472;prop_61;book_3892;Laundry;Linen Management;2026-09-22;Canceled;GRO_254;HKP_922;tsk_09471
tsk_09478;prop_42;book_3909;Reactive Maintenance;Appliance Failure Check;2026-09-22;Scheduled;GRO_612;HKP_219;null
tsk_09494;prop_35;null;Preventive Maintenance;Wall Paint & Baseboard Touch-up;2026-09-22;Approved;MNG_482;HKP_219;null
tsk_09499;prop_69;book_3893;Cleaning;Check-out Cleaning;2026-09-23;Completed;GRO_390;HKP_599;
tsk_09500;prop_69;book_3893;Laundry;Linen Management;2026-09-23;Invoiced;GRO_390;HKP_134;tsk_09499
tsk_09501;prop_69;book_3893;Reactive Maintenance;Wi-Fi & Network Connectivity Restore;2026-09-23;Approved;GRO_390;HKP_466;null
tsk_09510;prop_20;book_3901;Cleaning;Check-out Cleaning;2026-09-23;In Progress;GRO_390;MNT_683;
tsk_09511;prop_20;book_3901;Laundry;Linen Management;2026-09-23;Completed;GRO_390;MNT_421;tsk_09510
tsk_09524;prop_65;book_3942;Cleaning;Check-out Cleaning;2026-09-23;Reported;GRO_390;HKP_599;
tsk_09525;prop_65;book_3942;Laundry;Linen Management;2026-09-23;Completed;GRO_390;HKP_922;tsk_09524
tsk_09530;prop_43;book_3953;Reactive Maintenance;Appliance Failure Check;2026-09-23;Approved;GRO_390;MNT_904;null
tsk_09532;prop_65;book_3974;Reactive Maintenance;Blinds & Curtains Urgent Repair;2026-09-23;Approved;GRO_831;HKP_922;null
tsk_09540;prop_66;book_3899;Cleaning;Check-out Cleaning;2026-09-24;On Hold;GRO_831;HKP_810;
tsk_09541;prop_66;book_3899;Laundry;Linen Management;2026-09-24;Canceled;GRO_831;HKP_599;tsk_09540
tsk_09542;prop_66;book_3899;Reactive Maintenance;Wi-Fi & Network Connectivity Restore;2026-09-24;Invoiced;GRO_831;HKP_466;null
tsk_09545;prop_67;book_3906;Cleaning;Check-out Cleaning;2026-09-24;Reported;GRO_831;HKP_599;
tsk_09546;prop_67;book_3906;Laundry;Linen Management;2026-09-24;Scheduled;GRO_831;HKP_466;tsk_09545
tsk_09551;prop_35;book_3922;Cleaning;Check-out Cleaning;2026-09-24;Verified;GRO_612;HKP_305;
tsk_09552;prop_35;book_3922;Laundry;Linen Management;2026-09-24;On Hold;GRO_612;HKP_305;tsk_09551
tsk_09555;prop_15;book_3928;Reactive Maintenance;Bulb & Fuse Replacement;2026-09-24;Verified;GRO_831;MNT_683;null
tsk_09563;prop_40;book_3938;Cleaning;Check-out Cleaning;2026-09-24;Approved;GRO_390;HKP_305;
tsk_09564;prop_40;book_3938;Laundry;Linen Management;2026-09-24;Backlog;GRO_390;HKP_219;tsk_09563
tsk_09580;prop_61;book_3964;Cleaning;Check-out Cleaning;2026-09-24;On Hold;GRO_254;HKP_781;
tsk_09581;prop_61;book_3964;Laundry;Linen Management;2026-09-24;Completed;GRO_254;HKP_922;tsk_09580
tsk_09582;prop_2;book_3968;Reactive Maintenance;Minor Plumbing Unclogging;2026-09-24;Completed;GRO_831;HKP_102;null
tsk_09585;prop_61;book_3998;Reactive Maintenance;Wi-Fi & Network Connectivity Restore;2026-09-24;In Progress;GRO_254;HKP_810;null
tsk_09586;prop_20;null;Preventive Maintenance;Silicon Seal Integrity Check;2026-09-24;Reported;MNG_482;HKP_339;null
tsk_09588;prop_40;null;Preventive Maintenance;Window & Balcony Safety Audit;2026-09-24;Verified;MNG_482;HKP_219;null
tsk_09591;prop_42;book_3909;Cleaning;Check-out Cleaning;2026-09-25;Canceled;GRO_612;HKP_640;
tsk_09592;prop_42;book_3909;Laundry;Linen Management;2026-09-25;Scheduled;GRO_612;HKP_640;tsk_09591
tsk_09613;prop_3;book_3958;Cleaning;Check-out Cleaning;2026-09-25;On Hold;GRO_831;HKP_865;
tsk_09614;prop_3;book_3958;Laundry;Linen Management;2026-09-25;Reported;GRO_831;HKP_744;tsk_09613
tsk_09619;prop_67;book_3991;Reactive Maintenance;Appliance Failure Check;2026-09-25;Invoiced;GRO_612;HKP_134;null
tsk_09621;prop_3;book_4010;Reactive Maintenance;TV & Smart Entertainment Reset;2026-09-25;Completed;GRO_254;MNT_421;null
tsk_09625;prop_15;book_3928;Cleaning;Check-out Cleaning;2026-09-26;Approved;GRO_831;HKP_416;
tsk_09626;prop_15;book_3928;Laundry;Linen Management;2026-09-26;Reported;GRO_831;MNT_421;tsk_09625
tsk_09627;prop_1;book_3932;Cleaning;Check-out Cleaning;2026-09-26;Approved;GRO_390;HKP_865;
tsk_09628;prop_1;book_3932;Laundry;Linen Management;2026-09-26;Reported;GRO_390;HKP_744;tsk_09627
tsk_09629;prop_1;book_3932;Reactive Maintenance;Appliance Failure Check;2026-09-26;Backlog;GRO_390;MNT_421;null
tsk_09632;prop_43;book_3953;Cleaning;Check-out Cleaning;2026-09-26;Canceled;GRO_390;HKP_703;
tsk_09633;prop_43;book_3953;Laundry;Linen Management;2026-09-26;Reported;GRO_390;MNT_904;tsk_09632
tsk_09638;prop_31;book_3967;Cleaning;Check-out Cleaning;2026-09-26;Completed;GRO_390;HKP_552;
tsk_09639;prop_31;book_3967;Laundry;Linen Management;2026-09-26;Completed;GRO_390;MNT_904;tsk_09638
tsk_09640;prop_2;book_3968;Cleaning;Check-out Cleaning;2026-09-26;Invoiced;GRO_831;HKP_865;
tsk_09641;prop_2;book_3968;Laundry;Linen Management;2026-09-26;Scheduled;GRO_831;HKP_102;tsk_09640
tsk_09651;prop_61;book_3998;Cleaning;Check-out Cleaning;2026-09-26;Backlog;GRO_254;HKP_781;
tsk_09652;prop_61;book_3998;Laundry;Linen Management;2026-09-26;Approved;GRO_254;HKP_466;tsk_09651
tsk_09653;prop_1;book_4028;Reactive Maintenance;Wi-Fi & Network Connectivity Restore;2026-09-26;In Progress;GRO_390;HKP_865;null
tsk_09658;prop_40;null;Preventive Maintenance;Battery Replacement Cycle;2026-09-26;Approved;MNG_482;HKP_552;null
tsk_09670;prop_65;book_3974;Cleaning;Check-out Cleaning;2026-09-27;Completed;GRO_831;HKP_466;
tsk_09671;prop_65;book_3974;Laundry;Linen Management;2026-09-27;Scheduled;GRO_831;HKP_466;tsk_09670
tsk_09672;prop_20;book_3975;Cleaning;Check-out Cleaning;2026-09-27;Backlog;GRO_831;HKP_339;
tsk_09673;prop_20;book_3975;Laundry;Linen Management;2026-09-27;On Hold;GRO_831;HKP_744;tsk_09672
tsk_09707;prop_67;book_3991;Cleaning;Check-out Cleaning;2026-09-28;Completed;GRO_612;MNT_157;
tsk_09708;prop_67;book_3991;Laundry;Linen Management;2026-09-28;Completed;GRO_612;HKP_599;tsk_09707
tsk_09711;prop_40;book_4004;Cleaning;Check-out Cleaning;2026-09-28;Canceled;GRO_254;HKP_703;
tsk_09712;prop_40;book_4004;Laundry;Linen Management;2026-09-28;Completed;GRO_254;HKP_703;tsk_09711
tsk_09717;prop_3;book_4010;Cleaning;Check-out Cleaning;2026-09-28;Canceled;GRO_254;HKP_102;
tsk_09718;prop_3;book_4010;Laundry;Linen Management;2026-09-28;On Hold;GRO_254;MNT_421;tsk_09717
tsk_09719;prop_42;book_4011;Reactive Maintenance;Pest Control First Response;2026-09-28;Reported;GRO_831;MNT_904;null
tsk_09731;prop_3;book_4052;Reactive Maintenance;Minor Plumbing Unclogging;2026-09-28;On Hold;GRO_831;HKP_416;null
tsk_09737;prop_61;null;Preventive Maintenance;Seasonal HVAC Filter Cleaning;2026-09-28;On Hold;MNG_482;HKP_922;null
tsk_09742;prop_69;book_3982;Cleaning;Check-out Cleaning;2026-09-29;Reported;GRO_612;HKP_810;
tsk_09743;prop_69;book_3982;Laundry;Linen Management;2026-09-29;Reported;GRO_612;HKP_810;tsk_09742
tsk_09760;prop_42;book_4011;Cleaning;Check-out Cleaning;2026-09-29;Completed;GRO_831;HKP_640;
tsk_09761;prop_42;book_4011;Laundry;Linen Management;2026-09-29;In Progress;GRO_831;HKP_703;tsk_09760
tsk_09772;prop_1;book_4028;Cleaning;Check-out Cleaning;2026-09-29;Verified;GRO_390;HKP_102;
tsk_09773;prop_1;book_4028;Laundry;Linen Management;2026-09-29;Canceled;GRO_390;MNT_683;tsk_09772
tsk_09774;prop_40;book_4058;Reactive Maintenance;Appliance Failure Check;2026-09-29;In Progress;GRO_612;HKP_219;null
tsk_09780;prop_66;book_3986;Cleaning;Check-out Cleaning;2026-09-30;Backlog;GRO_831;HKP_134;
tsk_09781;prop_66;book_3986;Laundry;Linen Management;2026-09-30;Scheduled;GRO_831;HKP_466;tsk_09780
tsk_09782;prop_35;book_3996;Cleaning;Check-out Cleaning;2026-09-30;Canceled;GRO_254;MNT_904;
tsk_09783;prop_35;book_3996;Laundry;Linen Management;2026-09-30;Invoiced;GRO_254;HKP_188;tsk_09782
tsk_09790;prop_15;book_4021;Cleaning;Check-out Cleaning;2026-09-30;Verified;GRO_831;HKP_951;
tsk_09791;prop_15;book_4021;Laundry;Linen Management;2026-09-30;Canceled;GRO_831;HKP_293;tsk_09790
tsk_09794;prop_61;book_4029;Cleaning;Check-out Cleaning;2026-09-30;Completed;GRO_612;HKP_466;
tsk_09795;prop_61;book_4029;Laundry;Linen Management;2026-09-30;Verified;GRO_612;HKP_243;tsk_09794
tsk_09796;prop_2;book_4030;Cleaning;Check-out Cleaning;2026-09-30;On Hold;GRO_254;HKP_627;
tsk_09797;prop_2;book_4030;Laundry;Linen Management;2026-09-30;Reported;GRO_254;HKP_416;tsk_09796
tsk_09808;prop_69;book_4072;Reactive Maintenance;Bulb & Fuse Replacement;2026-09-30;Approved;GRO_831;HKP_466;null
tsk_09809;prop_43;book_4020;Cleaning;Check-out Cleaning;2026-10-01;In Progress;GRO_390;HKP_188;
tsk_09810;prop_43;book_4020;Laundry;Linen Management;2026-10-01;Canceled;GRO_390;HKP_877;tsk_09809
tsk_09828;prop_3;book_4052;Cleaning;Check-out Cleaning;2026-10-01;Verified;GRO_831;HKP_339;
tsk_09829;prop_3;book_4052;Laundry;Linen Management;2026-10-01;Backlog;GRO_831;HKP_339;tsk_09828
tsk_09836;prop_31;null;Preventive Maintenance;Drain De-scaling & Chemical Treatment;2026-10-01;Reported;MNG_482;HKP_877;null
tsk_09846;prop_67;book_4051;Cleaning;Check-out Cleaning;2026-10-02;Backlog;GRO_390;HKP_781;
tsk_09847;prop_67;book_4051;Laundry;Linen Management;2026-10-02;Verified;GRO_390;HKP_134;tsk_09846
tsk_09850;prop_40;book_4058;Cleaning;Check-out Cleaning;2026-10-02;On Hold;GRO_612;HKP_188;
tsk_09851;prop_40;book_4058;Laundry;Linen Management;2026-10-02;In Progress;GRO_612;HKP_552;tsk_09850
tsk_09857;prop_42;book_4068;Cleaning;Check-out Cleaning;2026-10-02;Completed;GRO_254;HKP_640;
tsk_09858;prop_42;book_4068;Laundry;Linen Management;2026-10-02;Approved;GRO_254;HKP_305;tsk_09857
tsk_09859;prop_69;book_4072;Cleaning;Check-out Cleaning;2026-10-02;On Hold;GRO_831;HKP_810;
tsk_09860;prop_69;book_4072;Laundry;Linen Management;2026-10-02;Reported;GRO_831;HKP_134;tsk_09859
tsk_09865;prop_2;book_4088;Cleaning;Check-out Cleaning;2026-10-02;Backlog;GRO_390;HKP_518;
tsk_09866;prop_2;book_4088;Laundry;Linen Management;2026-10-02;Canceled;GRO_390;HKP_865;tsk_09865
tsk_09869;prop_20;null;Preventive Maintenance;Furniture & Joinery Tightening;2026-10-02;Completed;MNG_482;HKP_865;null
tsk_09878;prop_20;book_4035;Cleaning;Check-out Cleaning;2026-10-03;Completed;GRO_612;HKP_416;
tsk_09879;prop_20;book_4035;Laundry;Linen Management;2026-10-03;Invoiced;GRO_612;HKP_951;tsk_09878
tsk_09898;prop_15;book_4079;Cleaning;Check-out Cleaning;2026-10-03;In Progress;GRO_612;HKP_627;
tsk_09899;prop_15;book_4079;Laundry;Linen Management;2026-10-03;Reported;GRO_612;HKP_865;tsk_09898
tsk_09909;prop_61;null;Preventive Maintenance;Safety Equipment Inspection;2026-10-03;In Progress;MNG_482;HKP_599;null
tsk_09912;prop_65;book_4034;Cleaning;Check-out Cleaning;2026-10-04;Backlog;GRO_390;HKP_466;
tsk_09913;prop_65;book_4034;Laundry;Linen Management;2026-10-04;Invoiced;GRO_390;HKP_781;tsk_09912
tsk_09927;prop_1;book_4067;Cleaning;Check-out Cleaning;2026-10-04;Completed;GRO_254;HKP_627;
tsk_09928;prop_1;book_4067;Laundry;Linen Management;2026-10-04;Completed;GRO_254;HKP_416;tsk_09927
tsk_09938;prop_43;book_4091;Cleaning;Check-out Cleaning;2026-10-04;Canceled;GRO_254;HKP_188;
tsk_09939;prop_43;book_4091;Laundry;Linen Management;2026-10-04;Backlog;GRO_254;HKP_305;tsk_09938
tsk_09940;prop_67;book_4103;Cleaning;Check-out Cleaning;2026-10-04;Canceled;GRO_390;MNT_157;
tsk_09941;prop_67;book_4103;Laundry;Linen Management;2026-10-04;Approved;GRO_390;HKP_810;tsk_09940
tsk_09944;prop_20;book_4115;Reactive Maintenance;Wi-Fi & Network Connectivity Restore;2026-10-04;Approved;GRO_254;HKP_744;null
tsk_09955;prop_66;book_4078;Cleaning;Check-out Cleaning;2026-10-05;Verified;GRO_254;HKP_922;
tsk_09956;prop_66;book_4078;Laundry;Linen Management;2026-10-05;In Progress;GRO_254;HKP_243;tsk_09955
tsk_09959;prop_35;book_4084;Cleaning;Check-out Cleaning;2026-10-05;Canceled;GRO_254;HKP_552;
tsk_09960;prop_35;book_4084;Laundry;Linen Management;2026-10-05;Completed;GRO_254;MNT_904;tsk_09959
tsk_09961;prop_61;book_4086;Cleaning;Check-out Cleaning;2026-10-05;Reported;GRO_390;HKP_599;
tsk_09962;prop_61;book_4086;Laundry;Linen Management;2026-10-05;Verified;GRO_390;HKP_243;tsk_09961
tsk_09971;prop_20;book_4115;Cleaning;Check-out Cleaning;2026-10-05;Canceled;GRO_254;MNT_683;
tsk_09972;prop_20;book_4115;Laundry;Linen Management;2026-10-05;Scheduled;GRO_254;HKP_102;tsk_09971
tsk_09975;prop_43;null;Preventive Maintenance;Drain De-scaling & Chemical Treatment;2026-10-05;Invoiced;MNG_482;HKP_188;null
tsk_09977;prop_67;null;Preventive Maintenance;Radiator Bleeding & Pressure Check;2026-10-05;Invoiced;MNG_482;HKP_922;null
tsk_09994;prop_2;null;Preventive Maintenance;Battery Replacement Cycle;2026-10-06;Completed;MNG_482;HKP_293;null
tsk_09997;prop_65;null;Preventive Maintenance;Wall Paint & Baseboard Touch-up;2026-10-06;Completed;MNG_482;MNT_157;null
tsk_10000;prop_3;book_4096;Cleaning;Check-out Cleaning;2026-10-07;Verified;GRO_254;HKP_293;
tsk_10001;prop_3;book_4096;Laundry;Linen Management;2026-10-07;Backlog;GRO_254;HKP_293;tsk_10000
tsk_10004;prop_2;book_4109;Cleaning;Check-out Cleaning;2026-10-07;On Hold;GRO_390;HKP_518;
tsk_10005;prop_2;book_4109;Laundry;Linen Management;2026-10-07;Reported;GRO_390;HKP_627;tsk_10004
tsk_10006;prop_40;book_4111;Cleaning;Check-out Cleaning;2026-10-07;Invoiced;GRO_831;HKP_703;
tsk_10007;prop_40;book_4111;Laundry;Linen Management;2026-10-07;On Hold;GRO_831;HKP_305;tsk_10006
tsk_10040;prop_15;book_4116;Cleaning;Check-out Cleaning;2026-10-08;Approved;GRO_390;HKP_102;
tsk_10041;prop_15;book_4116;Laundry;Linen Management;2026-10-08;Scheduled;GRO_390;MNT_421;tsk_10040
tsk_10050;prop_1;book_4136;Cleaning;Check-out Cleaning;2026-10-08;Backlog;GRO_612;HKP_416;
tsk_10051;prop_1;book_4136;Laundry;Linen Management;2026-10-08;Canceled;GRO_612;HKP_293;tsk_10050
tsk_10058;prop_15;null;Preventive Maintenance;Seasonal HVAC Filter Cleaning;2026-10-08;Invoiced;MNG_482;HKP_951;null
tsk_10062;prop_42;book_4106;Cleaning;Check-out Cleaning;2026-10-09;Reported;GRO_254;HKP_703;
tsk_10063;prop_42;book_4106;Laundry;Linen Management;2026-10-09;In Progress;GRO_254;HKP_552;tsk_10062
tsk_10064;prop_69;book_4108;Cleaning;Check-out Cleaning;2026-10-09;Backlog;GRO_612;HKP_810;
tsk_10065;prop_69;book_4108;Laundry;Linen Management;2026-10-09;Scheduled;GRO_612;MNT_157;tsk_10064
tsk_10074;prop_67;book_4134;Cleaning;Check-out Cleaning;2026-10-09;Completed;GRO_254;HKP_134;
tsk_10075;prop_67;book_4134;Laundry;Linen Management;2026-10-09;Canceled;GRO_254;HKP_599;tsk_10074
tsk_10076;prop_20;book_4144;Cleaning;Check-out Cleaning;2026-10-09;Verified;GRO_254;HKP_293;
tsk_10077;prop_20;book_4144;Laundry;Linen Management;2026-10-09;Verified;GRO_254;HKP_293;tsk_10076
tsk_10085;prop_67;book_4192;Reactive Maintenance;Wi-Fi & Network Connectivity Restore;2026-10-09;Approved;GRO_390;HKP_810;null
tsk_10089;prop_65;book_4129;Cleaning;Check-out Cleaning;2026-10-10;Completed;GRO_254;HKP_243;
tsk_10090;prop_65;book_4129;Laundry;Linen Management;2026-10-10;Invoiced;GRO_254;HKP_466;tsk_10089
tsk_10096;prop_3;book_4164;Reactive Maintenance;TV & Smart Entertainment Reset;2026-10-10;Verified;GRO_612;HKP_627;null
tsk_10102;prop_1;book_4180;Cleaning;Check-out Cleaning;2026-10-10;Approved;GRO_612;MNT_421;
tsk_10103;prop_1;book_4180;Laundry;Linen Management;2026-10-10;Approved;GRO_612;HKP_744;tsk_10102
tsk_10108;prop_43;book_4127;Cleaning;Check-out Cleaning;2026-10-11;Completed;GRO_390;HKP_188;
tsk_10109;prop_43;book_4127;Laundry;Linen Management;2026-10-11;Canceled;GRO_390;HKP_877;tsk_10108
tsk_10114;prop_35;book_4148;Cleaning;Check-out Cleaning;2026-10-11;Completed;GRO_390;HKP_640;
tsk_10115;prop_35;book_4148;Laundry;Linen Management;2026-10-11;In Progress;GRO_390;HKP_640;tsk_10114
tsk_10121;prop_3;book_4164;Cleaning;Check-out Cleaning;2026-10-11;Backlog;GRO_612;HKP_627;
tsk_10122;prop_3;book_4164;Laundry;Linen Management;2026-10-11;Approved;GRO_612;HKP_951;tsk_10121
tsk_10123;prop_2;book_4168;Cleaning;Check-out Cleaning;2026-10-11;Backlog;GRO_612;HKP_339;
tsk_10124;prop_2;book_4168;Laundry;Linen Management;2026-10-11;Canceled;GRO_612;HKP_865;tsk_10123
tsk_10125;prop_40;book_4170;Cleaning;Check-out Cleaning;2026-10-11;On Hold;GRO_390;HKP_552;
tsk_10126;prop_40;book_4170;Laundry;Linen Management;2026-10-11;Verified;GRO_390;HKP_703;tsk_10125
tsk_10133;prop_67;book_4192;Cleaning;Check-out Cleaning;2026-10-11;Backlog;GRO_390;HKP_810;
tsk_10134;prop_67;book_4192;Laundry;Linen Management;2026-10-11;On Hold;GRO_390;MNT_157;tsk_10133
tsk_10159;prop_65;book_4199;Reactive Maintenance;Bulb & Fuse Replacement;2026-10-12;Invoiced;GRO_831;HKP_599;null
tsk_10162;prop_3;book_4212;Reactive Maintenance;Pest Control First Response;2026-10-12;Verified;GRO_831;HKP_416;null
tsk_10163;prop_66;book_4142;Cleaning;Check-out Cleaning;2026-10-13;On Hold;GRO_390;MNT_157;
tsk_10164;prop_66;book_4142;Laundry;Linen Management;2026-10-13;Completed;GRO_390;HKP_810;tsk_10163
tsk_10167;prop_61;book_4149;Cleaning;Check-out Cleaning;2026-10-13;On Hold;GRO_254;HKP_922;
tsk_10168;prop_61;book_4149;Laundry;Linen Management;2026-10-13;Canceled;GRO_254;HKP_922;tsk_10167
tsk_10184;prop_65;book_4199;Cleaning;Check-out Cleaning;2026-10-13;Scheduled;GRO_831;MNT_157;
tsk_10185;prop_65;book_4199;Laundry;Linen Management;2026-10-13;Scheduled;GRO_831;HKP_134;tsk_10184
tsk_10188;prop_43;book_4205;Cleaning;Check-out Cleaning;2026-10-13;Approved;GRO_390;HKP_703;
tsk_10189;prop_43;book_4205;Laundry;Linen Management;2026-10-13;Canceled;GRO_390;MNT_904;tsk_10188
tsk_10195;prop_40;null;Preventive Maintenance;Silicon Seal Integrity Check;2026-10-13;Approved;MNG_482;HKP_552;null
tsk_10210;prop_20;book_4188;Cleaning;Check-out Cleaning;2026-10-14;Reported;GRO_831;MNT_421;
tsk_10211;prop_20;book_4188;Laundry;Linen Management;2026-10-14;Completed;GRO_831;HKP_627;tsk_10210
tsk_10216;prop_3;book_4212;Cleaning;Check-out Cleaning;2026-10-14;Scheduled;GRO_831;HKP_518;
tsk_10217;prop_3;book_4212;Laundry;Linen Management;2026-10-14;Invoiced;GRO_831;HKP_627;tsk_10216
tsk_10221;prop_69;null;Preventive Maintenance;Window & Balcony Safety Audit;2026-10-14;Backlog;MNG_482;HKP_781;null
tsk_10222;prop_42;book_4194;Cleaning;Check-out Cleaning;2026-10-15;Verified;GRO_390;HKP_640;
tsk_10223;prop_42;book_4194;Laundry;Linen Management;2026-10-15;Approved;GRO_390;HKP_188;tsk_10222
tsk_10235;prop_2;null;Preventive Maintenance;Radiator Bleeding & Pressure Check;2026-10-15;Backlog;MNG_482;HKP_416;null
tsk_10238;prop_15;book_4174;Cleaning;Check-out Cleaning;2026-10-16;In Progress;GRO_390;HKP_744;
tsk_10239;prop_15;book_4174;Laundry;Linen Management;2026-10-16;Backlog;GRO_390;MNT_421;tsk_10238
tsk_10244;prop_69;book_4196;Cleaning;Check-out Cleaning;2026-10-16;Scheduled;GRO_612;MNT_157;
tsk_10245;prop_69;book_4196;Laundry;Linen Management;2026-10-16;Completed;GRO_612;HKP_810;tsk_10244
tsk_10250;prop_35;book_4213;Cleaning;Check-out Cleaning;2026-10-16;Scheduled;GRO_254;HKP_552;
tsk_10251;prop_35;book_4213;Laundry;Linen Management;2026-10-16;Reported;GRO_254;HKP_552;tsk_10250
tsk_10252;prop_2;book_4215;Cleaning;Check-out Cleaning;2026-10-16;In Progress;GRO_831;HKP_951;
tsk_10253;prop_2;book_4215;Laundry;Linen Management;2026-10-16;In Progress;GRO_831;HKP_518;tsk_10252
tsk_10258;prop_43;book_4227;Reactive Maintenance;Emergency Lockout Resolution;2026-10-16;In Progress;GRO_612;HKP_552;null
tsk_10260;prop_20;book_4241;Cleaning;Check-out Cleaning;2026-10-16;Canceled;GRO_612;HKP_293;
tsk_10261;prop_20;book_4241;Laundry;Linen Management;2026-10-16;Scheduled;GRO_612;HKP_416;tsk_10260
tsk_10262;prop_20;book_4241;Reactive Maintenance;Water Leak Troubleshooting;2026-10-16;Completed;GRO_612;HKP_518;null
tsk_10265;prop_42;null;Preventive Maintenance;Silicon Seal Integrity Check;2026-10-16;Completed;MNG_482;MNT_904;null
tsk_10268;prop_40;book_4216;Cleaning;Check-out Cleaning;2026-10-17;In Progress;GRO_390;HKP_877;
tsk_10269;prop_40;book_4216;Laundry;Linen Management;2026-10-17;On Hold;GRO_390;MNT_904;tsk_10268
tsk_10273;prop_43;book_4227;Cleaning;Check-out Cleaning;2026-10-17;Approved;GRO_612;MNT_904;
tsk_10274;prop_43;book_4227;Laundry;Linen Management;2026-10-17;Verified;GRO_612;HKP_219;tsk_10273
tsk_10275;prop_66;book_4229;Cleaning;Check-out Cleaning;2026-10-17;Backlog;GRO_254;HKP_810;
tsk_10276;prop_66;book_4229;Laundry;Linen Management;2026-10-17;Canceled;GRO_254;HKP_243;tsk_10275
tsk_10286;prop_1;book_4201;Cleaning;Check-out Cleaning;2026-10-18;Invoiced;GRO_390;HKP_293;
tsk_10287;prop_1;book_4201;Laundry;Linen Management;2026-10-18;Verified;GRO_390;MNT_421;tsk_10286
tsk_10308;prop_67;book_4211;Cleaning;Check-out Cleaning;2026-10-19;Reported;GRO_390;HKP_922;
tsk_10309;prop_67;book_4211;Laundry;Linen Management;2026-10-19;Canceled;GRO_390;HKP_781;tsk_10308
tsk_10320;prop_65;book_4232;Cleaning;Check-out Cleaning;2026-10-19;Backlog;GRO_390;HKP_466;
tsk_10321;prop_65;book_4232;Laundry;Linen Management;2026-10-19;Reported;GRO_390;HKP_599;tsk_10320
tsk_10333;prop_15;null;Preventive Maintenance;Battery Replacement Cycle;2026-10-19;Canceled;MNG_482;HKP_293;null
tsk_10343;prop_61;book_4235;Cleaning;Check-out Cleaning;2026-10-20;Invoiced;GRO_612;HKP_466;
tsk_10344;prop_61;book_4235;Laundry;Linen Management;2026-10-20;Verified;GRO_612;HKP_466;tsk_10343
tsk_10345;prop_3;book_4245;Cleaning;Check-out Cleaning;2026-10-20;Scheduled;GRO_612;MNT_421;
tsk_10346;prop_3;book_4245;Laundry;Linen Management;2026-10-20;Completed;GRO_612;HKP_416;tsk_10345
tsk_10355;prop_20;null;Preventive Maintenance;Drain De-scaling & Chemical Treatment;2026-10-20;Reported;MNG_482;HKP_293;null
tsk_10359;prop_67;null;Preventive Maintenance;Battery Replacement Cycle;2026-10-20;On Hold;MNG_482;HKP_243;null
tsk_10368;prop_42;book_4253;Cleaning;Check-out Cleaning;2026-10-21;On Hold;GRO_254;MNT_904;
tsk_10369;prop_42;book_4253;Laundry;Linen Management;2026-10-21;On Hold;GRO_254;HKP_877;tsk_10368
tsk_10372;prop_20;book_4256;Cleaning;Check-out Cleaning;2026-10-21;On Hold;GRO_390;HKP_951;
tsk_10373;prop_20;book_4256;Laundry;Linen Management;2026-10-21;Backlog;GRO_390;HKP_293;tsk_10372
tsk_10376;prop_66;book_4264;Cleaning;Check-out Cleaning;2026-10-21;Canceled;GRO_390;HKP_243;
tsk_10377;prop_66;book_4264;Laundry;Linen Management;2026-10-21;Reported;GRO_390;MNT_157;tsk_10376
tsk_10388;prop_3;null;Preventive Maintenance;Window & Balcony Safety Audit;2026-10-21;Canceled;MNG_482;HKP_518;null
tsk_10395;prop_43;book_4263;Cleaning;Check-out Cleaning;2026-10-22;In Progress;GRO_390;HKP_877;
tsk_10396;prop_43;book_4263;Laundry;Linen Management;2026-10-22;On Hold;GRO_390;HKP_219;tsk_10395
tsk_10399;prop_1;book_4275;Cleaning;Check-out Cleaning;2026-10-22;Approved;GRO_612;HKP_293;
tsk_10400;prop_1;book_4275;Laundry;Linen Management;2026-10-22;In Progress;GRO_612;HKP_865;tsk_10399
tsk_10401;prop_1;book_4275;Reactive Maintenance;Appliance Failure Check;2026-10-22;In Progress;GRO_612;HKP_744;null
tsk_10404;prop_1;null;Preventive Maintenance;Wall Paint & Baseboard Touch-up;2026-10-22;Scheduled;MNG_482;HKP_339;null
tsk_10410;prop_15;book_4257;Cleaning;Check-out Cleaning;2026-10-23;Reported;GRO_612;MNT_683;
tsk_10411;prop_15;book_4257;Laundry;Linen Management;2026-10-23;Scheduled;GRO_612;HKP_102;tsk_10410
tsk_10414;prop_35;book_4259;Cleaning;Check-out Cleaning;2026-10-23;Canceled;GRO_254;HKP_703;
tsk_10415;prop_35;book_4259;Laundry;Linen Management;2026-10-23;Approved;GRO_254;MNT_904;tsk_10414
tsk_10423;prop_67;book_4285;Cleaning;Check-out Cleaning;2026-10-23;Backlog;GRO_390;HKP_243;
tsk_10424;prop_67;book_4285;Laundry;Linen Management;2026-10-23;Completed;GRO_390;HKP_243;tsk_10423
tsk_10430;prop_42;book_4304;Reactive Maintenance;Blinds & Curtains Urgent Repair;2026-10-23;Scheduled;GRO_831;HKP_877;null
tsk_10459;prop_20;book_4299;Cleaning;Check-out Cleaning;2026-10-24;Completed;GRO_612;HKP_627;
tsk_10460;prop_20;book_4299;Laundry;Linen Management;2026-10-24;Completed;GRO_612;HKP_744;tsk_10459
tsk_10469;prop_35;book_4319;Reactive Maintenance;Pest Control First Response;2026-10-24;Scheduled;GRO_831;HKP_552;null
tsk_10479;prop_65;book_4281;Cleaning;Check-out Cleaning;2026-10-25;In Progress;GRO_831;HKP_781;
tsk_10480;prop_65;book_4281;Laundry;Linen Management;2026-10-25;Scheduled;GRO_831;MNT_157;tsk_10479
tsk_10491;prop_42;book_4304;Cleaning;Check-out Cleaning;2026-10-25;Completed;GRO_831;HKP_640;
tsk_10492;prop_42;book_4304;Laundry;Linen Management;2026-10-25;Invoiced;GRO_831;HKP_188;tsk_10491
tsk_10495;prop_35;book_4319;Cleaning;Check-out Cleaning;2026-10-25;Verified;GRO_831;HKP_552;
tsk_10496;prop_35;book_4319;Laundry;Linen Management;2026-10-25;Verified;GRO_831;HKP_877;tsk_10495
tsk_10508;prop_3;book_4292;Cleaning;Check-out Cleaning;2026-10-26;Backlog;GRO_390;MNT_421;
tsk_10509;prop_3;book_4292;Laundry;Linen Management;2026-10-26;In Progress;GRO_390;MNT_683;tsk_10508
tsk_10529;prop_20;book_4327;Cleaning;Check-out Cleaning;2026-10-27;Scheduled;GRO_390;HKP_865;
tsk_10530;prop_20;book_4327;Laundry;Linen Management;2026-10-27;Verified;GRO_390;HKP_865;tsk_10529
tsk_10539;prop_31;null;Preventive Maintenance;Furniture & Joinery Tightening;2026-10-27;Verified;MNG_482;HKP_552;null
tsk_10541;prop_43;null;Preventive Maintenance;Window & Balcony Safety Audit;2026-10-27;Backlog;MNG_482;HKP_552;null
tsk_10545;prop_61;book_4294;Cleaning;Check-out Cleaning;2026-10-28;Canceled;GRO_831;HKP_243;
tsk_10546;prop_61;book_4294;Laundry;Linen Management;2026-10-28;Verified;GRO_831;HKP_466;tsk_10545
tsk_10551;prop_43;book_4308;Cleaning;Check-out Cleaning;2026-10-28;Approved;GRO_831;HKP_188;
tsk_10552;prop_43;book_4308;Laundry;Linen Management;2026-10-28;In Progress;GRO_831;HKP_305;tsk_10551
tsk_10553;prop_1;book_4311;Cleaning;Check-out Cleaning;2026-10-28;Backlog;GRO_831;HKP_293;
tsk_10554;prop_1;book_4311;Laundry;Linen Management;2026-10-28;Reported;GRO_831;HKP_102;tsk_10553
tsk_10555;prop_15;book_4312;Cleaning;Check-out Cleaning;2026-10-28;Backlog;GRO_831;HKP_627;
tsk_10556;prop_15;book_4312;Laundry;Linen Management;2026-10-28;Completed;GRO_831;HKP_339;tsk_10555
tsk_10562;prop_43;book_4362;Reactive Maintenance;Emergency Lockout Resolution;2026-10-28;Canceled;GRO_612;HKP_188;null
tsk_10565;prop_35;null;Preventive Maintenance;Furniture & Joinery Tightening;2026-10-28;Reported;MNG_482;HKP_552;null
tsk_10568;prop_66;null;Preventive Maintenance;Wall Paint & Baseboard Touch-up;2026-10-28;Canceled;MNG_482;HKP_134;null
tsk_10570;prop_66;book_4298;Cleaning;Check-out Cleaning;2026-10-29;Canceled;GRO_612;HKP_599;
tsk_10571;prop_66;book_4298;Laundry;Linen Management;2026-10-29;Reported;GRO_612;HKP_599;tsk_10570
tsk_10572;prop_66;book_4298;Reactive Maintenance;TV & Smart Entertainment Reset;2026-10-29;In Progress;GRO_612;HKP_243;null
tsk_10573;prop_67;book_4317;Cleaning;Check-out Cleaning;2026-10-29;Scheduled;GRO_254;HKP_599;
tsk_10574;prop_67;book_4317;Laundry;Linen Management;2026-10-29;Scheduled;GRO_254;HKP_466;tsk_10573
tsk_10587;prop_42;book_4343;Cleaning;Check-out Cleaning;2026-10-29;Scheduled;GRO_831;HKP_305;
tsk_10588;prop_42;book_4343;Laundry;Linen Management;2026-10-29;Reported;GRO_831;HKP_188;tsk_10587
tsk_10590;prop_3;book_4351;Cleaning;Check-out Cleaning;2026-10-29;Canceled;GRO_390;HKP_627;
tsk_10591;prop_3;book_4351;Laundry;Linen Management;2026-10-29;Reported;GRO_390;HKP_865;tsk_10590
tsk_10594;prop_20;book_4354;Cleaning;Check-out Cleaning;2026-10-29;Reported;GRO_831;HKP_627;
tsk_10595;prop_20;book_4354;Laundry;Linen Management;2026-10-29;Reported;GRO_831;HKP_627;tsk_10594
tsk_10604;prop_65;book_4337;Cleaning;Check-out Cleaning;2026-10-30;Backlog;GRO_612;HKP_466;
tsk_10605;prop_65;book_4337;Laundry;Linen Management;2026-10-30;Backlog;GRO_612;HKP_781;tsk_10604
tsk_10606;prop_65;book_4337;Reactive Maintenance;Appliance Failure Check;2026-10-30;In Progress;GRO_612;HKP_599;null
tsk_10626;prop_43;book_4362;Cleaning;Check-out Cleaning;2026-10-31;Verified;GRO_612;HKP_703;
tsk_10627;prop_43;book_4362;Laundry;Linen Management;2026-10-31;Scheduled;GRO_612;HKP_188;tsk_10626
tsk_10628;prop_1;book_4368;Cleaning;Check-out Cleaning;2026-10-31;Completed;GRO_390;HKP_744;
tsk_10629;prop_1;book_4368;Laundry;Linen Management;2026-10-31;Verified;GRO_390;HKP_951;tsk_10628
tsk_10637;prop_35;book_4344;Cleaning;Check-out Cleaning;2026-11-01;Canceled;GRO_612;HKP_305;
tsk_10638;prop_35;book_4344;Laundry;Linen Management;2026-11-01;Canceled;GRO_612;HKP_877;tsk_10637
tsk_10645;prop_15;book_4364;Cleaning;Check-out Cleaning;2026-11-01;On Hold;GRO_831;MNT_421;
tsk_10646;prop_15;book_4364;Laundry;Linen Management;2026-11-01;Approved;GRO_831;HKP_416;tsk_10645
tsk_10649;prop_65;book_4384;Reactive Maintenance;Appliance Failure Check;2026-11-01;Reported;GRO_390;HKP_466;null
tsk_10652;prop_20;null;Preventive Maintenance;Safety Equipment Inspection;2026-11-01;Backlog;MNG_482;HKP_293;null
tsk_10668;prop_67;book_4376;Cleaning;Check-out Cleaning;2026-11-02;Approved;GRO_390;HKP_599;
tsk_10669;prop_67;book_4376;Laundry;Linen Management;2026-11-02;Approved;GRO_390;HKP_781;tsk_10668
tsk_10672;prop_65;book_4384;Cleaning;Check-out Cleaning;2026-11-02;Backlog;GRO_390;HKP_922;
tsk_10673;prop_65;book_4384;Laundry;Linen Management;2026-11-02;Reported;GRO_390;HKP_922;tsk_10672
tsk_10674;prop_43;book_4389;Cleaning;Check-out Cleaning;2026-11-02;Backlog;GRO_831;HKP_703;
tsk_10675;prop_43;book_4389;Laundry;Linen Management;2026-11-02;Approved;GRO_831;HKP_305;tsk_10674
tsk_10689;prop_61;book_4369;Cleaning;Check-out Cleaning;2026-11-03;In Progress;GRO_254;HKP_599;
tsk_10690;prop_61;book_4369;Laundry;Linen Management;2026-11-03;Reported;GRO_254;HKP_243;tsk_10689
tsk_10694;prop_20;book_4373;Cleaning;Check-out Cleaning;2026-11-03;Canceled;GRO_831;HKP_339;
tsk_10695;prop_20;book_4373;Laundry;Linen Management;2026-11-03;Reported;GRO_831;HKP_744;tsk_10694
tsk_10715;prop_3;book_4377;Cleaning;Check-out Cleaning;2026-11-04;Invoiced;GRO_612;HKP_951;
tsk_10716;prop_3;book_4377;Laundry;Linen Management;2026-11-04;Scheduled;GRO_612;MNT_421;tsk_10715
tsk_10723;prop_35;book_4404;Cleaning;Check-out Cleaning;2026-11-04;Invoiced;GRO_390;HKP_877;
tsk_10724;prop_35;book_4404;Laundry;Linen Management;2026-11-04;In Progress;GRO_390;HKP_219;tsk_10723
tsk_10735;prop_66;book_4370;Cleaning;Check-out Cleaning;2026-11-05;On Hold;GRO_612;HKP_781;
tsk_10736;prop_66;book_4370;Laundry;Linen Management;2026-11-05;Reported;GRO_612;HKP_810;tsk_10735
tsk_10748;prop_65;book_4408;Cleaning;Check-out Cleaning;2026-11-05;Backlog;GRO_831;HKP_599;
tsk_10749;prop_65;book_4408;Laundry;Linen Management;2026-11-05;Reported;GRO_831;HKP_243;tsk_10748
tsk_10760;prop_42;book_4378;Cleaning;Check-out Cleaning;2026-11-06;Scheduled;GRO_831;HKP_305;
tsk_10761;prop_42;book_4378;Laundry;Linen Management;2026-11-06;Invoiced;GRO_831;HKP_305;tsk_10760
tsk_10765;prop_15;book_4398;Cleaning;Check-out Cleaning;2026-11-06;Approved;GRO_254;HKP_951;
tsk_10766;prop_15;book_4398;Laundry;Linen Management;2026-11-06;Reported;GRO_254;HKP_102;tsk_10765
tsk_10779;prop_43;book_4405;Cleaning;Check-out Cleaning;2026-11-07;On Hold;GRO_612;HKP_703;
tsk_10780;prop_43;book_4405;Laundry;Linen Management;2026-11-07;Invoiced;GRO_612;HKP_188;tsk_10779
tsk_10783;prop_61;book_4424;Reactive Maintenance;Pest Control First Response;2026-11-07;Scheduled;GRO_831;HKP_922;null
tsk_10791;prop_3;book_4431;Reactive Maintenance;Pest Control First Response;2026-11-07;Verified;GRO_612;HKP_339;null
tsk_10794;prop_35;book_4435;Cleaning;Check-out Cleaning;2026-11-07;On Hold;GRO_831;HKP_877;
tsk_10795;prop_35;book_4435;Laundry;Linen Management;2026-11-07;On Hold;GRO_831;HKP_877;tsk_10794
tsk_10799;prop_31;null;Preventive Maintenance;Furniture & Joinery Tightening;2026-11-07;Approved;MNG_482;HKP_552;null
tsk_10800;prop_1;book_4394;Cleaning;Check-out Cleaning;2026-11-08;Backlog;GRO_254;HKP_951;
tsk_10801;prop_1;book_4394;Laundry;Linen Management;2026-11-08;On Hold;GRO_254;MNT_421;tsk_10800
tsk_10807;prop_67;book_4413;Cleaning;Check-out Cleaning;2026-11-08;Canceled;GRO_390;HKP_134;
tsk_10808;prop_67;book_4413;Laundry;Linen Management;2026-11-08;Verified;GRO_390;HKP_922;tsk_10807
tsk_10811;prop_3;book_4431;Cleaning;Check-out Cleaning;2026-11-08;In Progress;GRO_612;HKP_416;
tsk_10812;prop_3;book_4431;Laundry;Linen Management;2026-11-08;Reported;GRO_612;HKP_865;tsk_10811
tsk_10817;prop_1;null;Preventive Maintenance;Furniture & Joinery Tightening;2026-11-08;Canceled;MNG_482;MNT_683;null
tsk_10821;prop_65;null;Preventive Maintenance;Silicon Seal Integrity Check;2026-11-08;Completed;MNG_482;HKP_243;null
tsk_10826;prop_61;book_4424;Cleaning;Check-out Cleaning;2026-11-09;Verified;GRO_831;HKP_922;
tsk_10827;prop_61;book_4424;Laundry;Linen Management;2026-11-09;Reported;GRO_831;HKP_810;tsk_10826
tsk_10840;prop_20;book_4419;Cleaning;Check-out Cleaning;2026-11-10;Invoiced;GRO_254;HKP_518;
tsk_10841;prop_20;book_4419;Laundry;Linen Management;2026-11-10;Canceled;GRO_254;HKP_865;tsk_10840
tsk_10842;prop_20;book_4419;Reactive Maintenance;TV & Smart Entertainment Reset;2026-11-10;Verified;GRO_254;HKP_102;null
tsk_10864;prop_66;book_4436;Cleaning;Check-out Cleaning;2026-11-11;Reported;GRO_831;HKP_781;
tsk_10865;prop_66;book_4436;Laundry;Linen Management;2026-11-11;Canceled;GRO_831;HKP_922;tsk_10864
tsk_10866;prop_65;book_4438;Cleaning;Check-out Cleaning;2026-11-11;Backlog;GRO_831;HKP_810;
tsk_10867;prop_65;book_4438;Laundry;Linen Management;2026-11-11;Canceled;GRO_831;HKP_134;tsk_10866
tsk_10877;prop_35;book_4458;Cleaning;Check-out Cleaning;2026-11-11;Scheduled;GRO_831;HKP_877;
tsk_10878;prop_35;book_4458;Laundry;Linen Management;2026-11-11;Backlog;GRO_831;HKP_877;tsk_10877
tsk_10881;prop_2;null;Preventive Maintenance;Safety Equipment Inspection;2026-11-11;Canceled;MNG_482;HKP_951;null
tsk_10884;prop_43;null;Preventive Maintenance;Wall Paint & Baseboard Touch-up;2026-11-11;Backlog;MNG_482;HKP_877;null
tsk_10888;prop_15;book_4444;Cleaning;Check-out Cleaning;2026-11-12;Reported;GRO_612;HKP_102;
tsk_10889;prop_15;book_4444;Laundry;Linen Management;2026-11-12;Invoiced;GRO_612;HKP_293;tsk_10888
tsk_10890;prop_15;book_4444;Reactive Maintenance;Emergency Lockout Resolution;2026-11-12;Reported;GRO_612;MNT_421;null
tsk_10895;prop_42;book_4448;Reactive Maintenance;Minor Plumbing Unclogging;2026-11-12;Approved;GRO_612;HKP_552;null
tsk_10902;prop_20;book_4475;Reactive Maintenance;Emergency Lockout Resolution;2026-11-12;Verified;GRO_612;HKP_627;null
tsk_10905;prop_3;null;Preventive Maintenance;Wall Paint & Baseboard Touch-up;2026-11-12;Verified;MNG_482;HKP_102;null
tsk_10912;prop_3;book_4463;Cleaning;Check-out Cleaning;2026-11-13;Approved;GRO_390;HKP_102;
tsk_10913;prop_3;book_4463;Laundry;Linen Management;2026-11-13;Reported;GRO_390;HKP_416;tsk_10912
tsk_10914;prop_1;book_4466;Cleaning;Check-out Cleaning;2026-11-13;Completed;GRO_254;HKP_865;
tsk_10915;prop_1;book_4466;Laundry;Linen Management;2026-11-13;Canceled;GRO_254;HKP_518;tsk_10914
tsk_10918;prop_61;book_4470;Cleaning;Check-out Cleaning;2026-11-13;Completed;GRO_831;HKP_466;
tsk_10919;prop_61;book_4470;Laundry;Linen Management;2026-11-13;Completed;GRO_831;HKP_599;tsk_10918
tsk_10924;prop_66;book_4482;Cleaning;Check-out Cleaning;2026-11-13;Completed;GRO_254;HKP_599;
tsk_10925;prop_66;book_4482;Laundry;Linen Management;2026-11-13;Scheduled;GRO_254;HKP_810;tsk_10924
tsk_10929;prop_42;book_4448;Cleaning;Check-out Cleaning;2026-11-14;Canceled;GRO_612;HKP_188;
tsk_10930;prop_42;book_4448;Laundry;Linen Management;2026-11-14;On Hold;GRO_612;MNT_904;tsk_10929
tsk_10931;prop_43;book_4450;Cleaning;Check-out Cleaning;2026-11-14;Reported;GRO_254;HKP_552;
tsk_10932;prop_43;book_4450;Laundry;Linen Management;2026-11-14;Scheduled;GRO_254;HKP_188;tsk_10931
tsk_10939;prop_67;book_4462;Reactive Maintenance;Minor Plumbing Unclogging;2026-11-14;Scheduled;GRO_390;HKP_922;null
tsk_10940;prop_20;book_4475;Cleaning;Check-out Cleaning;2026-11-14;On Hold;GRO_612;MNT_421;
tsk_10941;prop_20;book_4475;Laundry;Linen Management;2026-11-14;Canceled;GRO_612;HKP_518;tsk_10940
tsk_10945;prop_15;null;Preventive Maintenance;Battery Replacement Cycle;2026-11-14;Invoiced;MNG_482;HKP_744;null
tsk_10946;prop_20;null;Preventive Maintenance;Radiator Bleeding & Pressure Check;2026-11-14;Reported;MNG_482;HKP_951;null
tsk_10947;prop_40;null;Preventive Maintenance;Safety Equipment Inspection;2026-11-14;Scheduled;MNG_482;HKP_703;null
tsk_10949;prop_66;null;Preventive Maintenance;Safety Equipment Inspection;2026-11-14;Approved;MNG_482;HKP_781;null
tsk_10955;prop_67;book_4462;Cleaning;Check-out Cleaning;2026-11-15;In Progress;GRO_390;MNT_157;
tsk_10956;prop_67;book_4462;Laundry;Linen Management;2026-11-15;Approved;GRO_390;HKP_134;tsk_10955
tsk_10962;prop_31;null;Preventive Maintenance;Drain De-scaling & Chemical Treatment;2026-11-15;Scheduled;MNG_482;HKP_305;null
tsk_10964;prop_67;null;Preventive Maintenance;Silicon Seal Integrity Check;2026-11-15;Scheduled;MNG_482;HKP_134;null
tsk_10975;prop_65;book_4483;Cleaning;Check-out Cleaning;2026-11-16;Backlog;GRO_390;HKP_922;
tsk_10976;prop_65;book_4483;Laundry;Linen Management;2026-11-16;Scheduled;GRO_390;HKP_243;tsk_10975
tsk_10978;prop_35;book_4490;Cleaning;Check-out Cleaning;2026-11-16;Reported;GRO_254;HKP_188;
tsk_10979;prop_35;book_4490;Laundry;Linen Management;2026-11-16;Invoiced;GRO_254;HKP_552;tsk_10978
tsk_10980;prop_3;book_4503;Cleaning;Check-out Cleaning;2026-11-16;Scheduled;GRO_390;MNT_421;
tsk_10981;prop_3;book_4503;Laundry;Linen Management;2026-11-16;Completed;GRO_390;HKP_951;tsk_10980
tsk_10986;prop_61;null;Preventive Maintenance;Wall Paint & Baseboard Touch-up;2026-11-16;Scheduled;MNG_482;HKP_781;null
tsk_11004;prop_61;book_4506;Cleaning;Check-out Cleaning;2026-11-17;Reported;GRO_612;HKP_134;
tsk_11005;prop_61;book_4506;Laundry;Linen Management;2026-11-17;Invoiced;GRO_612;HKP_922;tsk_11004
tsk_11006;prop_20;book_4509;Cleaning;Check-out Cleaning;2026-11-17;Scheduled;GRO_254;HKP_627;
tsk_11007;prop_20;book_4509;Laundry;Linen Management;2026-11-17;Approved;GRO_254;HKP_293;tsk_11006
tsk_11028;prop_42;book_4514;Cleaning;Check-out Cleaning;2026-11-18;In Progress;GRO_254;HKP_219;
tsk_11029;prop_42;book_4514;Laundry;Linen Management;2026-11-18;On Hold;GRO_254;HKP_552;tsk_11028
tsk_11032;prop_65;book_4522;Cleaning;Check-out Cleaning;2026-11-18;Scheduled;GRO_254;HKP_810;
tsk_11033;prop_65;book_4522;Laundry;Linen Management;2026-11-18;Verified;GRO_254;HKP_781;tsk_11032
tsk_11036;prop_35;book_4525;Cleaning;Check-out Cleaning;2026-11-18;Reported;GRO_612;HKP_219;
tsk_11037;prop_35;book_4525;Laundry;Linen Management;2026-11-18;Verified;GRO_612;HKP_188;tsk_11036
tsk_11043;prop_15;book_4491;Cleaning;Check-out Cleaning;2026-11-19;Scheduled;GRO_831;HKP_102;
tsk_11044;prop_15;book_4491;Laundry;Linen Management;2026-11-19;Verified;GRO_831;HKP_518;tsk_11043
tsk_11049;prop_1;book_4504;Cleaning;Check-out Cleaning;2026-11-19;Completed;GRO_254;HKP_102;
tsk_11050;prop_1;book_4504;Laundry;Linen Management;2026-11-19;Completed;GRO_254;HKP_744;tsk_11049
tsk_11060;prop_66;book_4500;Cleaning;Check-out Cleaning;2026-11-20;On Hold;GRO_390;HKP_466;
tsk_11061;prop_66;book_4500;Laundry;Linen Management;2026-11-20;Scheduled;GRO_390;HKP_922;tsk_11060
tsk_11077;prop_15;null;Preventive Maintenance;Wall Paint & Baseboard Touch-up;2026-11-20;Scheduled;MNG_482;MNT_683;null
tsk_11080;prop_43;book_4508;Cleaning;Check-out Cleaning;2026-11-21;Reported;GRO_612;HKP_552;
tsk_11081;prop_43;book_4508;Laundry;Linen Management;2026-11-21;Canceled;GRO_612;HKP_877;tsk_11080
tsk_11096;prop_42;book_4544;Cleaning;Check-out Cleaning;2026-11-21;Completed;GRO_254;HKP_188;
tsk_11097;prop_42;book_4544;Laundry;Linen Management;2026-11-21;Scheduled;GRO_254;HKP_877;tsk_11096
tsk_11105;prop_35;null;Preventive Maintenance;Window & Balcony Safety Audit;2026-11-21;Backlog;MNG_482;HKP_188;null
tsk_11107;prop_67;book_4518;Cleaning;Check-out Cleaning;2026-11-22;Reported;GRO_831;HKP_599;
tsk_11108;prop_67;book_4518;Laundry;Linen Management;2026-11-22;Verified;GRO_831;HKP_781;tsk_11107
tsk_11111;prop_61;book_4537;Cleaning;Check-out Cleaning;2026-11-22;On Hold;GRO_254;HKP_134;
tsk_11112;prop_61;book_4537;Laundry;Linen Management;2026-11-22;Invoiced;GRO_254;HKP_599;tsk_11111
tsk_11113;prop_65;book_4539;Cleaning;Check-out Cleaning;2026-11-22;Completed;GRO_254;HKP_781;
tsk_11114;prop_65;book_4539;Laundry;Linen Management;2026-11-22;Scheduled;GRO_254;HKP_243;tsk_11113
tsk_11117;prop_35;book_4545;Cleaning;Check-out Cleaning;2026-11-22;In Progress;GRO_254;HKP_703;
tsk_11118;prop_35;book_4545;Laundry;Linen Management;2026-11-22;Approved;GRO_254;HKP_640;tsk_11117
tsk_11129;prop_3;book_4524;Cleaning;Check-out Cleaning;2026-11-23;Completed;GRO_612;HKP_865;
tsk_11130;prop_3;book_4524;Laundry;Linen Management;2026-11-23;Approved;GRO_612;HKP_627;tsk_11129
tsk_11137;prop_1;book_4551;Cleaning;Check-out Cleaning;2026-11-23;Invoiced;GRO_254;MNT_421;
tsk_11138;prop_1;book_4551;Laundry;Linen Management;2026-11-23;Backlog;GRO_254;HKP_627;tsk_11137
tsk_11142;prop_42;null;Preventive Maintenance;Wall Paint & Baseboard Touch-up;2026-11-23;Verified;MNG_482;HKP_640;null
tsk_11145;prop_15;book_4547;Reactive Maintenance;Emergency Lockout Resolution;2026-11-24;Invoiced;GRO_831;MNT_683;null
tsk_11148;prop_66;book_4554;Cleaning;Check-out Cleaning;2026-11-24;Reported;GRO_390;HKP_466;
tsk_11149;prop_66;book_4554;Laundry;Linen Management;2026-11-24;In Progress;GRO_390;HKP_134;tsk_11148
tsk_11152;prop_43;book_4563;Cleaning;Check-out Cleaning;2026-11-24;Completed;GRO_831;HKP_640;
tsk_11153;prop_43;book_4563;Laundry;Linen Management;2026-11-24;Verified;GRO_831;HKP_640;tsk_11152
tsk_11158;prop_42;book_4568;Reactive Maintenance;Pest Control First Response;2026-11-24;Canceled;GRO_390;HKP_188;null
tsk_11161;prop_2;null;Preventive Maintenance;Radiator Bleeding & Pressure Check;2026-11-24;Reported;MNG_482;MNT_683;null
tsk_11178;prop_69;null;Preventive Maintenance;Seasonal HVAC Filter Cleaning;2026-11-25;Completed;MNG_482;HKP_243;null
tsk_11181;prop_42;book_4568;Cleaning;Check-out Cleaning;2026-11-26;Verified;GRO_390;HKP_640;
tsk_11182;prop_42;book_4568;Laundry;Linen Management;2026-11-26;Reported;GRO_390;HKP_552;tsk_11181
tsk_11194;prop_65;null;Preventive Maintenance;Furniture & Joinery Tightening;2026-11-26;Canceled;MNG_482;HKP_599;null
tsk_11195;prop_15;book_4547;Cleaning;Check-out Cleaning;2026-11-27;Backlog;GRO_831;HKP_293;
tsk_11196;prop_15;book_4547;Laundry;Linen Management;2026-11-27;Invoiced;GRO_831;HKP_339;tsk_11195
tsk_11205;prop_67;book_4573;Cleaning;Check-out Cleaning;2026-11-27;Scheduled;GRO_831;HKP_599;
tsk_11206;prop_67;book_4573;Laundry;Linen Management;2026-11-27;Scheduled;GRO_831;MNT_157;tsk_11205
tsk_11212;prop_35;null;Preventive Maintenance;Furniture & Joinery Tightening;2026-11-27;On Hold;MNG_482;HKP_877;null
tsk_11220;prop_35;book_4574;Cleaning;Check-out Cleaning;2026-11-28;Completed;GRO_254;HKP_219;
tsk_11221;prop_35;book_4574;Laundry;Linen Management;2026-11-28;Backlog;GRO_254;HKP_640;tsk_11220
tsk_11224;prop_3;book_4582;Cleaning;Check-out Cleaning;2026-11-28;Invoiced;GRO_254;HKP_518;
tsk_11225;prop_3;book_4582;Laundry;Linen Management;2026-11-28;Verified;GRO_254;MNT_683;tsk_11224
tsk_11230;prop_61;book_4575;Cleaning;Check-out Cleaning;2026-11-29;Invoiced;GRO_612;HKP_599;
tsk_11231;prop_61;book_4575;Laundry;Linen Management;2026-11-29;Canceled;GRO_612;MNT_157;tsk_11230
tsk_11234;prop_66;book_4586;Cleaning;Check-out Cleaning;2026-11-29;Scheduled;GRO_831;HKP_922;
tsk_11235;prop_66;book_4586;Laundry;Linen Management;2026-11-29;On Hold;GRO_831;HKP_134;tsk_11234
tsk_11239;prop_65;book_4570;Cleaning;Check-out Cleaning;2026-11-30;Scheduled;GRO_254;HKP_922;
tsk_11240;prop_65;book_4570;Laundry;Linen Management;2026-11-30;In Progress;GRO_254;HKP_599;tsk_11239
tsk_11241;prop_1;book_4583;Cleaning;Check-out Cleaning;2026-11-30;Canceled;GRO_612;HKP_951;
tsk_11242;prop_1;book_4583;Laundry;Linen Management;2026-11-30;Invoiced;GRO_612;MNT_421;tsk_11241
tsk_11243;prop_43;book_4585;Cleaning;Check-out Cleaning;2026-11-30;Invoiced;GRO_612;HKP_305;
tsk_11244;prop_43;book_4585;Laundry;Linen Management;2026-11-30;Approved;GRO_612;HKP_219;tsk_11243
tsk_11283;prop_3;book_4609;Cleaning;Check-out Cleaning;2026-12-02;In Progress;GRO_390;MNT_683;
tsk_11284;prop_3;book_4609;Laundry;Linen Management;2026-12-02;On Hold;GRO_390;MNT_421;tsk_11283
tsk_11287;prop_43;book_4616;Cleaning;Check-out Cleaning;2026-12-02;Reported;GRO_390;HKP_703;
tsk_11288;prop_43;book_4616;Laundry;Linen Management;2026-12-02;In Progress;GRO_390;HKP_305;tsk_11287
tsk_11289;prop_65;book_4618;Cleaning;Check-out Cleaning;2026-12-02;Scheduled;GRO_254;HKP_243;
tsk_11290;prop_65;book_4618;Laundry;Linen Management;2026-12-02;Reported;GRO_254;HKP_922;tsk_11289
tsk_11295;prop_69;null;Preventive Maintenance;Furniture & Joinery Tightening;2026-12-02;Canceled;MNG_482;HKP_810;null
tsk_11299;prop_42;book_4597;Cleaning;Check-out Cleaning;2026-12-03;Verified;GRO_612;HKP_703;
tsk_11300;prop_42;book_4597;Laundry;Linen Management;2026-12-03;On Hold;GRO_612;HKP_640;tsk_11299
tsk_11305;prop_67;book_4604;Cleaning;Check-out Cleaning;2026-12-03;On Hold;GRO_390;MNT_157;
tsk_11306;prop_67;book_4604;Laundry;Linen Management;2026-12-03;In Progress;GRO_390;HKP_781;tsk_11305
tsk_11307;prop_61;book_4614;Cleaning;Check-out Cleaning;2026-12-03;Canceled;GRO_612;HKP_466;
tsk_11308;prop_61;book_4614;Laundry;Linen Management;2026-12-03;On Hold;GRO_612;HKP_781;tsk_11307
tsk_11311;prop_20;null;Preventive Maintenance;Wall Paint & Baseboard Touch-up;2026-12-03;Approved;MNG_482;HKP_865;null
tsk_11312;prop_40;null;Preventive Maintenance;Silicon Seal Integrity Check;2026-12-03;Approved;MNG_482;HKP_640;null
tsk_11313;prop_15;book_4601;Cleaning;Check-out Cleaning;2026-12-04;On Hold;GRO_390;HKP_339;
tsk_11314;prop_15;book_4601;Laundry;Linen Management;2026-12-04;Completed;GRO_390;HKP_518;tsk_11313
tsk_11317;prop_66;book_4612;Cleaning;Check-out Cleaning;2026-12-04;Canceled;GRO_390;HKP_134;
tsk_11318;prop_66;book_4612;Laundry;Linen Management;2026-12-04;Backlog;GRO_390;HKP_466;tsk_11317
tsk_11326;prop_1;book_4623;Cleaning;Check-out Cleaning;2026-12-04;On Hold;GRO_612;HKP_518;
tsk_11327;prop_1;book_4623;Laundry;Linen Management;2026-12-04;Verified;GRO_612;HKP_339;tsk_11326
tsk_11337;prop_61;book_4641;Reactive Maintenance;TV & Smart Entertainment Reset;2026-12-04;Verified;GRO_254;HKP_810;null
tsk_11346;prop_65;book_4634;Cleaning;Check-out Cleaning;2026-12-05;In Progress;GRO_390;HKP_781;
tsk_11347;prop_65;book_4634;Laundry;Linen Management;2026-12-05;Invoiced;GRO_390;HKP_134;tsk_11346
tsk_11350;prop_35;book_4611;Cleaning;Check-out Cleaning;2026-12-06;Invoiced;GRO_612;HKP_877;
tsk_11351;prop_35;book_4611;Laundry;Linen Management;2026-12-06;On Hold;GRO_612;HKP_305;tsk_11350
tsk_11358;prop_43;book_4631;Cleaning;Check-out Cleaning;2026-12-06;In Progress;GRO_612;MNT_904;
tsk_11359;prop_43;book_4631;Laundry;Linen Management;2026-12-06;Scheduled;GRO_612;HKP_552;tsk_11358
tsk_11368;prop_42;book_4640;Cleaning;Check-out Cleaning;2026-12-06;Verified;GRO_612;HKP_188;
tsk_11369;prop_42;book_4640;Laundry;Linen Management;2026-12-06;Approved;GRO_612;MNT_904;tsk_11368
tsk_11370;prop_61;book_4641;Cleaning;Check-out Cleaning;2026-12-06;In Progress;GRO_254;HKP_134;
tsk_11371;prop_61;book_4641;Laundry;Linen Management;2026-12-06;Invoiced;GRO_254;MNT_157;tsk_11370
tsk_11376;prop_1;book_4650;Cleaning;Check-out Cleaning;2026-12-06;Invoiced;GRO_390;MNT_683;
tsk_11377;prop_1;book_4650;Laundry;Linen Management;2026-12-06;On Hold;GRO_390;HKP_744;tsk_11376
tsk_11381;prop_42;book_4668;Reactive Maintenance;Wi-Fi & Network Connectivity Restore;2026-12-06;In Progress;GRO_831;HKP_640;null
tsk_11385;prop_42;null;Preventive Maintenance;Window & Balcony Safety Audit;2026-12-06;Completed;MNG_482;HKP_703;null
tsk_11391;prop_67;book_4639;Cleaning;Check-out Cleaning;2026-12-07;In Progress;GRO_390;HKP_922;
tsk_11392;prop_67;book_4639;Laundry;Linen Management;2026-12-07;Scheduled;GRO_390;HKP_810;tsk_11391
tsk_11393;prop_15;book_4643;Cleaning;Check-out Cleaning;2026-12-07;Verified;GRO_390;HKP_627;
tsk_11394;prop_15;book_4643;Laundry;Linen Management;2026-12-07;Canceled;GRO_390;MNT_421;tsk_11393
tsk_11398;prop_15;null;Preventive Maintenance;Battery Replacement Cycle;2026-12-07;Approved;MNG_482;HKP_627;null
tsk_11402;prop_66;book_4642;Cleaning;Check-out Cleaning;2026-12-08;Approved;GRO_831;HKP_599;
tsk_11403;prop_66;book_4642;Laundry;Linen Management;2026-12-08;Canceled;GRO_831;HKP_243;tsk_11402
tsk_11409;prop_65;book_4655;Cleaning;Check-out Cleaning;2026-12-08;On Hold;GRO_831;HKP_781;
tsk_11410;prop_65;book_4655;Laundry;Linen Management;2026-12-08;Reported;GRO_831;HKP_134;tsk_11409
tsk_11413;prop_67;book_4673;Reactive Maintenance;Wi-Fi & Network Connectivity Restore;2026-12-08;Backlog;GRO_612;MNT_157;null
tsk_11426;prop_43;book_4659;Cleaning;Check-out Cleaning;2026-12-09;Invoiced;GRO_254;HKP_877;
tsk_11427;prop_43;book_4659;Laundry;Linen Management;2026-12-09;Approved;GRO_254;HKP_305;tsk_11426
tsk_11436;prop_42;book_4668;Cleaning;Check-out Cleaning;2026-12-09;Scheduled;GRO_831;MNT_904;
tsk_11437;prop_42;book_4668;Laundry;Linen Management;2026-12-09;Completed;GRO_831;HKP_640;tsk_11436
tsk_11440;prop_31;null;Preventive Maintenance;Seasonal HVAC Filter Cleaning;2026-12-09;On Hold;MNG_482;HKP_703;null
tsk_11442;prop_43;null;Preventive Maintenance;Safety Equipment Inspection;2026-12-09;Scheduled;MNG_482;HKP_552;null
tsk_11452;prop_1;book_4667;Cleaning;Check-out Cleaning;2026-12-10;Verified;GRO_390;HKP_339;
tsk_11453;prop_1;book_4667;Laundry;Linen Management;2026-12-10;On Hold;GRO_390;HKP_102;tsk_11452
tsk_11454;prop_67;book_4673;Cleaning;Check-out Cleaning;2026-12-10;Backlog;GRO_612;HKP_134;
tsk_11455;prop_67;book_4673;Laundry;Linen Management;2026-12-10;Verified;GRO_612;HKP_599;tsk_11454
tsk_11469;prop_61;book_4670;Cleaning;Check-out Cleaning;2026-12-11;Scheduled;GRO_612;HKP_599;
tsk_11470;prop_61;book_4670;Laundry;Linen Management;2026-12-11;Scheduled;GRO_612;HKP_810;tsk_11469
tsk_11471;prop_15;book_4672;Cleaning;Check-out Cleaning;2026-12-11;Scheduled;GRO_254;HKP_518;
tsk_11472;prop_15;book_4672;Laundry;Linen Management;2026-12-11;Invoiced;GRO_254;MNT_421;tsk_11471
tsk_11473;prop_66;book_4675;Reactive Maintenance;Wi-Fi & Network Connectivity Restore;2026-12-11;Approved;GRO_612;HKP_922;null
tsk_11476;prop_15;null;Preventive Maintenance;Silicon Seal Integrity Check;2026-12-11;Scheduled;MNG_482;HKP_293;null
tsk_11484;prop_65;book_4676;Cleaning;Check-out Cleaning;2026-12-12;Reported;GRO_390;HKP_134;
tsk_11485;prop_65;book_4676;Laundry;Linen Management;2026-12-12;Verified;GRO_390;HKP_810;tsk_11484
tsk_11504;prop_35;null;Preventive Maintenance;Wall Paint & Baseboard Touch-up;2026-12-12;Scheduled;MNG_482;HKP_703;null
tsk_11506;prop_66;null;Preventive Maintenance;Window & Balcony Safety Audit;2026-12-12;Scheduled;MNG_482;HKP_922;null
tsk_11507;prop_66;book_4675;Cleaning;Check-out Cleaning;2026-12-13;Backlog;GRO_612;HKP_781;
tsk_11508;prop_66;book_4675;Laundry;Linen Management;2026-12-13;In Progress;GRO_612;HKP_466;tsk_11507
tsk_11511;prop_43;book_4682;Cleaning;Check-out Cleaning;2026-12-13;Invoiced;GRO_254;HKP_305;
tsk_11512;prop_43;book_4682;Laundry;Linen Management;2026-12-13;On Hold;GRO_254;MNT_904;tsk_11511
tsk_11521;prop_1;book_4697;Cleaning;Check-out Cleaning;2026-12-13;Canceled;GRO_254;HKP_518;
tsk_11522;prop_1;book_4697;Laundry;Linen Management;2026-12-13;Backlog;GRO_254;MNT_683;tsk_11521
tsk_11527;prop_35;null;Preventive Maintenance;Window & Balcony Safety Audit;2026-12-13;Completed;MNG_482;HKP_552;null
tsk_11536;prop_42;book_4689;Cleaning;Check-out Cleaning;2026-12-14;On Hold;GRO_390;HKP_703;
tsk_11537;prop_42;book_4689;Laundry;Linen Management;2026-12-14;Completed;GRO_390;HKP_552;tsk_11536
tsk_11543;prop_67;book_4694;Cleaning;Check-out Cleaning;2026-12-14;In Progress;GRO_612;MNT_157;
tsk_11544;prop_67;book_4694;Laundry;Linen Management;2026-12-14;Canceled;GRO_612;HKP_599;tsk_11543
tsk_11554;prop_61;null;Preventive Maintenance;Window & Balcony Safety Audit;2026-12-14;Completed;MNG_482;HKP_599;null
tsk_11557;prop_15;book_4699;Cleaning;Check-out Cleaning;2026-12-15;Verified;GRO_831;HKP_339;
tsk_11558;prop_15;book_4699;Laundry;Linen Management;2026-12-15;Completed;GRO_831;HKP_518;tsk_11557
tsk_11575;prop_61;book_4701;Cleaning;Check-out Cleaning;2026-12-16;Approved;GRO_831;HKP_599;
tsk_11576;prop_61;book_4701;Laundry;Linen Management;2026-12-16;Invoiced;GRO_831;HKP_243;tsk_11575
tsk_11579;prop_65;book_4705;Cleaning;Check-out Cleaning;2026-12-16;Reported;GRO_831;HKP_922;
tsk_11580;prop_65;book_4705;Laundry;Linen Management;2026-12-16;Canceled;GRO_831;HKP_466;tsk_11579
tsk_11589;prop_1;book_4720;Cleaning;Check-out Cleaning;2026-12-16;Scheduled;GRO_612;HKP_339;
tsk_11590;prop_1;book_4720;Laundry;Linen Management;2026-12-16;Invoiced;GRO_612;MNT_683;tsk_11589
tsk_11593;prop_15;book_4730;Reactive Maintenance;Blinds & Curtains Urgent Repair;2026-12-16;Invoiced;GRO_831;HKP_744;null
tsk_11606;prop_43;book_4713;Cleaning;Check-out Cleaning;2026-12-17;Backlog;GRO_390;MNT_904;
tsk_11607;prop_43;book_4713;Laundry;Linen Management;2026-12-17;Backlog;GRO_390;MNT_904;tsk_11606
tsk_11612;prop_67;book_4726;Cleaning;Check-out Cleaning;2026-12-17;Invoiced;GRO_612;HKP_243;
tsk_11613;prop_67;book_4726;Laundry;Linen Management;2026-12-17;Reported;GRO_612;HKP_781;tsk_11612
tsk_11614;prop_42;book_4728;Cleaning;Check-out Cleaning;2026-12-17;On Hold;GRO_612;HKP_305;
tsk_11615;prop_42;book_4728;Laundry;Linen Management;2026-12-17;Canceled;GRO_612;HKP_877;tsk_11614
tsk_11620;prop_66;null;Preventive Maintenance;Wall Paint & Baseboard Touch-up;2026-12-17;Scheduled;MNG_482;HKP_134;null
tsk_11621;prop_66;book_4714;Cleaning;Check-out Cleaning;2026-12-18;Reported;GRO_390;HKP_243;
tsk_11622;prop_66;book_4714;Laundry;Linen Management;2026-12-18;Reported;GRO_390;HKP_466;tsk_11621
tsk_11628;prop_15;book_4730;Cleaning;Check-out Cleaning;2026-12-18;Backlog;GRO_831;HKP_293;
tsk_11629;prop_15;book_4730;Laundry;Linen Management;2026-12-18;Verified;GRO_831;HKP_293;tsk_11628
tsk_11636;prop_65;book_4737;Cleaning;Check-out Cleaning;2026-12-18;Approved;GRO_831;HKP_781;
tsk_11637;prop_65;book_4737;Laundry;Linen Management;2026-12-18;Completed;GRO_831;HKP_810;tsk_11636
tsk_11640;prop_61;book_4742;Reactive Maintenance;Blinds & Curtains Urgent Repair;2026-12-18;Invoiced;GRO_612;HKP_599;null
tsk_11641;prop_3;null;Preventive Maintenance;Radiator Bleeding & Pressure Check;2026-12-18;Approved;MNG_482;HKP_293;null
tsk_11649;prop_1;book_4741;Cleaning;Check-out Cleaning;2026-12-19;Reported;GRO_831;HKP_627;
tsk_11650;prop_1;book_4741;Laundry;Linen Management;2026-12-19;Backlog;GRO_831;HKP_339;tsk_11649
tsk_11651;prop_61;book_4742;Cleaning;Check-out Cleaning;2026-12-19;Reported;GRO_612;HKP_466;
tsk_11652;prop_61;book_4742;Laundry;Linen Management;2026-12-19;Completed;GRO_612;HKP_466;tsk_11651
tsk_11667;prop_42;book_4751;Cleaning;Check-out Cleaning;2026-12-20;Invoiced;GRO_254;HKP_640;
tsk_11668;prop_42;book_4751;Laundry;Linen Management;2026-12-20;Reported;GRO_254;HKP_552;tsk_11667
tsk_11673;prop_1;null;Preventive Maintenance;Silicon Seal Integrity Check;2026-12-20;Backlog;MNG_482;MNT_421;null
tsk_11674;prop_2;null;Preventive Maintenance;Window & Balcony Safety Audit;2026-12-20;Completed;MNG_482;HKP_865;null
tsk_11678;prop_43;book_4744;Cleaning;Check-out Cleaning;2026-12-21;Reported;GRO_390;HKP_219;
tsk_11679;prop_43;book_4744;Laundry;Linen Management;2026-12-21;Completed;GRO_390;HKP_305;tsk_11678
tsk_11684;prop_67;book_4749;Cleaning;Check-out Cleaning;2026-12-21;Completed;GRO_390;HKP_781;
tsk_11685;prop_67;book_4749;Laundry;Linen Management;2026-12-21;Reported;GRO_390;HKP_466;tsk_11684
tsk_11690;prop_66;book_4755;Cleaning;Check-out Cleaning;2026-12-21;Approved;GRO_612;HKP_466;
tsk_11691;prop_66;book_4755;Laundry;Linen Management;2026-12-21;Scheduled;GRO_612;HKP_781;tsk_11690
tsk_11692;prop_65;book_4756;Cleaning;Check-out Cleaning;2026-12-21;Canceled;GRO_831;HKP_781;
tsk_11693;prop_65;book_4756;Laundry;Linen Management;2026-12-21;Scheduled;GRO_831;HKP_599;tsk_11692
tsk_11694;prop_61;book_4766;Reactive Maintenance;Minor Plumbing Unclogging;2026-12-21;Backlog;GRO_390;HKP_243;null
tsk_11695;prop_69;null;Preventive Maintenance;Drain De-scaling & Chemical Treatment;2026-12-21;On Hold;MNG_482;HKP_810;null
tsk_11698;prop_15;book_4757;Cleaning;Check-out Cleaning;2026-12-22;Verified;GRO_612;HKP_102;
tsk_11699;prop_15;book_4757;Laundry;Linen Management;2026-12-22;Backlog;GRO_612;HKP_865;tsk_11698
tsk_11706;prop_1;book_4765;Cleaning;Check-out Cleaning;2026-12-22;Approved;GRO_831;HKP_339;
tsk_11707;prop_1;book_4765;Laundry;Linen Management;2026-12-22;Completed;GRO_831;HKP_518;tsk_11706
tsk_11717;prop_42;null;Preventive Maintenance;Drain De-scaling & Chemical Treatment;2026-12-22;Canceled;MNG_482;HKP_305;null
tsk_11729;prop_61;book_4766;Cleaning;Check-out Cleaning;2026-12-23;Canceled;GRO_390;HKP_599;
tsk_11730;prop_61;book_4766;Laundry;Linen Management;2026-12-23;Canceled;GRO_390;HKP_243;tsk_11729
tsk_11737;prop_42;book_4773;Cleaning;Check-out Cleaning;2026-12-23;In Progress;GRO_254;HKP_640;
tsk_11738;prop_42;book_4773;Laundry;Linen Management;2026-12-23;On Hold;GRO_254;HKP_219;tsk_11737
tsk_11744;prop_66;book_4777;Reactive Maintenance;Wi-Fi & Network Connectivity Restore;2026-12-23;Completed;GRO_612;HKP_781;null
tsk_11747;prop_66;book_4777;Cleaning;Check-out Cleaning;2026-12-24;Invoiced;GRO_612;HKP_243;
tsk_11748;prop_66;book_4777;Laundry;Linen Management;2026-12-24;In Progress;GRO_612;HKP_466;tsk_11747
tsk_11753;prop_67;book_4782;Cleaning;Check-out Cleaning;2026-12-24;In Progress;GRO_612;HKP_781;
tsk_11754;prop_67;book_4782;Laundry;Linen Management;2026-12-24;In Progress;GRO_612;HKP_599;tsk_11753
tsk_11755;prop_67;book_4782;Reactive Maintenance;Water Leak Troubleshooting;2026-12-24;Invoiced;GRO_612;HKP_922;null
tsk_11756;prop_15;book_4786;Cleaning;Check-out Cleaning;2026-12-24;Completed;GRO_254;HKP_518;
tsk_11757;prop_15;book_4786;Laundry;Linen Management;2026-12-24;Reported;GRO_254;HKP_416;tsk_11756
tsk_11760;prop_43;book_4775;Cleaning;Check-out Cleaning;2026-12-25;Reported;GRO_254;HKP_219;
tsk_11761;prop_43;book_4775;Laundry;Linen Management;2026-12-25;Invoiced;GRO_254;MNT_904;tsk_11760
tsk_11762;prop_65;book_4778;Cleaning;Check-out Cleaning;2026-12-25;Approved;GRO_831;HKP_810;
tsk_11763;prop_65;book_4778;Laundry;Linen Management;2026-12-25;Canceled;GRO_831;HKP_466;tsk_11762
tsk_11782;prop_66;book_4804;Reactive Maintenance;Blinds & Curtains Urgent Repair;2026-12-25;Canceled;GRO_390;HKP_243;null
tsk_11783;prop_15;book_4805;Reactive Maintenance;Minor Plumbing Unclogging;2026-12-25;Canceled;GRO_612;HKP_102;null
tsk_11784;prop_1;null;Preventive Maintenance;Radiator Bleeding & Pressure Check;2026-12-25;Backlog;MNG_482;HKP_293;null
tsk_11787;prop_65;null;Preventive Maintenance;Window & Balcony Safety Audit;2026-12-25;Scheduled;MNG_482;HKP_599;null
tsk_11788;prop_1;book_4791;Cleaning;Check-out Cleaning;2026-12-26;In Progress;GRO_390;HKP_627;
tsk_11789;prop_1;book_4791;Laundry;Linen Management;2026-12-26;Completed;GRO_390;MNT_683;tsk_11788
tsk_11794;prop_66;book_4804;Cleaning;Check-out Cleaning;2026-12-26;Backlog;GRO_390;HKP_781;
tsk_11795;prop_66;book_4804;Laundry;Linen Management;2026-12-26;Verified;GRO_390;HKP_810;tsk_11794
tsk_11797;prop_66;book_4821;Reactive Maintenance;Water Leak Troubleshooting;2026-12-26;Completed;GRO_254;MNT_157;null
tsk_11800;prop_65;null;Preventive Maintenance;Radiator Bleeding & Pressure Check;2026-12-26;Invoiced;MNG_482;HKP_810;null
tsk_11814;prop_42;book_4801;Cleaning;Check-out Cleaning;2026-12-27;Verified;GRO_831;HKP_703;
tsk_11815;prop_42;book_4801;Laundry;Linen Management;2026-12-27;Verified;GRO_831;MNT_904;tsk_11814
tsk_11816;prop_61;book_4803;Cleaning;Check-out Cleaning;2026-12-27;Canceled;GRO_612;HKP_599;
tsk_11817;prop_61;book_4803;Laundry;Linen Management;2026-12-27;Canceled;GRO_612;HKP_599;tsk_11816
tsk_11818;prop_15;book_4805;Cleaning;Check-out Cleaning;2026-12-27;Backlog;GRO_612;HKP_865;
tsk_11819;prop_15;book_4805;Laundry;Linen Management;2026-12-27;Approved;GRO_612;MNT_683;tsk_11818
tsk_11824;prop_67;book_4808;Cleaning;Check-out Cleaning;2026-12-27;Invoiced;GRO_254;HKP_134;
tsk_11825;prop_67;book_4808;Laundry;Linen Management;2026-12-27;Backlog;GRO_254;HKP_466;tsk_11824
tsk_11830;prop_40;null;Preventive Maintenance;Safety Equipment Inspection;2026-12-27;Verified;MNG_482;MNT_904;null
tsk_11832;prop_67;null;Preventive Maintenance;Seasonal HVAC Filter Cleaning;2026-12-27;Invoiced;MNG_482;MNT_157;null
tsk_11843;prop_42;book_4835;Reactive Maintenance;Emergency Lockout Resolution;2026-12-28;Backlog;GRO_612;MNT_904;null
tsk_11847;prop_67;null;Preventive Maintenance;Silicon Seal Integrity Check;2026-12-28;Backlog;MNG_482;HKP_781;null
tsk_11850;prop_43;book_4810;Cleaning;Check-out Cleaning;2026-12-29;Backlog;GRO_831;HKP_188;
tsk_11851;prop_43;book_4810;Laundry;Linen Management;2026-12-29;Completed;GRO_831;HKP_188;tsk_11850
tsk_11852;prop_65;book_4811;Cleaning;Check-out Cleaning;2026-12-29;Canceled;GRO_390;HKP_599;
tsk_11853;prop_65;book_4811;Laundry;Linen Management;2026-12-29;On Hold;GRO_390;HKP_922;tsk_11852
tsk_11869;prop_42;book_4835;Cleaning;Check-out Cleaning;2026-12-29;Reported;GRO_612;HKP_703;
tsk_11870;prop_42;book_4835;Laundry;Linen Management;2026-12-29;Completed;GRO_612;HKP_219;tsk_11869
tsk_11875;prop_66;book_4821;Cleaning;Check-out Cleaning;2026-12-30;In Progress;GRO_254;HKP_781;
tsk_11876;prop_66;book_4821;Laundry;Linen Management;2026-12-30;Verified;GRO_254;HKP_922;tsk_11875
tsk_11877;prop_1;book_4823;Cleaning;Check-out Cleaning;2026-12-30;Invoiced;GRO_831;HKP_951;
tsk_11878;prop_1;book_4823;Laundry;Linen Management;2026-12-30;Invoiced;GRO_831;HKP_865;tsk_11877
tsk_11892;prop_15;book_4828;Cleaning;Check-out Cleaning;2026-12-31;Completed;GRO_612;HKP_865;
tsk_11893;prop_15;book_4828;Laundry;Linen Management;2026-12-31;Reported;GRO_612;HKP_627;tsk_11892
tsk_11894;prop_67;book_4832;Cleaning;Check-out Cleaning;2026-12-31;Canceled;GRO_254;MNT_157;
tsk_11895;prop_67;book_4832;Laundry;Linen Management;2026-12-31;Verified;GRO_254;MNT_157;tsk_11894
tsk_11896;prop_61;book_4836;Cleaning;Check-out Cleaning;2026-12-31;Scheduled;GRO_831;HKP_466;
tsk_11897;prop_61;book_4836;Laundry;Linen Management;2026-12-31;Invoiced;GRO_831;HKP_599;tsk_11896
tsk_11913;prop_43;book_4842;Cleaning;Check-out Cleaning;2027-01-01;Completed;GRO_390;HKP_219;
tsk_11914;prop_43;book_4842;Laundry;Linen Management;2027-01-01;Backlog;GRO_390;HKP_703;tsk_11913
tsk_11917;prop_65;book_4844;Cleaning;Check-out Cleaning;2027-01-01;Completed;GRO_254;HKP_599;
tsk_11918;prop_65;book_4844;Laundry;Linen Management;2027-01-01;Backlog;GRO_254;HKP_599;tsk_11917
tsk_11927;prop_42;book_4850;Cleaning;Check-out Cleaning;2027-01-01;Verified;GRO_612;HKP_188;
tsk_11928;prop_42;book_4850;Laundry;Linen Management;2027-01-01;In Progress;GRO_612;HKP_640;tsk_11927
tsk_11933;prop_66;book_4853;Cleaning;Check-out Cleaning;2027-01-01;Canceled;GRO_254;HKP_922;
tsk_11934;prop_66;book_4853;Laundry;Linen Management;2027-01-01;Approved;GRO_254;HKP_466;tsk_11933
tsk_11935;prop_66;book_4853;Reactive Maintenance;Wi-Fi & Network Connectivity Restore;2027-01-01;Backlog;GRO_254;HKP_922;null
tsk_11946;prop_1;book_4858;Cleaning;Check-out Cleaning;2027-01-01;Backlog;GRO_612;HKP_102;
tsk_11947;prop_1;book_4858;Laundry;Linen Management;2027-01-01;In Progress;GRO_612;HKP_293;tsk_11946
tsk_11956;prop_67;book_4862;Cleaning;Check-out Cleaning;2027-01-01;Invoiced;GRO_831;HKP_243;
tsk_11957;prop_67;book_4862;Laundry;Linen Management;2027-01-01;Approved;GRO_831;HKP_134;tsk_11956
tsk_11958;prop_61;book_4863;Cleaning;Check-out Cleaning;2027-01-01;Canceled;GRO_254;HKP_599;
tsk_11959;prop_61;book_4863;Laundry;Linen Management;2027-01-01;Completed;GRO_254;HKP_466;tsk_11958
